date,AAON,AAPL,ABBV,ABNB,ACN,ADBE,ADI,AFRM,ALAB,AMAT,AMD,AMZN,ANET,APP,ARM,ASAN,ASML,AVGO,AXP,BAC,BILL,BKNG,BSX,CARR,CAT,CDNS,CELH,CFLT,CL,CLX,CME,COIN,COP,COST,CRM,CRWD,CRWV,CSCO,CVX,DASH,DDOG,DE,DELL,DKNG,DOCU,DUOL,EOG,ESTC,ETN,FTNT,GE,GIS,GLW,GOOGL,GS,GTLB,HD,HON,HOOD,HUBS,IBM,ICE,INTC,INTU,IOT,IR,ISRG,JCI,JNJ,JPM,KLAC,KMB,KO,LII,LLY,LOW,LRCX,MA,MAR,MCD,MDB,MDLZ,MELI,META,MNDY,MPWR,MRK,MRVL,MS,MSFT,MU,NBIS,NET,NFLX,NKE,NOW,NVDA,NVTS,NXPI,OKTA,ON,ORCL,ORLY,PANW,PATH,PEP,PG,PH,PLTR,POWI,PYPL,QCOM,QLYS,QQQ,RBLX,ROKU,S,SBUX,SE,SHOP,SLB,SMCI,SNOW,SNPS,SOFI,SPOT,SPY,SYK,TEAM,TER,TJX,TMO,TOST,TSLA,TSM,TT,TTD,TWLO,TXN,U,UBER,UNH,UPST,V,VRTX,WDAY,WFC,WMT,XOM,XYZ,ZM,ZS
2026-07-01,116.27069854736328,294.1263427734375,249.28561401367188,147.30999755859375,129.57200622558594,210.97999572753906,387.7984924316406,83.8499984741211,430.8599853515625,650.2146606445312,540.8800048828125,241.6999969482422,166.6199951171875,564.6099853515625,337.4700012207031,7.309999942779541,1840.6595458984375,368.6686706542969,347.04998779296875,58.06375503540039,38.779998779296875,182.19998168945312,43.060001373291016,71.81175994873047,989.57421875,377.7300109863281,31.8700008392334,,92.23125457763672,95.30660247802734,229.92066955566406,159.24000549316406,102.53610229492188,923.2021484375,162.94332885742188,193.18499755859375,85.68499755859375,116.57390594482422,164.25650024414062,188.8699951171875,264.4800109863281,627.6300048828125,424.5484619140625,25.770000457763672,46.02000045776367,121.21499633789062,127.6427001953125,58.45000076293945,411.29803466796875,158.97999572753906,374.47320556640625,37.1273307800293,220.21534729003906,360.97796630859375,1014.6406860351562,31.530000686645508,348.27349853515625,221.0866241455078,108.6500015258789,187.72000122070312,284.2112121582031,126.30999755859375,127.0199966430664,265.9021301269531,34.18000030517578,80.8409194946289,402.3800048828125,144.395751953125,252.73353576660156,332.5718078613281,265.8894958496094,110.11862182617188,80.80780792236328,571.0800170898438,1190.03466796875,220.55691528320312,390.8448181152344,521.565673828125,367.5730285644531,267.5284423828125,359.3800048828125,59.349998474121094,1742.18994140625,612.4266357421875,76.26000213623047,1331.72998046875,124.63431549072266,271.9828796386719,210.7001495361328,383.5579528808594,1032.121337890625,229.17999267578125,246.30999755859375,74.19000244140625,42.60801315307617,105.80000305175781,197.35916137695312,16.530000686645508,277.9293212890625,140.4600067138672,94.62999725341797,142.00596618652344,92.69000244140625,352.0400085449219,11.550000190734863,139.66795349121094,146.33758544921875,961.8727416992188,125.7300033569336,79.93495178222656,43.9614143371582,180.9352569580078,143.44000244140625,724.4151000976562,57.95000076293945,140.50999450683594,17.59000015258789,102.79946899414062,102.33000183105469,121.62999725341797,44.85725021362305,27.649999618530273,261.19000244140625,454.5299987792969,18.440000534057617,472.4800109863281,743.9127197265625,313.3900146484375,83.16999816894531,427.1759033203125,150.87396240234375,512.9368286132812,28.709999084472656,425.29998779296875,443.0414733886719,483.43707275390625,19.149999618530273,209.27999877929688,296.889892578125,30.190000534057617,72.66000366210938,423.92962646484375,35.7400016784668,350.4289855957031,498.010009765625,130.27000427246094,85.44942474365234,108.56010437011719,135.4032440185547,77.12999725341797,90.12999725341797,146.4499969482422
2026-07-02,107.48199462890625,308.3640441894531,259.2248840332031,148.92999267578125,135.71810913085938,219.72000122070312,376.0143737792969,84.58000183105469,406.4200134277344,602.3958129882812,517.8200073242188,242.6699981689453,159.99000549316406,527.0599975585938,315.2799987792969,7.340000152587891,1767.03466796875,359.7948303222656,351.9599914550781,58.43187713623047,40.47999954223633,184.1153564453125,45.13999938964844,69.81893157958984,961.7459106445312,373.1400146484375,33.15999984741211,,94.58773803710938,96.13690948486328,235.4945068359375,165.47999572753906,104.03610229492188,950.1593017578125,165.8182830810547,193.97999572753906,81.74500274658203,112.27000427246094,167.7361297607422,192.00999450683594,260.3599853515625,621.27001953125,393.66949462890625,25.889999389648438,45.77000045776367,125.76000213623047,129.8165740966797,58.040000915527344,397.5418701171875,156.25,377.04998779296875,36.93073272705078,196.42013549804688,359.6788024902344,1016.02392578125,32.06999969482422,355.2818298339844,229.17236328125,112.7300033569336,192.1199951171875,287.4579162597656,132.54925537109375,120.3499984741211,274.13568115234375,35.93000030517578,80.57097625732422,426.010009765625,140.3670196533203,261.74908447265625,332.9700012207031,235.28407287597656,113.35972595214844,83.64089965820312,570.030029296875,1212.1729736328125,226.10264587402344,351.0370788574219,538.4873046875,372.19366455078125,278.6493835449219,354.8800048828125,60.90999984741211,1763.3599853515625,582.4403686523438,79.7699966430664,1288.1600341796875,128.7997283935547,245.2294921875,212.75880432128906,389.7562561035156,975.4099731445312,215.6199951171875,242.41000366210938,77.6500015258789,43.627201080322266,106.31999969482422,194.61224365234375,14.460000038146973,272.1354064941406,141.4199981689453,91.22000122070312,139.78370666503906,90.25,348.05999755859375,11.710000038146973,142.6956024169922,150.28810119628906,960.95458984375,129.3000030517578,72.68534088134766,45.357967376708984,175.2959442138672,148.1199951171875,711.8582153320312,55.40999984741211,142.42999267578125,17.510000228881836,103.6744384765625,103.30000305175781,119.45999908447266,44.89704513549805,27.219999313354492,260.1499938964844,437.1600036621094,18.239999771118164,485.9700012207031,742.9351806640625,326.5400085449219,83.83999633789062,368.9482727050781,153.77481079101562,523.0390625,28.81999969482422,393.45001220703125,432.9983825683594,477.0023193359375,19.100000381469727,209.30999755859375,291.5870361328125,29.31999969482422,74.43000030517578,422.7568359375,34.779998779296875,361.45849609375,528.0399780273438,135.39999389648438,85.0218734741211,111.57289123535156,136.20802307128906,78.83000183105469,87.1449966430664,147.3300018310547
2026-07-06,109.20977020263672,312.3905944824219,252.95945739746094,147.64999389648438,135.33273315429688,218.07000732421875,387.64892578125,85.77999877929688,432.739990234375,592.1567993164062,552.0499877929688,244.16000366210938,173.27999877929688,543.7899780273438,322.239990234375,7.210000038146973,1822.712646484375,373.2203674316406,356.0299987792969,59.59593963623047,40.22999954223633,180.59385681152344,44.599998474121094,69.84882354736328,968.1240234375,375.7699890136719,33.040000915527344,,92.85765838623047,96.12702178955078,233.66310119628906,168.8699951171875,102.89371490478516,948.7415771484375,165.3590850830078,199.3800048828125,86.45999908447266,113.9800033569336,166.64566040039062,188.4600067138672,255.3699951171875,635.239990234375,411.1206359863281,26.209999084472656,46.900001525878906,129.72000122070312,128.4368133544922,58.540000915527344,412.40533447265625,162.35000610351562,378.67999267578125,35.50540542602539,194.4338836669922,366.2245788574219,1050.1468505859375,32.849998474121094,348.0848693847656,230.4884033203125,117.55000305175781,193.83999633789062,297.3866882324219,134.462890625,122.19999694824219,270.9398498535156,37.5099983215332,80.61096954345703,432.8299865722656,142.32156372070312,258.0572509765625,337.7200012207031,233.04660034179688,111.67000579833984,82.46790313720703,568.0,1198.3428955078125,222.40550231933594,349.828369140625,532.2078247070312,378.9798583984375,277.5273742675781,357.9100036621094,59.16999816894531,1805.6800537109375,599.8165893554688,82.5,1346.1300048828125,126.0360336303711,249.20852661132812,220.88409423828125,386.0133056640625,984.75,213.02000427246094,247.5500030517578,76.0199966430664,42.885074615478516,107.93000030517578,195.33143615722656,15.229999542236328,279.2533874511719,148.60000610351562,94.69000244140625,143.2615966796875,84.23999786376953,357.5299987792969,11.829999923706055,141.77542114257812,148.2036590576172,969.4075927734375,132.5399932861328,72.75505065917969,44.97890090942383,185.47056579589844,158.25999450683594,722.067626953125,57.029998779296875,142.25999450683594,18.149999618530273,101.52677917480469,105.0,120.13999938964844,45.48400115966797,27.190000534057617,262.0899963378906,442.2699890136719,18.610000610351562,483.010009765625,749.4190673828125,324.7300109863281,85.5,379.374267578125,150.83409118652344,517.2035522460938,29.479999542236328,419.7699890136719,450.58123779296875,486.0908203125,19.309999465942383,209.0800018310547,301.9539794921875,29.649999618530273,72.41999816894531,415.4319152832031,34.33000183105469,356.5875549316406,529.5900268554688,137.99000549316406,86.95079803466797,110.38573455810547,135.5622100830078,78.91999816894531,84.95999908447266,150.4199981689453
2026-07-07,109.79901885986328,310.3923034667969,252.85023498535156,148.8000030517578,140.45118713378906,221.5399932861328,377.8786926269531,83.62000274658203,382.8900146484375,553.90771484375,516.1099853515625,245.97999572753906,166.4600067138672,527.97998046875,300.42999267578125,7.489999771118164,1745.023193359375,370.1060485839844,349.5799865722656,59.5561408996582,40.68000030517578,181.5116424560547,45.29999923706055,68.42394256591797,938.3792114257812,371.05999755859375,31.700000762939453,,94.48831176757812,96.2851791381836,239.6251220703125,163.50999450683594,107.72151947021484,945.9959716796875,169.2222900390625,194.6199951171875,83.52999877929688,111.79000091552734,172.5045166015625,195.72000122070312,256.80999755859375,603.6099853515625,416.5915832519531,26.90999984741211,47.22999954223633,131.9499969482422,133.5488739013672,59.459999084472656,394.7088623046875,158.6699981689453,366.9800109863281,36.46873092651367,185.03158569335938,366.7942199707031,1037.896728515625,32.59000015258789,342.6846618652344,224.3767547607422,112.9000015258789,205.1999969482422,303.9496154785156,135.99777221679688,110.38999938964844,279.9300231933594,36.34000015258789,78.6914291381836,427.29998779296875,140.2274169921875,265.9284362792969,339.2200012207031,216.22561645507812,113.37948608398438,83.55143737792969,556.9299926757812,1233.7921142578125,219.54318237304688,325.7839050292969,530.7303466796875,379.9778137207031,280.2182312011719,361.32000732421875,60.220001220703125,1813.6099853515625,615.0946044921875,84.0999984741211,1272.81005859375,128.1038360595703,230.64309692382812,220.82440185546875,388.109375,938.3800048828125,195.19000244140625,268.8299865722656,76.18000030517578,42.756439208984375,110.7300033569336,196.7098846435547,13.989999771118164,271.9263610839844,148.47000122070312,91.0999984741211,141.1090850830078,86.6500015258789,337.0400085449219,11.649999618530273,143.44757080078125,151.6181640625,955.58544921875,134.3699951171875,66.5610122680664,45.53752136230469,181.9795684814453,157.5500030517578,708.6915283203125,56.709999084472656,141.2100067138672,18.15999984741211,103.0182113647461,104.2300033569336,121.87999725341797,46.180381774902344,26.25,262.739990234375,436.6300048828125,17.75,493.95001220703125,745.85791015625,329.739990234375,88.38999938964844,342.9782409667969,153.62527465820312,516.2243041992188,29.610000610351562,402.8999938964844,431.41265869140625,474.617919921875,19.18000030517578,211.97000122070312,291.805908203125,29.65999984741211,74.33000183105469,425.56951904296875,33.060001373291016,351.54693603515625,522.25,143.64999389648438,86.68234252929688,111.27361297607422,140.7784423828125,77.55999755859375,85.68000030517578,149.5
2026-07-08,107.8415298461914,313.1199645996094,250.95375061035156,142.9499969482422,135.55999755859375,220.94000244140625,384.2293395996094,81.27999877929688,393.1600036621094,569.890625,517.4099731445312,243.6199951171875,181.0500030517578,522.1799926757812,300.239990234375,7.079999923706055,1766.3656005859375,387.9834899902344,336.3900146484375,58.004058837890625,39.29999923706055,173.87008666992188,44.810001373291016,66.50086212158203,946.324462890625,374.05999755859375,30.600000381469727,,92.50965881347656,92.82559204101562,241.9342803955078,159.36000061035156,109.98641204833984,951.6170043945312,166.28746032714844,191.1199951171875,90.0,113.81999969482422,174.44757080078125,189.35000610351562,261.0899963378906,596.739990234375,431.2573547363281,27.170000076293945,47.220001220703125,127.56999969482422,136.57640075683594,60.08000183105469,398.579345703125,156.7100067138672,356.0299987792969,35.71183395385742,183.6841278076172,361.6875305175781,1024.621826171875,31.739999771118164,333.75048828125,219.70077514648438,113.52999877929688,197.82000732421875,299.898681640625,136.71539306640625,110.23999786376953,270.8999938964844,36.439998626708984,76.69189453125,415.1000061035156,139.8385009765625,262.1072998046875,330.6199951171875,220.93028259277344,109.66407775878906,82.9052963256836,537.760009765625,1214.0902099609375,211.54263305664062,332.79644775390625,518.989990234375,370.40728759765625,276.28619384765625,359.3999938964844,59.47999954223633,1809.3800048828125,602.6444091796875,81.0199966430664,1315.510009765625,125.25067138671875,231.65286254882812,216.87615966796875,382.6197204589844,948.7999877929688,216.47999572753906,273.3999938964844,75.58999633789062,42.439796447753906,107.77999877929688,203.891845703125,13.359999656677246,282.5386047363281,146.77000427246094,93.79000091552734,140.00294494628906,84.9800033569336,320.5899963378906,11.420000076293945,141.00367736816406,147.30039978027344,937.2423706054688,132.22000122070312,66.18260192871094,44.42028045654297,185.55014038085938,153.5399932861328,710.699462890625,55.119998931884766,139.25,17.809999465942383,103.2767333984375,105.30999755859375,119.22000122070312,47.18517303466797,28.170000076293945,261.30999755859375,434.5,17.729999542236328,485.2200012207031,743.5536499023438,326.8500061035156,85.47000122070312,351.4350280761719,152.30943298339844,509.7392883300781,28.56999969482422,394.05999755859375,435.81085205078125,471.17608642578125,19.06999969482422,215.5,299.78509521484375,29.459999084472656,73.5999984741211,422.995361328125,31.809999465942383,346.88555908203125,498.42999267578125,137.8800048828125,85.07158660888672,112.82987976074219,140.2220458984375,76.55000305175781,87.4000015258789,143.5500030517578
2026-07-09,110.1086196899414,315.947509765625,248.1437530517578,146.88999938964844,139.05999755859375,222.64999389648438,392.4443359375,83.77999877929688,417.45001220703125,588.0311889648438,546.719970703125,247.0399932861328,184.69000244140625,520.4299926757812,327.8699951171875,7.369999885559082,1801.9195556640625,400.38092041015625,346.7200012207031,58.94923782348633,40.52000045776367,175.09713745117188,44.9900016784668,67.56702423095703,936.6524047851562,385.95001220703125,30.520000457763672,,90.49122619628906,91.99529266357422,238.58998107910156,158.44000244140625,107.30429077148438,911.520751953125,162.21461486816406,198.39999389648438,89.69999694824219,118.30999755859375,172.54417419433594,192.35000610351562,269.0,592.9000244140625,449.4772644042969,26.290000915527344,48.7599983215332,129.9499969482422,132.5562286376953,62.060001373291016,404.8339538574219,163.72999572753906,359.0400085449219,35.23999786376953,192.0184326171875,358.65948486328125,1050.823486328125,33.86000061035156,336.2520751953125,222.75161743164062,115.11000061035156,205.9499969482422,293.1967468261719,134.66221618652344,112.54000091552734,273.3800048828125,36.9900016784668,77.03182220458984,411.54998779296875,140.13766479492188,257.8283996582031,335.4700012207031,229.26087951660156,108.62652587890625,82.13985443115234,537.5,1215.2086181640625,211.69171142578125,352.79522705078125,523.2000122070312,371.714599609375,274.5386047363281,362.8699951171875,58.29999923706055,1807.8299560546875,630.9819946289062,83.6500015258789,1374.1300048828125,124.33607482910156,243.2100067138672,220.91392517089844,383.6377868652344,991.6400146484375,216.1999969482422,275.79998779296875,75.47000122070312,42.33095169067383,108.83999633789062,202.5533447265625,14.180000305175781,289.23846435546875,148.83999633789062,97.87000274658203,143.72000122070312,85.12000274658203,338.30999755859375,11.800000190734863,136.40283203125,145.7618865966797,947.2621459960938,129.0399932861328,70.53436279296875,45.208335876464844,190.0755157470703,159.38999938964844,722.5271606445312,56.43000030517578,140.25999450683594,18.860000610351562,105.8022232055664,109.11000061035156,123.16999816894531,46.99615478515625,28.239999771118164,267.489990234375,443.3699951171875,18.6200008392334,485.8800048828125,749.8480224609375,327.1099853515625,90.70999908447266,362.6107177734375,150.4253692626953,524.3081665039062,28.850000381469727,406.54998779296875,435.7908935546875,470.8867492675781,19.75,218.60000610351562,306.9583435058594,30.729999542236328,74.3499984741211,429.03814697265625,33.22999954223633,347.5543518066406,496.5,138.33999633789062,86.41388702392578,111.94200897216797,136.57565307617188,77.41999816894531,89.87999725341797,147.1199951171875
2026-07-10,114.01360321044922,315.0483093261719,246.32667541503906,148.6199951171875,135.22999572753906,223.63999938964844,394.4482116699219,83.41999816894531,412.9700012207031,601.8564453125,557.8900146484375,245.33999633789062,186.9600067138672,506.9800109863281,323.3900146484375,7.329999923706055,1794.9984130859375,399.2430114746094,350.5799865722656,59.367103576660156,41.36000061035156,177.96022033691406,44.77000045776367,69.09154510498047,950.6464233398438,384.1700134277344,30.600000381469727,,91.7142105102539,95.44498443603516,239.14736938476562,159.07000732421875,108.31754302978516,914.7955322265625,163.03318786621094,187.17999267578125,88.87999725341797,121.30999755859375,174.87384033203125,191.82000732421875,257.5400085449219,586.8599853515625,434.2524108886719,26.475000381469727,49.18000030517578,124.76000213623047,133.11212158203125,60.2400016784668,406.2803955078125,157.50999450683594,359.2699890136719,36.220001220703125,190.53123474121094,356.9505615234375,1050.037353515625,32.41999816894531,340.78863525390625,225.74264526367188,111.97000122070312,207.47999572753906,285.5118713378906,134.8117218017578,109.83999633789062,274.9599914550781,36.720001220703125,78.83139038085938,406.7799987792969,142.4113006591797,255.7188262939453,336.4700012207031,231.2586212158203,111.07711791992188,82.99475860595703,552.030029296875,1186.879150390625,210.3301239013672,349.9582214355469,526.739990234375,375.34722900390625,272.6619567871094,342.0799865722656,58.83000183105469,1852.219970703125,668.6823120117188,82.47000122070312,1352.739990234375,122.81504821777344,235.80999755859375,221.06309509277344,384.37640380859375,979.2999877929688,219.64999389648438,268.3999938964844,73.37000274658203,43.90426254272461,107.70999908447266,210.72421264648438,13.470000267028809,290.95074462890625,138.6300048828125,95.95999908447266,140.63999938964844,86.27999877929688,325.9100036621094,11.680000305175781,135.9279022216797,145.95046997070312,959.337890625,126.79000091552734,71.7691879272461,46.20587158203125,188.1360626220703,152.69000244140625,724.7548217773438,55.349998474121094,140.69000244140625,17.8799991607666,105.40451049804688,111.13999938964844,122.54000091552734,47.513465881347656,28.309999465942383,261.45001220703125,445.5,18.780000686645508,479.7699890136719,753.0799560546875,329.7799987792969,88.86000061035156,359.4619445800781,150.86398315429688,526.6463012695312,29.31999969482422,407.760009765625,432.9485168457031,478.568603515625,19.530000686645508,214.55999755859375,309.8734130859375,30.889999389648438,74.54000091552734,422.0213623046875,32.7400016784668,348.3229064941406,485.3900146484375,138.9499969482422,86.66246032714844,113.62797546386719,137.9865264892578,77.30000305175781,89.76000213623047,139.27000427246094
2026-07-13,112.04612731933594,317.03656005859375,246.2472381591797,146.3300018310547,138.52000427246094,230.61000061035156,384.8374938964844,81.93000030517578,362.04998779296875,574.775390625,534.3900146484375,247.30999755859375,181.14999389648438,442.8500061035156,298.989990234375,7.690000057220459,1723.8106689453125,383.3519287109375,354.42999267578125,59.197967529296875,42.86000061035156,175.37646484375,44.650001525878906,68.3641586303711,929.7451782226562,377.9200134277344,29.829999923706055,,92.6786880493164,93.95243072509766,243.95480346679688,157.3699951171875,112.102294921875,924.9594116210938,170.9193115234375,187.91000366210938,83.30999755859375,119.25,180.6236572265625,189.57000732421875,260.239990234375,585.6400146484375,426.4053649902344,26.450000762939453,49.869998931884766,132.33999633789062,138.58152770996094,62.43000030517578,401.86126708984375,160.6199951171875,353.4200134277344,36.599998474121094,182.76585388183594,352.2835693359375,1040.8125,33.470001220703125,334.6439208984375,221.5851287841797,109.86000061035156,217.58999633789062,288.1628723144531,137.21372985839844,103.12000274658203,289.760009765625,36.83000183105469,78.54145812988281,407.1199951171875,143.52816772460938,256.5049133300781,334.5299987792969,221.99908447265625,108.8735580444336,83.75025177001953,551.1799926757812,1180.1788330078125,206.42425537109375,329.5699157714844,537.7000122070312,362.1340637207031,270.68597412109375,337.9700012207031,59.86000061035156,1867.300048828125,656.2120971679688,86.83999633789062,1291.3800048828125,123.30217742919922,217.52999877929688,219.87960815429688,390.2553405761719,937.0,210.50999450683594,269.5299987792969,73.83000183105469,43.300662994384766,111.26000213623047,203.30250549316406,12.869999885559082,277.14288330078125,139.52999877929688,90.37000274658203,131.5399932861328,87.27999877929688,330.29998779296875,11.850000381469727,137.0261688232422,147.27061462402344,949.3479614257812,130.0399932861328,69.15016174316406,47.532596588134766,182.98410034179688,151.5399932861328,710.9990844726562,55.029998779296875,142.33999633789062,18.549999237060547,106.7269058227539,110.66000366210938,124.73999786376953,47.115535736083984,27.65999984741211,268.6499938964844,433.82000732421875,18.1299991607666,479.8399963378906,747.3142700195312,331.45001220703125,96.16000366210938,340.97900390625,150.05653381347656,528.105224609375,29.959999084472656,394.760009765625,420.4520263671875,478.76812744140625,19.790000915527344,218.24000549316406,297.0491027832031,30.68000030517578,74.26000213623047,426.4640197753906,31.459999084472656,357.08660888671875,480.25,144.8699951171875,87.16954040527344,114.50586700439453,143.58029174804688,78.72000122070312,91.87999725341797,141.82000732421875
2026-07-14,112.7851791381836,314.58868408203125,243.0500030517578,146.5399932861328,134.55999755859375,220.77999877929688,391.5570068359375,84.44999694824219,361.7799987792969,595.063720703125,548.1300048828125,247.49000549316406,182.57000732421875,448.9800109863281,281.1700134277344,7.460000038146973,1773.3465576171875,388.4027099609375,355.05999755859375,60.31228256225586,41.369998931884766,174.4287567138672,42.630001068115234,69.51004028320312,931.6117553710938,376.79998779296875,30.139999389648438,,90.51111602783203,93.65589141845703,242.4717559814453,161.5,111.12879180908203,920.2868041992188,167.26573181152344,210.72999572753906,79.94000244140625,117.08999633789062,180.18746948242188,187.7899932861328,270.7300109863281,584.4000244140625,456.7851867675781,25.209999084472656,49.380001068115234,128.35000610351562,136.99330139160156,62.31999969482422,414.5001525878906,166.8300018310547,353.7300109863281,36.459999084472656,187.28733825683594,359.2790832519531,1134.4439697265625,32.97999954223633,335.2693176269531,222.0138397216797,113.44999694824219,209.67999267578125,215.52394104003906,137.1539306640625,107.76000213623047,282.42999267578125,36.900001525878906,78.9913558959961,379.5,144.83453369140625,252.60418701171875,342.8900146484375,230.1099090576172,105.55339813232422,82.58719635009766,562.77001953125,1150.890869140625,206.40438842773438,345.73272705078125,538.02001953125,362.45343017578125,267.0419006347656,344.6700134277344,58.79999923706055,1873.8800048828125,660.5186767578125,81.83999633789062,1376.4100341796875,120.07124328613281,222.44000244140625,226.423583984375,384.20672607421875,983.1199951171875,194.08999633789062,281.75,73.52999877929688,42.41011428833008,104.8499984741211,211.5632781982422,13.09000015258789,282.59832763671875,154.6199951171875,93.7300033569336,127.94000244140625,85.75,352.8900146484375,11.9399995803833,134.01829528808594,144.99758911132812,962.6112670898438,133.72000122070312,70.46465301513672,47.25328063964844,177.1359405517578,164.1199951171875,718.9408569335938,54.470001220703125,141.75999450683594,19.920000076293945,105.56359100341797,109.29000091552734,125.68000030517578,47.29460525512695,27.649999618530273,275.94000244140625,425.8999938964844,18.549999237060547,481.05999755859375,749.9677124023438,311.07000732421875,89.08000183105469,353.0943908691406,149.8671417236328,533.6609497070312,30.0,396.17999267578125,419.2652587890625,482.4095153808594,18.940000534057617,217.8300018310547,303.9935302734375,31.75,72.08000183105469,422.587890625,31.719999313354492,355.3598327636719,476.30999755859375,139.80999755859375,84.80313110351562,113.4284439086914,144.15655517578125,79.98999786376953,91.1500015258789,152.08999633789062
2026-07-15,112.96495056152344,327.2178039550781,244.11000061035156,148.3800048828125,137.02000427246094,224.55999755859375,389.7724304199219,81.70999908447266,350.6199951171875,578.81103515625,529.1400146484375,254.9600067138672,171.9199981689453,452.7300109863281,277.010009765625,7.539999961853027,1812.9254150390625,393.5633239746094,358.44000244140625,61.27735900878906,44.630001068115234,182.35960388183594,43.040000915527344,68.49369049072266,912.6069946289062,371.5,30.209999084472656,,90.9486083984375,95.83048248291016,244.03440856933594,167.2100067138672,110.72150421142578,915.0850830078125,166.7067108154297,206.77000427246094,77.12000274658203,111.7699966430664,180.02886962890625,190.16000366210938,264.4599914550781,589.47998046875,411.9991760253906,25.25,51.15999984741211,131.22000122070312,136.45729064941406,62.2400016784668,411.8466796875,164.50999450683594,360.3500061035156,37.220001220703125,174.08221435546875,370.6817626953125,1146.455078125,32.83000183105469,338.9422607421875,222.17335510253906,115.54000091552734,215.3300018310547,209.69573974609375,139.3765411376953,102.98999786376953,279.70001220703125,36.43000030517578,79.12132263183594,388.9700012207031,142.36143493652344,245.8076934814453,346.9100036621094,224.24655151367188,105.26683807373047,81.96092224121094,548.6699829101562,1154.9749755859375,208.37222290039062,335.07403564453125,535.2100219726562,368.3015441894531,263.080078125,333.0400085449219,58.720001220703125,1843.18994140625,680.7727661132812,80.70999908447266,1352.6600341796875,122.8846435546875,206.25999450683594,227.2987823486328,394.8866271972656,904.280029296875,199.50999450683594,273.0400085449219,73.68000030517578,42.3210563659668,104.7300033569336,212.26248168945312,13.270000457763672,277.7601013183594,150.86000061035156,92.54000091552734,132.49000549316406,82.7300033569336,354.0199890136719,11.949999809265137,133.9688262939453,146.9530029296875,951.0346069335938,133.75999450683594,70.72356414794922,55.383201599121094,177.01658630371094,159.32000732421875,716.9928588867188,57.06999969482422,143.32000732421875,19.579999923706055,104.5096435546875,111.36000061035156,123.55000305175781,47.30455017089844,26.889999389648438,271.8699951171875,425.2799987792969,17.8700008392334,485.3800048828125,752.9403076171875,316.44000244140625,91.7699966430664,341.9886169433594,150.4951629638672,534.8800048828125,30.389999389648438,394.4599914550781,418.357666015625,479.06744384765625,19.3700008392334,211.5399932861328,299.6557312011719,31.270000457763672,72.66999816894531,415.95867919921875,31.59000015258789,354.4814758300781,477.0799865722656,141.82000732421875,87.01045989990234,112.26124572753906,143.58029174804688,81.80999755859375,92.5999984741211,148.19000244140625
2026-07-16,113.0548324584961,332.97283935546875,254.38999938964844,147.8000030517578,144.61000061035156,235.30999755859375,379.3741455078125,79.83999633789062,319.739990234375,560.330810546875,500.94000244140625,249.88999938964844,168.55999755859375,434.4800109863281,262.010009765625,7.639999866485596,1782.5645751953125,373.7694091796875,361.57000732421875,61.1778678894043,44.65999984741211,184.1652374267578,44.619998931884766,69.09154510498047,875.5457763671875,364.6499938964844,29.979999542236328,,93.53378295898438,97.57015991210938,245.11932373046875,160.49000549316406,112.09236145019531,944.0690307617188,172.37673950195312,203.75999450683594,72.91000366210938,109.66000366210938,182.26930236816406,186.36000061035156,262.32000732421875,598.969970703125,390.7343444824219,24.84000015258789,53.380001068115234,128.94000244140625,137.44000244140625,62.11000061035156,395.2973937988281,160.77999877929688,345.7300109863281,38.70000076293945,158.09231567382812,354.2322998046875,1090.1209716796875,31.7549991607666,345.4740905761719,225.65292358398438,106.0199966430664,224.57000732421875,217.48983764648438,141.29017639160156,96.9800033569336,294.7900085449219,37.459999084472656,84.75999450683594,402.3299865722656,140.86563110351562,248.7432098388672,343.1499938964844,219.12232971191406,107.69766998291016,84.41627502441406,558.5700073242188,1167.4970703125,214.83230590820312,320.619384765625,551.5399780273438,370.3873291015625,271.5299987792969,328.6000061035156,61.41999816894531,1857.4200439453125,664.0159301757812,79.02999877929688,1305.6500244140625,126.88105010986328,188.3000030517578,217.17449951171875,400.3463439941406,853.2000122070312,171.77000427246094,272.4599914550781,74.3499984741211,44.1021614074707,104.01000213623047,207.16818237304688,11.755000114440918,269.447509765625,147.74000549316406,88.12000274658203,124.20999908447266,86.25,353.989990234375,12.029999732971191,137.9562225341797,150.37742614746094,956.4137573242188,134.44000244140625,69.54849243164062,56.5902214050293,169.6864776611328,157.55999755859375,705.2051391601562,54.0099983215332,143.82000732421875,19.6299991607666,107.75102996826172,106.22000122070312,125.05999755859375,46.836978912353516,24.68000030517578,270.0199890136719,417.0299987792969,17.31999969482422,476.0799865722656,748.8604125976562,331.20001220703125,92.36000061035156,322.1762390136719,154.30313110351562,542.7739868164062,30.329999923706055,391.05999755859375,408.6437072753906,473.87969970703125,19.1200008392334,206.6999969482422,289.7365417480469,30.190000534057617,74.04000091552734,420.7889709472656,30.8799991607666,364.4629211425781,486.0299987792969,145.42999267578125,87.5672607421875,114.67546081542969,145.0110321044922,81.5199966430664,92.91999816894531,146.42999267578125
2026-07-17,111.27711486816406,333.452392578125,254.49000549316406,145.97999572753906,143.57000732421875,237.25,374.2198181152344,76.06999969482422,303.6199951171875,529.0941772460938,495.760009765625,247.22999572753906,168.61000061035156,424.5400085449219,267.19000244140625,7.690000057220459,1745.32275390625,370.15594482421875,355.3500061035156,60.958984375,44.709999084472656,181.24227905273438,44.029998779296875,68.44387817382812,878.6500244140625,330.1099853515625,28.989999771118164,,92.45000457763672,95.207763671875,243.905029296875,157.1199951171875,113.9499740600586,939.37646484375,170.4700927734375,203.0800018310547,73.20999908447266,111.94000244140625,185.75885009765625,184.13999938964844,258.69000244140625,597.239990234375,395.6861267089844,24.940000534057617,52.7400016784668,133.85000610351562,139.88999938964844,61.59000015258789,399.0082702636719,161.61000061035156,348.8299865722656,37.970001220703125,154.3194122314453,346.5472412109375,1060.0283203125,32.720001220703125,336.39105224609375,224.3468475341797,99.95999908447266,224.25999450683594,211.1552734375,139.18716430664062,95.04000091552734,291.0899963378906,38.31999969482422,82.22058868408203,345.4200134277344,140.06787109375,251.7981414794922,341.1000061035156,212.5098114013672,107.06525421142578,81.07620239257812,543.9299926757812,1177.4227294921875,207.44793701171875,312.9674987792969,543.5999755859375,365.4972229003906,265.820556640625,312.3299865722656,61.0,1813.9100341796875,645.5006103515625,78.69000244140625,1312.0,126.75181579589844,188.67999267578125,214.32022094726562,393.08001708984375,848.9500122070312,177.7100067138672,277.6600036621094,68.94999694824219,43.300662994384766,103.23999786376953,202.58331298828125,11.460000038146973,265.33599853515625,149.35000610351562,87.37000274658203,126.41000366210938,86.05000305175781,358.67999267578125,12.149999618530273,135.67063903808594,148.86868286132812,951.2940673828125,132.3800048828125,70.15594482421875,56.4206428527832,170.8501434326172,159.42999267578125,694.606201171875,51.68000030517578,144.42999267578125,19.56999969482422,104.8874740600586,104.05000305175781,123.55999755859375,46.74744415283203,24.18000030517578,268.8999938964844,384.2799987792969,17.280000686645508,478.1400146484375,741.4487915039062,319.8699951171875,93.29000091552734,322.2362060546875,153.97418212890625,532.0721435546875,30.079999923706055,380.8399963378906,397.30413818359375,468.8715515136719,18.59000015258789,206.77999877929688,282.57318115234375,28.989999771118164,72.45999908447266,423.48236083984375,29.510000228881836,357.8951110839844,485.6499938964844,144.77999877929688,87.01045989990234,113.96715545654297,146.41195678710938,79.94000244140625,91.12999725341797,149.94000244140625
2026-07-20,103.74678039550781,326.3085632324219,253.3800048828125,144.94000244140625,144.72999572753906,234.74000549316406,371.3286437988281,75.31999969482422,309.0899963378906,525.1384887695312,503.57000732421875,249.99000549316406,169.35000610351562,424.6000061035156,269.6099853515625,7.599999904632568,1736.7738037109375,377.47265625,351.92999267578125,60.11329650878906,45.18000030517578,179.01766967773438,43.77000045776367,66.74000549316406,864.2999877929688,329.92999267578125,29.420000076293945,,91.93000030517578,95.17810821533203,243.96475219726562,160.42999267578125,114.91354370117188,934.3145141601562,173.4847869873047,198.49000549316406,73.05999755859375,110.69999694824219,188.06869506835938,189.02000427246094,263.20001220703125,586.0,381.25,24.31999969482422,52.29999923706055,133.88999938964844,141.08999633789062,62.7400016784668,400.4248046875,160.36000061035156,341.29998779296875,37.58000183105469,152.812255859375,351.7638854980469,1049.8880615234375,34.06999969482422,330.60369873046875,225.50335693359375,99.27999877929688,231.2100067138672,211.48292541503906,141.10081481933594,97.05999755859375,293.82000732421875,38.54999923706055,80.16107940673828,353.1700134277344,138.9809112548828,247.59886169433594,338.8699951171875,207.36563110351562,107.19371795654297,81.63288879394531,533.5800170898438,1145.2589111328125,203.45263671875,306.4344787597656,547.4400024414062,366.18585205078125,265.7510986328125,323.3599853515625,60.27000045776367,1832.4200439453125,645.3406982421875,76.75,1328.800048828125,123.67000579833984,194.94000244140625,209.78518676757812,401.53411865234375,865.4600219726562,182.6199951171875,272.4200134277344,67.5999984741211,43.013710021972656,104.69999694824219,203.05279541015625,11.539999961853027,265.98309326171875,148.41000366210938,86.69999694824219,121.37999725341797,84.52999877929688,348.6600036621094,12.15999984741211,134.0281982421875,148.02499389648438,948.87890625,134.85000610351562,70.85302734375,56.68000030517578,169.39805603027344,156.3699951171875,695.33544921875,53.25,144.1300048828125,19.459999084472656,104.21135711669922,105.69000244140625,124.4800033569336,46.15053939819336,23.829999923706055,274.3399963378906,378.4599914550781,17.010000228881836,492.32000732421875,740.2518310546875,319.1400146484375,96.43000030517578,333.6318664550781,155.2102813720703,525.826904296875,30.850000381469727,369.57000732421875,401.2236328125,467.0558166503906,18.639999389648438,205.24000549316406,282.6229553222656,29.809999465942383,72.16999816894531,418.97015380859375,28.81999969482422,359.9013977050781,480.5,147.22000122070312,85.83719635009766,111.9320297241211,147.40553283691406,79.29000091552734,90.91000366210938,149.82000732421875
2026-07-21,105.47456359863281,327.45758056640625,256.1000061035156,144.10000610351562,140.86000061035156,227.16000366210938,381.647216796875,74.72000122070312,319.7900085449219,563.9469604492188,544.4299926757812,247.5500030517578,174.5800018310547,428.69000244140625,289.7300109863281,7.389999866485596,1799.18310546875,385.7974853515625,350.7900085449219,60.909236907958984,44.2599983215332,178.9677734375,43.189998626708984,66.69000244140625,889.969970703125,344.6400146484375,28.020000457763672,,90.5,94.58503723144531,236.2708740234375,175.85000610351562,116.72148895263672,927.7449340820312,169.76133728027344,191.14999389648438,79.58000183105469,112.18000030517578,189.41693115234375,188.0399932861328,254.7899932861328,586.8800048828125,404.1499938964844,23.850000381469727,50.7400016784668,124.70999908447266,143.44000244140625,60.18000030517578,401.9610290527344,158.10000610351562,340.70001220703125,37.150001525878906,162.10476684570312,346.927001953125,1080.269287109375,32.849998474121094,329.1742248535156,229.17236328125,106.36000061035156,218.55999755859375,209.000732421875,138.21041870117188,105.44999694824219,289.9200134277344,36.06999969482422,80.88091278076172,350.05999755859375,141.31439208984375,249.3800811767578,345.2300109863281,217.3143768310547,106.7688217163086,81.48377990722656,529.8800048828125,1173.7281494140625,202.25999450683594,321.6582946777344,538.2999877929688,367.0640563964844,262.0473937988281,307.6499938964844,59.86000061035156,1822.6500244140625,643.3023071289062,72.83999633789062,1383.260009765625,125.51908874511719,207.9600067138672,215.2152862548828,397.00262451171875,970.8200073242188,216.9199981689453,272.30999755859375,68.66999816894531,42.509063720703125,102.05999755859375,207.0583038330078,12.824999809265137,271.9263610839844,141.7100067138672,91.05999755859375,127.05000305175781,87.97000122070312,342.1499938964844,12.039999961853027,133.57305908203125,147.00262451171875,957.6512451171875,132.66000366210938,74.07949829101562,55.71238708496094,172.5608367919922,143.77999877929688,708.2319946289062,52.5,144.27000427246094,18.809999465942383,103.85340881347656,106.26000213623047,123.02999877929688,46.34950637817383,25.5,271.7300109863281,389.07000732421875,17.639999389648438,493.2300109863281,746.426513671875,314.5799865722656,90.5999984741211,373.8963928222656,154.5623321533203,523.05908203125,30.3700008392334,378.92999267578125,423.47393798828125,468.78173828125,18.25,196.22000122070312,289.81610107421875,29.8700008392334,71.55000305175781,433.6795959472656,29.270000457763672,355.16021728515625,482.0,141.1699981689453,87.23914337158203,110.12635803222656,150.73397827148438,80.37999725341797,89.7699966430664,148.72000122070312
2026-07-22,107.03256225585938,325.60919189453125,253.3000030517578,140.0500030517578,140.08999633789062,218.36000061035156,385.5553283691406,73.91500091552734,330.8949890136719,553.3283081054688,552.3300170898438,244.85000610351562,174.8699951171875,412.4800109863281,283.3999938964844,6.880000114440918,1799.5325927734375,396.0887451171875,348.739990234375,61.30720520019531,41.88999938964844,177.43150329589844,42.970001220703125,68.0999984741211,889.3099975585938,337.010009765625,28.469999313354492,,91.62999725341797,94.65422821044922,248.07545471191406,166.1199951171875,118.00293731689453,925.8380126953125,162.7137451171875,188.4199981689453,82.63999938964844,112.20999908447266,191.31039428710938,177.72999572753906,245.77000427246094,607.3300170898438,441.79998779296875,22.829999923706055,47.88999938964844,119.51000213623047,144.0,58.68000030517578,405.91131591796875,155.0500030517578,341.19000244140625,36.90999984741211,153.77044677734375,341.8702392578125,1092.84765625,31.350000381469727,329.02532958984375,232.29299926757812,104.4800033569336,204.89999389648438,204.30442810058594,142.05763244628906,102.62000274658203,284.4700012207031,33.33000183105469,83.5202865600586,340.69000244140625,142.0922088623047,254.3754425048828,348.2099914550781,214.44761657714844,107.58897399902344,81.71240997314453,532.780029296875,1161.3458251953125,204.35000610351562,318.951171875,531.97998046875,369.0500183105469,261.7098083496094,304.9700012207031,60.86000061035156,1799.2099609375,626.6754150390625,73.91000366210938,1398.449951171875,126.72199249267578,210.99000549316406,217.3037872314453,389.6065673828125,959.47998046875,218.16000366210938,268.9800109863281,68.52999877929688,41.76693344116211,95.45999908447266,211.82298278808594,12.670000076293945,277.551025390625,136.69000244140625,92.33000183105469,125.83999633789062,86.52999877929688,335.2799987792969,10.699999809265137,134.2161865234375,148.02499389648438,968.8187866210938,124.56999969482422,72.18743133544922,55.373226165771484,174.67930603027344,140.22999572753906,704.61572265625,49.63999938964844,143.0800018310547,18.219999313354492,103.38610076904297,104.87999725341797,118.41999816894531,47.42393112182617,30.559999465942383,267.79998779296875,377.6099853515625,17.06999969482422,474.1600036621094,745.55859375,309.239990234375,85.4000015258789,369.318115234375,154.92120361328125,526.0568237304688,29.209999084472656,374.010009765625,420.0830383300781,472.4830017089844,17.579999923706055,183.3800048828125,292.69140625,29.270000457763672,70.33000183105469,428.67041015625,28.639999389648438,352.7646789550781,472.57000732421875,132.4199981689453,85.92668151855469,109.06888580322266,153.4563446044922,77.45999908447266,85.80999755859375,142.25999450683594
2026-07-23,107.54191589355469,321.3828430175781,256.9200134277344,137.57000732421875,138.74000549316406,212.1699981689453,379.0451354980469,71.20999908447266,326.9700012207031,562.1987915039062,539.6900024414062,233.66000366210938,176.61000061035156,398.8599853515625,283.0400085449219,6.570000171661377,1800.671142578125,391.7566223144531,340.8399963378906,60.968929290771484,41.2599983215332,172.4136199951172,43.58000183105469,69.1500015258789,894.5399780273438,330.4599914550781,27.170000076293945,,90.08000183105469,92.71686553955078,253.1317138671875,161.16000366210938,119.40359497070312,924.5899658203125,156.65438842773438,183.4199981689453,81.0999984741211,112.76000213623047,192.73794555664062,169.77000427246094,244.38999938964844,610.02001953125,439.3399963378906,22.809999465942383,47.040000915527344,120.66999816894531,145.49000549316406,57.33000183105469,414.11114501953125,151.5399932861328,349.0,35.54999923706055,155.76669311523438,317.4859313964844,1069.4820556640625,30.219999313354492,322.3346252441406,245.5332794189453,101.58000183105469,190.00999450683594,205.1781463623047,142.73538208007812,100.2300033569336,281.5299987792969,31.489999771118164,84.29010009765625,332.0199890136719,142.8899688720703,257.99755859375,349.8999938964844,218.48306274414062,106.03759002685547,80.68852233886719,537.8900146484375,1184.173095703125,201.9199981689453,319.4406433105469,530.2899780273438,363.7308349609375,260.9452209472656,299.1400146484375,60.04999923706055,1798.699951171875,605.6220092773438,71.73999786376953,1397.1500244140625,129.71432495117188,209.32000732421875,214.00196838378906,380.8630065917969,990.2100219726562,220.97000122070312,262.32000732421875,68.88999938964844,40.55974197387695,91.94000244140625,208.5266571044922,12.029999732971191,276.0478210449219,136.10000610351562,90.12999725341797,120.04000091552734,86.11000061035156,325.6300048828125,10.199999809265137,133.52359008789062,145.88099670410156,983.4992065429688,123.37000274658203,70.5741958618164,55.86201858520508,170.18377685546875,133.74000549316406,691.23974609375,47.54999923706055,141.6699981689453,17.3799991607666,102.62049865722656,99.5,112.0,46.97625732421875,31.200000762939453,265.1300048828125,373.5199890136719,16.649999618530273,468.989990234375,736.3515014648438,318.9700012207031,80.1500015258789,373.6064758300781,152.99725341796875,571.8816528320312,28.399999618530273,319.69000244140625,414.46807861328125,478.5785827636719,16.790000915527344,185.05999755859375,283.5382385253906,28.940000534057617,68.91000366210938,420.9678649902344,27.59000015258789,350.9480285644531,473.0899963378906,127.87000274658203,85.697998046875,108.14111328125,155.88064575195312,76.48999786376953,84.11000061035156,139.6999969482422
2026-07-24,102.53833770751953,332.7330322265625,259.3599853515625,141.10000610351562,146.99000549316406,225.11000061035156,370.73046875,70.2300033569336,291.5799865722656,535.6771850585938,521.9500122070312,232.11000061035156,173.99000549316406,391.9800109863281,260.010009765625,6.860000133514404,1754.8204345703125,381.225830078125,326.1700134277344,61.735023498535156,43.5099983215332,177.032470703125,44.25,68.87999725341797,888.72998046875,326.239990234375,27.1200008392334,,90.75,94.4466552734375,254.11708068847656,158.2899932861328,119.46320343017578,935.030029296875,163.37258911132812,183.27999877929688,71.87999725341797,114.16999816894531,193.104736328125,172.91000366210938,246.86000061035156,628.1599731445312,437.5,23.010000228881836,50.439998626708984,122.23999786376953,146.38999938964844,58.68000030517578,403.0782775878906,152.3699951171875,353.7300109863281,36.029998779296875,146.37437438964844,319.53460693359375,1056.057861328125,31.280000686645508,330.5441589355469,242.42259216308594,94.91000366210938,204.88999938964844,212.66445922851562,145.30682373046875,92.31999969482422,296.3299865722656,33.11000061035156,84.38008880615234,337.5,142.96974182128906,262.1072998046875,353.2099914550781,210.28233337402344,108.39924621582031,81.76211547851562,541.1300048828125,1194.318603515625,207.63999938964844,304.8861083984375,539.6599731445312,373.6706237792969,262.89141845703125,298.2200012207031,60.52000045776367,1801.43994140625,594.7206420898438,77.43000030517578,1333.81005859375,130.30087280273438,194.22999572753906,213.30580139160156,380.9828186035156,920.9500122070312,187.77000427246094,262.1499938964844,70.08999633789062,41.262290954589844,98.77999877929688,206.6088104248047,10.920000076293945,268.0338439941406,138.5,86.80999755859375,114.98999786376953,87.4000015258789,323.7900085449219,10.84000015258789,135.1957244873047,147.41000366210938,985.5550537109375,122.91999816894531,63.19512176513672,56.01165008544922,166.06617736816406,137.47999572753906,683.5177612304688,47.54999923706055,141.97000122070312,18.139999389648438,102.66027069091797,100.0,113.75,52.1494140625,30.100000381469727,268.05999755859375,373.4700012207031,16.459999084472656,482.6600036621094,737.099609375,330.25,86.87999725341797,349.78564453125,153.7349395751953,567.8247680664062,29.040000915527344,313.0299987792969,402.3306579589844,479.8555603027344,17.290000915527344,191.4600067138672,278.15582275390625,28.6200008392334,65.94000244140625,418.16510009765625,26.93000030517578,355.0803527832031,477.3599853515625,135.33999633789062,85.81730651855469,109.20855712890625,155.93032836914062,77.1500015258789,87.98999786376953,142.32000732421875
2026-07-27,100.89044952392578,336.61968994140625,256.9100036621094,146.86000061035156,154.05999755859375,237.75,370.7604064941406,73.05000305175781,282.5199890136719,516.337890625,494.95001220703125,231.38999938964844,170.75999450683594,412.7300109863281,266.3299865722656,7.75,1653.1220703125,382.5234375,335.3900146484375,61.81461715698242,44.900001525878906,186.33998107910156,45.5099983215332,69.33000183105469,873.280029296875,338.6099853515625,28.790000915527344,,91.9800033569336,96.2851791381836,254.16685485839844,167.49000549316406,114.814208984375,951.5800170898438,173.29513549804688,180.11000061035156,70.79000091552734,114.56999969482422,188.35618591308594,184.3699951171875,251.86000061035156,625.02001953125,426.9100036621094,24.110000610351562,52.90999984741211,132.82000732421875,140.30999755859375,61.2400016784668,397.66162109375,152.3800048828125,361.6099853515625,36.61000061035156,143.09056091308594,326.3502197265625,1043.1212158203125,32.880001068115234,333.6313781738281,245.01483154296875,95.6500015258789,223.00999450683594,214.73956298828125,148.23707580566406,91.66999816894531,303.9100036621094,35.34000015258789,84.64002227783203,356.8299865722656,142.98968505859375,264.6448059082031,356.20001220703125,203.1304168701172,110.11862182617188,83.57131958007812,547.3499755859375,1195.81640625,211.5500030517578,291.300537109375,551.7100219726562,382.28314208984375,268.75970458984375,309.7099914550781,60.66999816894531,1819.739990234375,593.4016723632812,82.0999984741211,1339.0799560546875,129.99267578125,189.1699981689453,213.38536071777344,388.368896484375,900.2000122070312,187.8800048828125,265.6099853515625,70.4000015258789,41.697669982910156,105.55999755859375,196.2903594970703,11.40999984741211,266.4709167480469,137.42999267578125,89.04000091552734,119.9000015258789,90.58999633789062,317.32000732421875,11.619999885559082,138.3124237060547,148.6300048828125,985.3255004882812,131.52999877929688,63.14533233642578,55.931846618652344,169.1195526123047,134.7899932861328,681.4099731445312,48.41999816894531,142.9199981689453,18.139999389648438,103.0579833984375,104.38999938964844,126.87999725341797,51.264007568359375,29.809999465942383,272.9200134277344,388.989990234375,16.8799991607666,494.7200012207031,737.25927734375,336.739990234375,95.87000274658203,334.6414489746094,155.88815307617188,559.1015014648438,30.84000015258789,309.2200012207031,398.022216796875,482.20001220703125,17.8799991607666,194.47000122070312,277.9866943359375,30.440000534057617,68.18000030517578,415.0841064453125,27.489999771118164,361.8577575683594,479.0,147.5399932861328,86.7718276977539,111.47312927246094,153.7742919921875,81.23999786376953,91.22000122070312,147.3000030517578
2026-07-28,93.61978912353516,339.78692626953125,263.20001220703125,153.11000061035156,164.66000366210938,249.17999267578125,364.7187805175781,72.4000015258789,260.2300109863281,475.9510498046875,454.6199951171875,230.86000061035156,169.7100067138672,418.2200012207031,244.74000549316406,8.1899995803833,1582.949951171875,380.2176513671875,336.6300048828125,62.302127838134766,46.36000061035156,198.82981872558594,46.060001373291016,63.15999984741211,840.8499755859375,344.7200012207031,29.450000762939453,,92.7300033569336,99.16157531738281,258.7851867675781,167.89999389648438,113.34400939941406,966.5800170898438,181.18124389648438,181.8000030517578,67.30000305175781,115.58000183105469,185.95712280273438,195.52000427246094,250.8800048828125,639.8400268554688,392.1000061035156,24.6200008392334,55.970001220703125,140.72999572753906,139.63999938964844,62.099998474121094,385.3119812011719,149.97999572753906,363.5899963378906,37.650001525878906,125.7731704711914,333.4956359863281,1028.3037109375,32.96500015258789,341.9500732421875,246.31094360351562,92.76000213623047,238.0500030517578,225.92930603027344,152.21385192871094,86.30000305175781,312.989990234375,37.5,86.4795913696289,361.79998779296875,139.88836669921875,265.42095947265625,357.30999755859375,190.5845947265625,111.74905395507812,87.74639892578125,544.1099853515625,1218.913330078125,218.24000549316406,269.3238830566406,562.75,382.7421875,271.09307861328125,310.6199951171875,62.47999954223633,1862.52001953125,592.9420166015625,87.08999633789062,1282.010009765625,131.0464630126953,174.47000122070312,210.4216766357422,392.61090087890625,820.530029296875,169.69000244140625,264.1000061035156,72.38999938964844,42.59811782836914,110.62000274658203,196.789794921875,10.010000228881836,257.9591979980469,136.2100067138672,84.38999938964844,119.95999908447266,91.16999816894531,319.0,12.1899995803833,141.3499755859375,148.8800048828125,988.9682006835938,123.52999877929688,58.952903747558594,58.17630386352539,161.99832153320312,135.75,674.786865234375,49.5,143.91000366210938,18.34000015258789,102.51112365722656,107.41000366210938,130.27999877929688,49.722007751464844,28.450000762939453,270.3599853515625,383.82000732421875,16.739999771118164,511.55999755859375,739.0248413085938,346.6000061035156,99.9800033569336,320.5268859863281,160.2942352294922,575.968505859375,32.34000015258789,307.44000244140625,391.2603454589844,468.9214172363281,18.90999984741211,194.3300018310547,275.6585998535156,31.829999923706055,70.73999786376953,426.1658630371094,27.81999969482422,365.91021728515625,490.3900146484375,159.69000244140625,86.37411499023438,112.82987976074219,152.055419921875,83.0999984741211,91.4800033569336,151.6300048828125
2026-07-29,84.76116943359375,337.8985900878906,263.29998779296875,153.00999450683594,173.1699981689453,263.42999267578125,352.296630859375,70.11000061035156,249.74000549316406,435.9837951660156,429.55999755859375,226.64999389648438,157.97000122070312,399.4599914550781,224.88999938964844,8.510000228881836,1550.68994140625,369.64691162109375,331.5,60.7599983215332,47.40999984741211,200.81503295898438,46.040000915527344,59.91999816894531,782.7100219726562,332.760009765625,28.8799991607666,,93.48999786376953,98.47953796386719,264.19976806640625,160.08999633789062,117.27777099609375,974.030029296875,188.04917907714844,179.3800048828125,60.81999969482422,112.4800033569336,190.20008850097656,193.52999877929688,264.20001220703125,610.9500122070312,369.6400146484375,24.549999237060547,58.16999816894531,140.1699981689453,145.94000244140625,64.44000244140625,360.9918212890625,153.22000122070312,350.6300048828125,37.91999816894531,123.81685638427734,336.49371337890625,975.9700927734375,34.029998779296875,335.7954406738281,240.39866638183594,89.83999633789062,251.1199951171875,224.82720947265625,153.76869201660156,81.87999725341797,333.1300048828125,38.75,84.59003448486328,353.1000061035156,139.03077697753906,264.2268371582031,344.7099914550781,169.99786376953125,111.86763000488281,88.55160522460938,430.0199890136719,1208.28857421875,215.67999267578125,252.08221435546875,563.3200073242188,380.3470764160156,269.6036682128906,321.1000061035156,64.98999786376953,1863.31005859375,585.148193359375,90.25,1248.760009765625,129.59503173828125,163.39999389648438,202.0179443359375,389.8061828613281,739.0,148.22000122070312,270.3800048828125,73.62999725341797,42.766334533691406,115.76000213623047,189.79762268066406,9.734999656677246,239.9004669189453,136.91000366210938,78.86000061035156,117.73999786376953,90.62999725341797,314.1499938964844,12.59000015258789,141.98321533203125,146.10000610351562,949.1583862304688,123.0,56.33388137817383,58.20622634887695,154.83729553222656,135.1300048828125,661.0411376953125,50.130001068115234,145.3300018310547,18.520000457763672,103.5451889038086,108.37000274658203,129.1699981689453,48.707271575927734,25.700000762939453,282.8999938964844,373.69000244140625,15.25,524.010009765625,727.6531372070312,352.25,104.27999877929688,319.287353515625,161.1216278076172,576.0184936523438,32.599998474121094,298.32000732421875,373.6675720214844,445.7461853027344,19.09000015258789,188.25,269.9179992675781,32.040000915527344,71.19999694824219,417.99615478515625,26.600000381469727,368.0462646484375,483.3299865722656,168.00999450683594,83.39124298095703,113.94721221923828,155.74154663085938,82.18000030517578,92.41000366210938,153.77000427246094
2026-07-30,87.47766876220703,333.1426696777344,257.4100036621094,152.0800018310547,163.2899932861328,247.89999389648438,365.5562438964844,73.25,299.69000244140625,501.2340087890625,485.3900146484375,235.5,171.02000427246094,403.8699951171875,241.5399932861328,7.949999809265137,1651.43994140625,387.1350402832031,337.5199890136719,61.416648864746094,45.38999938964844,192.77444458007812,46.0,61.38999938964844,809.1400146484375,332.82000732421875,29.350000381469727,,91.5999984741211,95.61302947998047,265.971435546875,163.5800018310547,118.24134826660156,954.1699829101562,180.39263916015625,185.22000122070312,73.9000015258789,113.55999755859375,190.6461944580078,197.52999877929688,268.55999755859375,599.469970703125,404.80999755859375,23.719999313354492,54.290000915527344,133.60000610351562,145.50999450683594,64.25,385.9404602050781,154.25,355.0400085449219,36.41999816894531,134.9658660888672,333.4456787109375,1019.8650512695312,33.720001220703125,330.91143798828125,241.18630981445312,86.5999984741211,233.10000610351562,220.1606903076172,155.75209045410156,91.12999725341797,315.5,35.79999923706055,84.30010223388672,352.9700012207031,143.47833251953125,254.56451416015625,350.8500061035156,180.1264190673828,108.8834457397461,87.96509552001953,417.45001220703125,1153.3172607421875,210.0800018310547,297.404052734375,577.3499755859375,374.718505859375,266.5454406738281,325.8800048828125,63.08000183105469,1885.72998046875,538.60498046875,88.16000366210938,1316.1800537109375,129.0283660888672,183.3000030517578,208.91000366210938,450.2524108886719,874.6599731445312,188.42999267578125,283.3900146484375,73.16999816894531,41.84609603881836,110.06999969482422,194.82199096679688,11.010000228881836,244.06173706054688,140.4199981689453,83.73999786376953,127.55999755859375,87.36000061035156,325.67999267578125,12.369999885559082,138.7180938720703,143.9600067138672,960.8547973632812,122.26000213623047,60.61593246459961,57.507957458496094,150.77938842773438,141.7100067138672,682.8384399414062,48.66999816894531,145.08999633789062,18.399999618530273,105.24541473388672,106.23999786376953,122.4000015258789,48.65753173828125,27.729999542236328,298.1000061035156,372.3299865722656,16.469999313354492,522.6099853515625,739.852783203125,348.0400085449219,98.12000274658203,365.3496398925781,158.7590789794922,576.3282470703125,32.849998474121094,308.8500061035156,402.2309265136719,439.2415771484375,18.280000686645508,190.94000244140625,277.3399963378906,33.34000015258789,70.37000274658203,418.8906555175781,27.040000915527344,365.5908203125,481.70001220703125,158.11000061035156,84.94232940673828,110.83465576171875,155.96014404296875,82.58999633789062,92.31999969482422,148.38999938964844
2026-07-31,88.94578552246094,308.6438293457031,250.94000244140625,151.52000427246094,165.9199981689453,250.41000366210938,366.29400634765625,71.51000213623047,311.2300109863281,507.12774658203125,476.1499938964844,271.5799865722656,180.35000610351562,395.8999938964844,239.69000244140625,8.319999694824219,1629.0,388.5724182128906,336.25,61.63553237915039,45.130001068115234,192.4352569580078,46.72999954223633,61.810001373291016,814.8099975585938,340.0199890136719,29.209999084472656,,91.30000305175781,94.4268798828125,266.5387878417969,146.25999450683594,119.68174743652344,951.8900146484375,183.6968231201172,190.86000061035156,71.7699966430664,115.98999786376953,195.12709045410156,196.16000366210938,267.9700012207031,592.6699829101562,405.3699951171875,23.479999542236328,54.83000183105469,134.80999755859375,148.69000244140625,65.79000091552734,414.18096923828125,161.9499969482422,360.07000732421875,35.75,137.9901580810547,355.9012451171875,1013.4166870117188,34.5099983215332,329.5315856933594,242.32290649414062,86.55999755859375,237.36000061035156,222.05706787109375,151.97463989257812,90.19999694824219,316.07000732421875,37.27000045776367,83.36032104492188,353.3299865722656,146.2505645751953,255.09190368652344,351.7900085449219,182.6136016845703,108.01387023925781,87.0704345703125,415.8800048828125,1147.196044921875,207.80999755859375,292.70904541015625,573.0999755859375,372.0738830566406,268.72991943359375,337.4800109863281,62.310001373291016,1877.949951171875,556.27099609375,87.1500015258789,1426.030029296875,129.4359588623047,187.55999755859375,210.4199981689453,463.8468017578125,823.030029296875,190.41000366210938,278.9800109863281,71.70999908447266,41.27218246459961,111.2300033569336,200.52561950683594,10.859999656677246,228.1334228515625,141.92999267578125,81.61000061035156,129.8699951171875,89.3499984741211,331.8299865722656,12.760000228881836,138.08485412597656,144.49000549316406,974.5671997070312,123.05999755859375,60.456600189208984,57.06903839111328,146.81097412109375,144.75,687.2738647460938,35.599998474121094,145.00999450683594,19.059999465942383,104.64884948730469,106.73999786376953,117.1500015258789,49.334022521972656,28.399999618530273,293.2799987792969,388.760009765625,16.309999465942383,499.94000244140625,745.1796264648438,325.70001220703125,101.01499938964844,367.548828125,156.84512329101562,573.860107421875,32.27000045776367,311.2099914550781,403.1684265136719,453.8769836425781,18.040000915527344,197.35000610351562,275.739990234375,31.709999084472656,70.36000061035156,411.8638916015625,27.440000534057617,365.4510803222656,477.1000061035156,160.33999633789062,85.95650482177734,110.93441772460938,154.4399871826172,81.23999786376953,96.06999969482422,151.1999969482422
2026-08-03,92.44129943847656,303.1585693359375,245.10000610351562,150.63999938964844,165.75999450683594,251.33999633789062,360.7807922363281,75.62999725341797,321.04998779296875,517.656494140625,484.6400146484375,284.0199890136719,184.88999938964844,406.1600036621094,239.05999755859375,8.529999732971191,1642.52001953125,391.51708984375,344.7200012207031,62.162841796875,47.220001220703125,192.2457275390625,48.43000030517578,63.16999816894531,830.030029296875,336.1499938964844,28.229999542236328,,89.87999725341797,97.12535858154297,264.9263610839844,146.5,118.37049102783203,954.0800170898438,185.62342834472656,202.5399932861328,85.76000213623047,115.86000061035156,191.5086669921875,200.5,273.6000061035156,605.0599975585938,429.0199890136719,23.5,55.130001068115234,135.8000030517578,145.67999267578125,68.73999786376953,437.1544494628906,163.2100067138672,368.92999267578125,36.0,146.36439514160156,373.27008056640625,1022.054443359375,35.584999084472656,337.5326232910156,246.0317840576172,90.33999633789062,239.9199981689453,224.69813537597656,151.29690551757812,91.0,318.3900146484375,37.130001068115234,87.75928497314453,375.4100036621094,145.98130798339844,253.1614227294922,352.6400146484375,182.54368591308594,106.28462219238281,86.34477233886719,435.0,1119.75537109375,212.05999755859375,294.2973327636719,570.969970703125,346.1265869140625,263.35809326171875,357.9700012207031,61.72999954223633,1898.7900390625,589.7745361328125,88.91999816894531,1344.3699951171875,127.02022552490234,193.77999877929688,211.22999572753906,486.73370361328125,829.5,212.5800018310547,282.739990234375,73.33000183105469,42.192420959472656,114.19000244140625,206.40904235839844,11.520000457763672,223.165771484375,141.57000732421875,80.4000015258789,141.85000610351562,89.76000213623047,347.1300048828125,13.050000190734863,138.1541290283203,144.97000122070312,995.5150146484375,125.6500015258789,60.14789581298828,57.72740936279297,150.7495574951172,154.88999938964844,699.34130859375,36.66999816894531,145.83999633789062,20.049999237060547,102.77958679199219,111.1500015258789,117.01000213623047,49.05546951293945,28.639999389648438,307.5299987792969,392.07000732421875,18.030000686645508,486.3299865722656,755.793212890625,341.20001220703125,103.70999908447266,365.6595153808594,157.00462341308594,573.5903930664062,32.790000915527344,322.0799865722656,405.0234375,460.1221923828125,18.299999237060547,196.58999633789062,269.0400085449219,33.380001068115234,71.61000061035156,412.8180236816406,29.43000030517578,364.991943359375,470.7200012207031,165.0500030517578,87.38829040527344,110.44558715820312,154.0624237060547,82.08999633789062,98.25,154.4600067138672
2026-08-04,95.4274673461914,309.1134033203125,243.8000030517578,149.9199981689453,170.42999267578125,257.489990234375,379.1348876953125,78.12000274658203,361.6700134277344,546.0361328125,518.5800170898438,277.4200134277344,190.50999450683594,419.70001220703125,280.55999755859375,8.760000228881836,1711.8900146484375,417.3999328613281,346.7099914550781,62.580711364746094,48.56999969482422,193.80197143554688,49.09000015258789,65.69000244140625,876.5399780273438,340.6199951171875,29.540000915527344,,92.52999877929688,103.46134185791016,261.40289306640625,150.72999572753906,117.1585693359375,947.8499755859375,190.6545867919922,211.22000122070312,91.9000015258789,121.73999786376953,188.75271606445312,202.3699951171875,288.1499938964844,617.3699951171875,467.2699890136719,23.610000610351562,57.540000915527344,137.75,143.52000427246094,71.05999755859375,443.6783752441406,168.2899932861328,377.2799987792969,36.189998626708984,159.58949279785156,377.40740966796875,1047.8480224609375,36.47999954223633,345.6925048828125,248.0457305908203,93.51000213623047,248.88999938964844,233.47515869140625,148.7055206298828,100.86000061035156,323.6000061035156,38.599998474121094,89.43888854980469,368.2699890136719,153.19113159179688,253.67886352539062,357.5199890136719,195.22933959960938,110.24707794189453,86.04654693603516,446.739990234375,1114.0836181640625,218.0800018310547,317.4028015136719,571.0999755859375,344.49993896484375,266.4461364746094,380.0400085449219,62.08000183105469,1888.5,587.4763793945312,93.80000305175781,1335.030029296875,127.2488784790039,218.58999633789062,217.0399932861328,491.884033203125,892.6699829101562,225.74000549316406,301.3299865722656,73.56999969482422,41.09407043457031,118.13999938964844,211.70310974121094,12.6899995803833,236.53561401367188,147.82000732421875,80.77999877929688,145.74000549316406,91.83000183105469,366.3399963378906,14.100000381469727,137.62973022460938,148.00999450683594,990.65478515625,162.66000366210938,64.30049133300781,58.3957633972168,161.78945922851562,161.05999755859375,723.0964965820312,37.0,147.3300018310547,20.979999542236328,104.37044525146484,111.44000244140625,123.30000305175781,50.547725677490234,31.690000534057617,316.7699890136719,403.8599853515625,18.700000762939453,478.1700134277344,769.4193725585938,335.9599914550781,110.30999755859375,403.405029296875,157.05445861816406,564.3174438476562,33.810001373291016,327.3500061035156,416.0538635253906,471.1261901855469,19.34000015258789,194.0500030517578,283.6300048828125,35.220001220703125,71.98999786376953,405.0558166503906,30.31999969482422,368.9046630859375,478.7099914550781,171.27999877929688,87.88543701171875,111.28358459472656,152.96951293945312,84.63999938964844,102.12000274658203,163.22000122070312
2026-08-05,93.03054809570312,310.7320251464844,246.1999969482422,152.49000549316406,170.72999572753906,259.32000732421875,376.5427551269531,78.47000122070312,318.42999267578125,533.6693115234375,482.04998779296875,272.6499938964844,197.30999755859375,417.79998779296875,274.5799865722656,8.880000114440918,1678.219970703125,417.51971435546875,348.989990234375,62.928932189941406,48.31999969482422,206.521240234375,47.7400016784668,65.43000030517578,871.0800170898438,337.07000732421875,29.149999618530273,,93.27999877929688,104.61782836914062,263.5428466796875,149.88999938964844,114.27778625488281,941.989990234375,192.64108276367188,209.86000061035156,89.88999938964844,121.5,184.7972412109375,207.27000427246094,283.1700134277344,612.0,462.70001220703125,21.760000228881836,57.4900016784668,135.32000732421875,134.22999572753906,69.72000122070312,446.1822204589844,164.1300048828125,381.2200012207031,35.93000030517578,156.40548706054688,362.1971740722656,1055.2119140625,36.15999984741211,350.5566711425781,247.3777313232422,92.80000305175781,250.2100067138672,234.23968505859375,149.34339904785156,101.05999755859375,327.94000244140625,38.72999954223633,89.978759765625,375.20001220703125,153.22103881835938,256.3258056640625,359.239990234375,192.58233642578125,111.03759765625,86.31494903564453,446.8699951171875,1168.18603515625,219.94000244140625,307.0937805175781,570.47998046875,360.5772399902344,272.0661926269531,376.3599853515625,62.599998474121094,1922.5699462890625,588.3057250976562,91.44999694824219,1345.4599609375,127.57694244384766,211.02000427246094,218.27000427246094,486.5440673828125,893.1900024414062,218.99000549316406,292.9599914550781,74.19999694824219,42.004417419433594,117.22000122070312,218.9749755859375,12.350000381469727,230.114501953125,147.0399932861328,76.91000366210938,144.38999938964844,93.44000244140625,362.6600036621094,13.819999694824219,137.3131103515625,146.8000030517578,994.896240234375,158.42999267578125,61.69142532348633,57.78726577758789,156.67727661132812,183.25,716.5533447265625,36.189998626708984,146.9600067138672,21.0,105.39456176757812,114.91000366210938,144.24000549316406,49.65237045288086,30.31999969482422,316.8399963378906,400.82000732421875,18.25,482.2300109863281,767.8831787109375,337.0299987792969,113.31999969482422,389.2405090332031,159.41700744628906,577.387451171875,34.79999923706055,321.54998779296875,412.892333984375,482.4394226074219,18.959999084472656,193.22000122070312,277.7200012207031,35.470001220703125,68.18000030517578,410.2239990234375,30.200000762939453,367.85662841796875,484.8299865722656,170.63999938964844,88.66098022460938,112.07169342041016,150.6544952392578,84.19999694824219,100.63999938964844,161.64999389648438
2026-08-06,90.16422271728516,312.14080810546875,243.8699951171875,151.63999938964844,171.11000061035156,260.239990234375,376.1639099121094,76.58000183105469,331.5,526.9165649414062,489.2799987792969,272.260009765625,192.32000732421875,335.6700134277344,286.67999267578125,8.680000305175781,1704.3699951171875,419.8055725097656,342.6000061035156,62.68020248413086,47.0,206.89035034179688,49.29999923706055,63.959999084472656,856.9600219726562,338.4200134277344,23.770000457763672,,93.0,104.38059997558594,263.0849914550781,145.41000366210938,115.98638916015625,949.1500244140625,186.44200134277344,207.38999938964844,85.33000183105469,120.87999725341797,187.59283447265625,213.25999450683594,229.2899932861328,614.8400268554688,437.6499938964844,22.170000076293945,56.900001525878906,122.58000183105469,136.1999969482422,69.94999694824219,447.0899963378906,160.11000061035156,374.54998779296875,36.06999969482422,156.88458251953125,357.52020263671875,1027.54736328125,35.68000030517578,346.963134765625,240.0198211669922,90.70999908447266,202.42999267578125,231.7674102783203,149.25369262695312,99.80999755859375,321.9100036621094,38.220001220703125,88.21917724609375,373.7099914550781,154.1185302734375,255.7188262939453,356.29998779296875,193.00186157226562,107.37158966064453,86.33482360839844,435.7300109863281,1190.234375,218.39999389648438,305.44549560546875,575.9500122070312,358.9405822753906,274.31024169921875,370.0,62.75,1830.0,589.4348754882812,87.56999969482422,1359.0799560546875,127.61669921875,210.5399932861328,213.75,498.9207458496094,881.469970703125,189.8800048828125,284.42999267578125,73.69000244140625,41.559139251708984,117.3499984741211,218.7452392578125,12.399999618530273,230.74168395996094,143.50999450683594,78.33000183105469,143.47000122070312,93.37000274658203,359.489990234375,14.0,136.97669982910156,146.97000122070312,1067.6497802734375,155.9199981689453,58.733821868896484,59.63270568847656,159.5218048095703,181.77999877929688,713.9061279296875,36.040000915527344,150.07000732421875,20.760000228881836,104.55936431884766,111.0,147.44000244140625,51.273956298828125,29.3799991607666,318.0,405.9800109863281,18.100000381469727,475.07000732421875,766.65625,337.42999267578125,110.16999816894531,384.7422180175781,161.55027770996094,579.5757446289062,34.720001220703125,319.5299987792969,417.08111572265625,477.53106689453125,17.670000076293945,193.1999969482422,278.3999938964844,40.810001373291016,70.47000122070312,401.49774169921875,29.709999084472656,369.7830505371094,484.0299987792969,170.24000549316406,87.08999633789062,111.8023452758789,153.84384155273438,79.0199966430664,101.30000305175781,162.60000610351562
2026-08-07,94.70838928222656,313.05999755859375,246.0399932861328,178.07000732421875,175.72000122070312,265.2099914550781,388.7455749511719,75.25,334.1700134277344,538.5641479492188,483.3599853515625,274.4800109863281,188.6699981689453,346.79998779296875,282.57000732421875,9.260000228881836,1740.989990234375,426.98248291015625,340.9100036621094,62.849334716796875,47.9900016784668,213.90341186523438,49.310001373291016,64.01000213623047,842.1900024414062,339.239990234375,27.770000457763672,,93.2699966430664,103.93579864501953,262.4280700683594,153.60000610351562,116.83075714111328,947.8200073242188,192.40151977539062,214.4199981689453,90.66999816894531,121.43000030517578,184.94593811035156,216.25999450683594,233.92999267578125,620.8300170898438,453.7699890136719,24.030000686645508,60.2599983215332,130.89999389648438,134.74000549316406,75.11000061035156,448.67999267578125,159.63999938964844,370.0799865722656,36.88999938964844,165.3686065673828,354.0723876953125,1034.543212890625,38.970001220703125,353.0185241699219,245.47344970703125,93.29000091552734,210.4499969482422,235.58999633789062,149.8018798828125,101.6500015258789,325.25,40.880001068115234,86.94947814941406,378.80999755859375,151.7850799560547,257.96771240234375,357.5199890136719,197.88633728027344,108.37948608398438,86.53364562988281,439.7699890136719,1184.0133056640625,223.35000610351562,311.01959228515625,562.9500122070312,353.1922607421875,272.5428161621094,398.79998779296875,62.61000061035156,1820.68994140625,591.633056640625,93.12999725341797,1401.5400390625,127.82547760009766,218.72000122070312,216.3300018310547,499.0505065917969,877.5700073242188,187.97000122070312,300.2699890136719,74.13999938964844,41.262290954589844,124.87999725341797,223.70968627929688,13.890000343322754,238.63616943359375,148.32000732421875,81.16999816894531,147.02000427246094,93.52999877929688,363.8599853515625,15.050000190734863,137.55056762695312,145.7899932861328,1071.7115478515625,172.00999450683594,64.32040405273438,58.92445373535156,166.9513702392578,183.47999572753906,722.2774047851562,37.790000915527344,153.11000061035156,21.399999618530273,104.97696685791016,113.43000030517578,151.57000732421875,50.269168853759766,31.1299991607666,330.489990234375,415.989990234375,18.3799991607666,488.1400146484375,771.3446044921875,339.0299987792969,149.07000732421875,379.16436767578125,160.85247802734375,593.5450439453125,34.47999954223633,328.5799865722656,418.9161682128906,481.1724548339844,13.800000190734863,241.27999877929688,286.0799865722656,43.0,75.0199966430664,404.58868408203125,31.09000015258789,361.82781982421875,496.07000732421875,179.63999938964844,87.25,111.58287048339844,152.055419921875,79.0,104.5,168.67999267578125
2026-08-10,89.12555694580078,308.260009765625,247.97000122070312,184.6999969482422,178.25,272.9599914550781,382.7637939453125,75.54000091552734,317.2300109863281,521.562255859375,469.55999755859375,278.0899963378906,191.52000427246094,339.0,267.8500061035156,9.229999542236328,1733.47998046875,421.6322326660156,338.8599853515625,63.53583526611328,49.2599983215332,212.36712646484375,50.459999084472656,63.439998626708984,837.5800170898438,331.9100036621094,27.209999084472656,,93.1500015258789,106.45635223388672,262.4181213378906,148.67999267578125,122.21484375,952.75,197.1631317138672,225.16000366210938,88.19000244140625,122.56999969482422,193.2237091064453,209.86000061035156,260.7799987792969,609.280029296875,457.8800048828125,24.270000457763672,59.63999938964844,137.19000244140625,142.22000122070312,76.31999969482422,444.9599914550781,164.2100067138672,366.70001220703125,37.2599983215332,157.46348571777344,357.29034423828125,1029.468017578125,40.72999954223633,348.21392822265625,242.2032470703125,94.5199966430664,215.91000366210938,236.30999755859375,150.04107666015625,97.5199966430664,334.42999267578125,39.86000061035156,86.60955810546875,393.3800048828125,150.27928161621094,260.5251159667969,359.7900085449219,192.52239990234375,106.73916625976562,86.3547134399414,423.2799987792969,1230.1771240234375,218.8800048828125,306.0748291015625,563.1699829101562,347.73333740234375,271.78814697265625,416.6700134277344,61.529998779296875,1824.3399658203125,594.4508666992188,88.62000274658203,1381.0999755859375,130.15174865722656,208.55999755859375,215.3300018310547,505.109130859375,861.0,184.11000061035156,310.5899963378906,76.29000091552734,41.66798400878906,127.44000244140625,217.3068389892578,13.170000076293945,232.38427734375,150.77000427246094,79.77999877929688,151.0500030517578,92.2300033569336,385.0400085449219,15.59000015258789,136.27420043945312,146.44000244140625,1058.368408203125,175.22999572753906,61.711341857910156,58.92445373535156,161.2921600341797,185.8000030517578,720.11962890625,37.04999923706055,151.83999633789062,22.229999542236328,104.05227661132812,114.80000305175781,155.17999267578125,52.92538833618164,31.459999084472656,334.70001220703125,411.67999267578125,18.1200008392334,511.82000732421875,771.1151733398438,345.80999755859375,151.8699951171875,364.9598083496094,158.3204803466797,599.230712890625,35.689998626708984,330.8800048828125,417.3503723144531,475.864990234375,13.390000343322754,250.05999755859375,280.44000244140625,43.099998474121094,78.02999877929688,406.238525390625,30.209999084472656,360.6500244140625,523.9099731445312,184.19000244140625,87.5199966430664,112.39093780517578,158.76199340820312,78.9800033569336,107.19999694824219,176.67999267578125
2026-08-11,85.66999816894531,304.9100036621094,250.08999633789062,184.97999572753906,179.82000732421875,263.7099914550781,384.129638671875,76.70500183105469,311.989990234375,525.0485229492188,474.32000732421875,272.2699890136719,197.85000610351562,318.67999267578125,268.92999267578125,9.25,1799.3800048828125,415.3236999511719,340.80999755859375,63.67512512207031,49.47999954223633,212.35714721679688,51.189998626708984,63.619998931884766,843.3699951171875,327.5299987792969,28.09000015258789,,92.30999755859375,107.0,258.1083679199219,148.5800018310547,125.085693359375,944.3200073242188,197.12319946289062,221.89999389648438,90.31999969482422,120.43000030517578,194.9585723876953,212.0,246.77999877929688,617.9500122070312,440.9700012207031,25.34000015258789,59.34000015258789,135.44000244140625,143.39999389648438,76.3499984741211,459.2900085449219,161.88999938964844,368.05999755859375,37.93000030517578,158.89080810546875,343.5791320800781,1029.3685302734375,42.11000061035156,351.8868713378906,229.43157958984375,94.37999725341797,220.50999450683594,238.4199981689453,150.7487335205078,97.70999908447266,336.44000244140625,40.31999969482422,84.99993133544922,401.2300109863281,154.32794189453125,258.52496337890625,362.0400085449219,200.24368286132812,107.28264617919922,85.96702575683594,430.8299865722656,1213.2813720703125,221.25,311.07952880859375,561.4400024414062,348.7812194824219,272.2151184082031,439.1600036621094,61.779998779296875,1940.0,598.6475219726562,87.47000122070312,1402.1099853515625,129.65467834472656,212.30999755859375,215.07000732421875,502.86334228515625,868.52001953125,193.22999572753906,306.9700012207031,74.79000091552734,40.88627624511719,127.54000091552734,217.25689697265625,13.600000381469727,235.32107543945312,150.3300018310547,81.11000061035156,145.47999572753906,92.56999969482422,383.79998779296875,15.720000267028809,136.947021484375,145.2100067138672,1059.1966552734375,174.94000244140625,63.005916595458984,58.85462951660156,161.7993927001953,188.30999755859375,717.7021484375,36.220001220703125,150.91000366210938,22.459999084472656,106.05079650878906,131.50999450683594,152.61000061035156,53.40291213989258,31.600000381469727,334.1400146484375,410.9100036621094,17.979999542236328,501.0,768.6513061523438,348.1499938964844,154.0800018310547,379.41424560546875,155.25015258789062,604.53662109375,34.880001068115234,332.80999755859375,420.9307556152344,482.81854248046875,13.5600004196167,255.9499969482422,281.239990234375,43.869998931884766,78.54000091552734,399.7286376953125,29.889999389648438,362.82000732421875,529.6500244140625,181.27000427246094,87.44999694824219,112.989501953125,158.7719268798828,79.06999969482422,106.05999755859375,178.5500030517578
2026-08-12,85.1207046508789,302.25,248.75999450683594,180.09500122070312,180.13999938964844,258.75,383.26226806640625,73.4000015258789,318.79998779296875,547.5645141601562,482.92999267578125,267.2799987792969,210.5,303.760009765625,271.8699951171875,8.989999771118164,1810.0699462890625,415.29376220703125,344.0799865722656,64.48101043701172,48.70000076293945,211.7486114501953,51.41999816894531,63.08000183105469,855.5999755859375,323.1300048828125,27.6200008392334,,92.31999969482422,105.76000213623047,260.9450378417969,149.0399932861328,126.45655822753906,949.5800170898438,192.98049926757812,221.77999877929688,107.7300033569336,123.87999725341797,194.8990936279297,212.49000549316406,240.91000366210938,619.77001953125,484.5,25.510000228881836,58.099998474121094,134.6300048828125,143.13999938964844,77.16000366210938,459.9599914550781,160.83999633789062,365.3299865722656,38.18000030517578,167.12530517578125,343.3193359375,1032.1549072265625,40.810001373291016,340.9176940917969,234.63595581054688,94.91000366210938,210.1199951171875,235.97999572753906,150.82846069335938,100.94999694824219,334.7099914550781,39.34000015258789,84.73999786376953,401.2699890136719,152.36343383789062,259.5797424316406,365.17999267578125,208.014892578125,107.63838195800781,86.1956558227539,420.9100036621094,1218.533935546875,215.97000122070312,325.763916015625,559.72998046875,353.8608703613281,273.75421142578125,437.8299865722656,62.18000030517578,1828.2900390625,578.3934936523438,85.94999694824219,1425.010009765625,132.13999938964844,217.0800018310547,217.63999938964844,491.5047302246094,911.2899780273438,259.20001220703125,311.45001220703125,74.20999908447266,40.08477783203125,124.94000244140625,223.8395233154297,13.930000305175781,232.3643798828125,147.3000030517578,83.31999969482422,153.27999877929688,92.05000305175781,387.010009765625,15.260000228881836,137.23394775390625,144.0800018310547,1067.3702392578125,171.0399932861328,63.57353591918945,59.054134368896484,162.1873016357422,187.14999389648438,722.9467163085938,35.540000915527344,151.7899932861328,22.299999237060547,107.8703384399414,128.11000061035156,150.41000366210938,52.33843231201172,37.61000061035156,332.260009765625,412.32000732421875,17.940000534057617,489.6000061035156,770.5764770507812,347.2099914550781,155.24000549316406,402.5853576660156,152.1300048828125,602.5481567382812,34.060001373291016,327.510009765625,428.0018005371094,477.4212951660156,13.489999771118164,246.6199951171875,276.5899963378906,44.529998779296875,75.36000061035156,403.1078186035156,29.100000381469727,359.4200134277344,525.72998046875,175.2899932861328,88.93000030517578,115.7329330444336,158.7222442626953,78.27999877929688,105.12999725341797,177.32000732421875
2026-08-13,87.55757141113281,305.260009765625,250.82000732421875,185.1300048828125,178.49000549316406,270.489990234375,380.01220703125,78.31999969482422,322.7799987792969,533.968994140625,483.010009765625,265.1300048828125,203.6199951171875,312.6700134277344,278.6499938964844,9.869999885559082,1847.9000244140625,417.060546875,343.6499938964844,63.76466369628906,51.310001373291016,212.82601928710938,51.689998626708984,63.349998474121094,854.5999755859375,323.7699890136719,28.780000686645508,,92.93000030517578,106.54000091552734,265.96148681640625,153.89999389648438,123.6949691772461,961.8499755859375,201.016357421875,225.52999877929688,106.29000091552734,113.47000122070312,195.98956298828125,216.25999450683594,252.24000549316406,612.3800048828125,494.510009765625,25.420000076293945,64.08999633789062,144.10000610351562,141.41000366210938,86.02999877929688,453.3299865722656,165.44000244140625,360.6400146484375,38.90999984741211,158.2420196533203,346.13751220703125,1037.5484619140625,43.349998474121094,339.2003479003906,233.29000854492188,99.37000274658203,240.50999450683594,237.13999938964844,154.7255096435547,104.55999755859375,358.2900085449219,41.13999938964844,84.27999877929688,401.2699890136719,151.02719116210938,260.79376220703125,363.1099853515625,209.1336212158203,109.38739013671875,86.90144348144531,418.30999755859375,1207.27001953125,218.22000122070312,336.6523742675781,567.0399780273438,351.8150634765625,270.3285217285156,472.2900085449219,63.529998779296875,1828.25,594.5007934570312,94.29000091552734,1362.550048828125,134.75457763671875,222.17999267578125,218.3800048828125,495.9463806152344,949.8300170898438,255.0399932861328,330.8299865722656,78.23999786376953,40.79722213745117,127.25,225.04818725585938,13.65999984741211,230.87109375,154.9499969482422,81.55999755859375,156.22000122070312,92.58000183105469,396.0,16.68000030517578,139.13365173339844,144.25999450683594,1056.74169921875,179.00999450683594,62.049922943115234,60.440711975097656,163.89797973632812,195.8800048828125,731.3079833984375,37.95000076293945,154.0800018310547,23.84000015258789,107.93000030517578,123.31999969482422,158.52999877929688,51.79127502441406,39.15999984741211,337.3800048828125,411.75,18.43000030517578,498.239990234375,775.9531860351562,341.0899963378906,165.97999572753906,410.36236572265625,153.80999755859375,595.43359375,35.220001220703125,339.9599914550781,429.33819580078125,476.5633544921875,14.5600004196167,249.4199981689453,273.42999267578125,45.790000915527344,75.87999725341797,396.6177978515625,30.969999313354492,365.45001220703125,516.4400024414062,206.4499969482422,88.11000061035156,115.4436264038086,157.58958435058594,83.08999633789062,109.83999633789062,188.17999267578125
2026-08-14,87.68740844726562,305.92999267578125,249.4600067138672,184.05999755859375,176.88999938964844,264.0199890136719,388.2072448730469,78.3499984741211,321.6099853515625,506.63824462890625,514.3900146484375,262.6499938964844,198.82000732421875,315.44000244140625,279.44000244140625,9.140000343322754,1844.0799560546875,392.2756652832031,342.4800109863281,64.16263580322266,49.779998779296875,211.54910278320312,51.83000183105469,62.779998779296875,856.5700073242188,324.82000732421875,29.09000015258789,,91.94999694824219,105.69999694824219,268.53936767578125,148.47000122070312,125.93999481201172,961.0999755859375,195.86541748046875,216.9499969482422,105.26000213623047,111.68000030517578,198.26966857910156,217.02000427246094,255.4600067138672,608.8499755859375,490.80999755859375,26.139999389648438,62.040000915527344,132.8300018310547,142.61000061035156,86.68000030517578,451.510009765625,160.00999450683594,368.3800048828125,39.20000076293945,165.67803955078125,345.67779541015625,1034.3541259765625,42.619998931884766,336.381103515625,233.9600067138672,95.55999755859375,224.13999938964844,234.32000732421875,154.21719360351562,102.5,345.6600036621094,39.790000915527344,83.33999633789062,394.510009765625,153.21107482910156,259.072265625,362.8399963378906,203.49000549316406,109.08106994628906,87.18972778320312,422.010009765625,1180.1600341796875,218.47000122070312,332.0072937011719,569.2899780273438,355.9965515136719,270.9044189453125,460.3299865722656,63.61000061035156,1844.5799560546875,589.3848266601562,87.5199966430664,1402.010009765625,135.04286193847656,222.02000427246094,217.36000061035156,494.4691467285156,971.6599731445312,277.67999267578125,315.7799987792969,78.16000366210938,40.30247116088867,124.0,224.90834045410156,14.449999809265137,233.65855407714844,147.42999267578125,82.66000366210938,150.52000427246094,91.05000305175781,384.2699890136719,16.010000228881836,139.30184936523438,144.5500030517578,1053.727783203125,174.0399932861328,62.48808670043945,61.50807189941406,164.89256286621094,186.0500030517578,730.3090209960938,38.22999954223633,157.67999267578125,23.110000610351562,107.69000244140625,121.94000244140625,154.32000732421875,53.49244689941406,39.84000015258789,328.9200134277344,421.5,18.290000915527344,512.8200073242188,774.4169921875,339.2099914550781,162.22000122070312,418.62921142578125,152.11000061035156,587.8394165039062,34.75,342.2699890136719,425.20928955078125,479.06744384765625,14.140000343322754,238.1999969482422,279.5799865722656,46.25,75.94999694824219,399.2714538574219,30.43000030517578,364.1499938964844,505.75,198.67999267578125,88.81999969482422,114.99469757080078,159.07000732421875,82.87999725341797,105.95999908447266,183.60000610351562
2026-08-17,87.9770278930664,305.5899963378906,250.3300018310547,179.2899932861328,169.97999572753906,254.0399932861328,389.0945129394531,74.5199966430664,320.1700134277344,534.7382202148438,506.0,261.30999755859375,201.8000030517578,311.9800109863281,271.42999267578125,8.829999923706055,1883.1199951171875,391.7167053222656,336.2099914550781,63.56568145751953,48.5,204.2666778564453,51.43000030517578,62.560001373291016,881.6500244140625,323.4700012207031,29.950000762939453,,90.20999908447266,105.94000244140625,266.62835693359375,150.5500030517578,127.55999755859375,953.5,190.63462829589844,213.89999389648438,106.0,112.9000015258789,200.94630432128906,212.72000122070312,247.32000732421875,599.9199829101562,479.80999755859375,25.299999237060547,59.81999969482422,130.16000366210938,146.14999389648438,83.44000244140625,455.3999938964844,155.85000610351562,369.42999267578125,37.97999954223633,172.88446044921875,343.7790222167969,1046.186279296875,40.52000045776367,335.4082946777344,229.4499969482422,96.25,215.1699981689453,228.85000610351562,153.798583984375,103.48999786376953,335.6000061035156,39.0,82.30999755859375,390.3299865722656,153.49029541015625,261.0823669433594,360.9599914550781,205.75999450683594,106.63047790527344,86.46405792236328,416.1300048828125,1183.1600341796875,215.80999755859375,343.4751281738281,562.260009765625,355.84686279296875,263.6559753417969,438.70001220703125,62.18000030517578,1787.5699462890625,568.5213012695312,83.33000183105469,1415.989990234375,135.17210388183594,234.3300018310547,218.2100067138672,479.44744873046875,1011.75,268.8500061035156,307.010009765625,76.0199966430664,38.679683685302734,117.69999694824219,224.7584991455078,14.579999923706055,231.67747497558594,143.24000549316406,83.37999725341797,146.64999389648438,90.2300033569336,375.760009765625,15.989999771118164,136.77882385253906,143.1199951171875,1051.6419677734375,172.5500030517578,61.840797424316406,60.321006774902344,161.30210876464844,183.30999755859375,729.1102294921875,37.93000030517578,158.30999755859375,21.81999969482422,107.91999816894531,119.44999694824219,148.64999389648438,53.58198165893555,38.279998779296875,330.1099853515625,413.2200012207031,18.309999465942383,492.4700012207031,770.7560424804688,331.67999267578125,158.33999633789062,442.9698486328125,150.85000610351562,585.0615844726562,34.31999969482422,339.29998779296875,429.8169250488281,474.1989440917969,13.399999618530273,228.61000061035156,282.9100036621094,45.45000076293945,74.98999786376953,393.1988525390625,29.75,358.8399963378906,515.5499877929688,191.17999267578125,87.54000091552734,114.05694580078125,161.4600067138672,80.19999694824219,105.55999755859375,184.44000244140625
2026-08-18,81.95476531982422,310.0299987792969,258.9200134277344,183.25,172.92999267578125,263.1400146484375,375.4859924316406,73.55999755859375,303.44000244140625,513.7806396484375,484.3900146484375,259.45001220703125,193.17999267578125,307.260009765625,253.32000732421875,9.15999984741211,1802.97998046875,379.3092956542969,338.5199890136719,63.903961181640625,49.16999816894531,207.74827575683594,50.470001220703125,61.41999816894531,840.8699951171875,316.5199890136719,29.899999618530273,,91.45999908447266,105.55000305175781,270.2712707519531,146.22999572753906,129.72000122070312,961.3499755859375,195.79554748535156,212.9199981689453,93.16999816894531,111.61000061035156,203.9600067138672,216.35000610351562,246.0,588.719970703125,468.6499938964844,24.040000915527344,60.0099983215332,139.63999938964844,148.6999969482422,85.01000213623047,431.3299865722656,158.00999450683594,375.0899963378906,38.08000183105469,159.59947204589844,343.9789123535156,1035.39892578125,41.5,335.0211486816406,227.7100067138672,91.52999877929688,226.24000549316406,232.6699981689453,155.66238403320312,96.69000244140625,350.4100036621094,39.58000183105469,80.7699966430664,391.17999267578125,149.26211547851562,269.7794494628906,363.25,194.7899932861328,106.4427261352539,88.29314422607422,411.04998779296875,1225.72998046875,215.63999938964844,327.572021484375,574.3099975585938,356.6053161621094,265.10565185546875,434.6199951171875,62.65999984741211,1779.1400146484375,543.2412719726562,88.04000091552734,1333.1800537109375,134.37680053710938,216.0,217.5500030517578,480.72503662109375,940.760009765625,248.42999267578125,301.3599853515625,77.7699966430664,39.639503479003906,119.48999786376953,219.49440002441406,13.170000076293945,227.53610229492188,143.9199981689453,79.41999816894531,142.7899932861328,90.76000213623047,374.1400146484375,15.579999923706055,138.64883422851562,143.4499969482422,1039.755859375,171.5399932861328,58.3454475402832,60.281105041503906,159.32289123535156,187.97999572753906,716.7631225585938,37.66999816894531,157.77999877929688,22.489999771118164,106.01000213623047,116.26000213623047,146.5800018310547,52.93533706665039,37.40999984741211,325.3299865722656,404.4100036621094,17.65999984741211,516.280029296875,765.5490112304688,331.3699951171875,163.0,404.134765625,150.85000610351562,588.5888061523438,34.95000076293945,336.8699951171875,412.3039245605469,462.277099609375,13.420000076293945,232.10000610351562,272.239990234375,46.7400016784668,74.66000366210938,391.5191650390625,29.110000610351562,364.25,528.1900024414062,190.63999938964844,87.4000015258789,114.92486572265625,165.55999755859375,79.43000030517578,104.70999908447266,185.6999969482422
2026-08-19,80.88613891601562,316.8299865722656,265.9700012207031,186.38999938964844,183.1699981689453,272.4700012207031,372.126220703125,77.33000183105469,289.0199890136719,495.6400146484375,466.4200134277344,265.8399963378906,186.4499969482422,310.7900085449219,249.33999633789062,9.569999694824219,1751.72998046875,361.8211364746094,339.8999938964844,62.849334716796875,47.709999084472656,212.48683166503906,52.0099983215332,61.20000076293945,816.1500244140625,314.9800109863281,32.2599983215332,,90.87000274658203,107.9000015258789,265.6927490234375,160.1999969482422,130.5800018310547,956.989990234375,205.72805786132812,201.6300048828125,90.87000274658203,110.55000305175781,205.75999450683594,220.22000122070312,233.52000427246094,580.6300048828125,437.54998779296875,25.309999465942383,62.11000061035156,146.02999877929688,149.47999572753906,87.33999633789062,424.6700134277344,152.85000610351562,356.2300109863281,39.9900016784668,152.1734619140625,344.4985656738281,1016.6707763671875,42.599998474121094,341.78131103515625,221.72999572753906,95.7699966430664,241.64999389648438,237.16000366210938,156.71888732910156,92.80000305175781,362.4700012207031,39.20000076293945,81.13999938964844,397.7200012207031,144.53536987304688,272.06817626953125,357.260009765625,187.27000427246094,108.57711029052734,89.8140640258789,419.3399963378906,1280.3399658203125,220.0,306.84405517578125,573.719970703125,359.2200012207031,265.5624084472656,440.5299987792969,64.16000366210938,1908.6500244140625,545.5994262695312,91.01000213623047,1300.1400146484375,151.30686950683594,237.27000427246094,214.22999572753906,483.3999938964844,937.1099853515625,223.89999389648438,291.8800048828125,80.22000122070312,40.619110107421875,127.19999694824219,217.31683349609375,12.829999923706055,225.0074920654297,141.2100067138672,76.58000183105469,143.80999755859375,91.19999694824219,359.760009765625,15.779999732971191,141.07293701171875,144.3800048828125,1021.1932983398438,175.19000244140625,55.55713653564453,61.099082946777344,161.0335693359375,186.67999267578125,715.3345947265625,38.689998626708984,156.8000030517578,21.31999969482422,104.9800033569336,119.0999984741211,146.5800018310547,53.27357864379883,36.58000183105469,325.010009765625,401.239990234375,18.420000076293945,533.3699951171875,767.1549682617188,339.9800109863281,174.22999572753906,379.50421142578125,144.5,613.070068359375,35.15999984741211,351.1199951171875,410.9874267578125,454.4057312011719,13.539999961853027,221.8699951171875,267.45001220703125,47.11000061035156,78.04000091552734,386.2317199707031,30.600000381469727,365.5400085449219,552.0599975585938,198.4199981689453,85.94000244140625,114.02702331542969,164.77000427246094,80.93000030517578,107.47000122070312,184.60000610351562
2026-08-20,80.736328125,311.29998779296875,261.8299865722656,185.0,181.35000610351562,272.2200012207031,369.1153869628906,75.05000305175781,290.5199890136719,496.2099914550781,469.4599914550781,260.1099853515625,183.75,308.7699890136719,250.72000122070312,9.5,1750.31005859375,363.3683166503906,331.1499938964844,61.545989990234375,47.400001525878906,209.36436462402344,49.369998931884766,60.150001525878906,815.3900146484375,313.5899963378906,32.540000915527344,,89.69999694824219,106.04000091552734,269.6043701171875,172.35000610351562,134.88999938964844,933.510009765625,205.0692138671875,190.33999633789062,89.76000213623047,109.58999633789062,205.77000427246094,222.36000061035156,232.5500030517578,620.9400024414062,434.7799987792969,25.030000686645508,62.279998779296875,147.02999877929688,152.19000244140625,85.9000015258789,415.2900085449219,150.7899932861328,344.6400146484375,39.61000061035156,151.1653594970703,340.451171875,997.0667724609375,42.08000183105469,332.0430908203125,218.32000732421875,95.0999984741211,239.86000061035156,233.69000244140625,158.08433532714844,92.12999725341797,361.8699951171875,38.97999954223633,79.33000183105469,374.4800109863281,142.7603302001953,266.0578308105469,351.54998779296875,185.86000061035156,107.40122985839844,89.96318054199219,406.04998779296875,1244.4000244140625,217.33999633789062,310.2004699707031,573.8499755859375,356.6000061035156,267.2305603027344,420.3699951171875,64.13999938964844,1921.9599609375,545.3995971679688,91.30000305175781,1310.5999755859375,148.11570739746094,251.00999450683594,207.4499969482422,481.1499938964844,974.3300170898438,220.11000061035156,278.9100036621094,80.13999938964844,39.78792953491211,129.75,216.60763549804688,12.970000267028809,221.9711456298828,134.16000366210938,74.70999908447266,142.07000732421875,89.08000183105469,349.55999755859375,15.920000076293945,140.57823181152344,142.97000122070312,998.1197509765625,173.9600067138672,54.61110305786133,62.1464958190918,159.86990356445312,182.2100067138672,710.18994140625,38.630001068115234,157.1199951171875,20.940000534057617,103.98999786376953,117.23999786376953,147.17999267578125,53.27357864379883,36.5,321.2900085449219,397.9200134277344,17.920000076293945,533.1300048828125,760.7109985351562,327.70001220703125,174.91000366210938,383.00286865234375,140.69000244140625,627.0693359375,35.31999969482422,345.1300048828125,414.886962890625,450.03607177734375,13.319999694824219,219.88999938964844,265.6000061035156,46.540000915527344,78.55000305175781,382.4947509765625,28.860000610351562,365.7300109863281,540.260009765625,197.32000732421875,83.69999694824219,103.59199523925781,166.14999389648438,80.08000183105469,106.30000305175781,174.9499969482422
2026-08-21,79.33812713623047,309.3500061035156,264.9599914550781,187.3000030517578,185.27999877929688,275.29998779296875,371.95672607421875,77.02999877929688,284.9700012207031,492.32000732421875,473.25,258.6300048828125,188.64999389648438,305.7699890136719,243.32000732421875,9.579999923706055,1763.760009765625,367.7803039550781,336.0,61.37685012817383,47.81999969482422,209.11497497558594,50.369998931884766,60.369998931884766,827.9000244140625,319.0199890136719,33.36000061035156,,91.08000183105469,106.69000244140625,273.6951904296875,186.49000549316406,134.8699951171875,947.739990234375,208.8026580810547,191.9499969482422,87.8499984741211,111.04000091552734,205.27000427246094,223.49000549316406,235.6199951171875,647.469970703125,442.0799865722656,26.170000076293945,62.0,146.1300048828125,153.0500030517578,85.94000244140625,419.20001220703125,153.50999450683594,348.3699951171875,39.970001220703125,149.55838012695312,344.5985107421875,1034.21484375,41.66999816894531,333.1548767089844,215.89999389648438,108.12999725341797,240.00999450683594,235.67999267578125,160.71559143066406,90.06999969482422,367.0,39.939998626708984,80.51000213623047,378.80999755859375,142.650634765625,268.9137268066406,351.5799865722656,183.99000549316406,108.01387023925781,90.55961608886719,402.8699951171875,1255.4000244140625,216.08999633789062,313.6667785644531,580.6300048828125,356.3900146484375,269.0377197265625,430.8299865722656,64.44999694824219,1922.72998046875,549.4663696289062,90.7300033569336,1316.280029296875,151.65481567382812,237.0399932861328,214.1999969482422,483.239990234375,966.780029296875,219.1300048828125,293.1400146484375,79.58999633789062,40.3321533203125,128.47999572753906,214.48001098632812,12.970000267028809,224.54954528808594,135.13999938964844,74.20999908447266,146.47000122070312,89.11000061035156,357.8699951171875,16.389999389648438,141.9634246826172,144.67999267578125,999.7265014648438,179.94000244140625,54.949684143066406,61.39834213256836,159.87985229492188,181.97999572753906,712.6973876953125,38.369998931884766,157.49000549316406,21.190000534057617,107.08000183105469,117.52999877929688,149.25,53.59192657470703,37.2400016784668,332.7799987792969,397.8699951171875,18.90999984741211,533.719970703125,763.8232421875,329.45001220703125,171.80999755859375,375.595703125,140.52999877929688,628.7880249023438,36.63999938964844,362.8599853515625,417.8291015625,452.3605651855469,13.180000305175781,225.3000030517578,264.3599853515625,46.93000030517578,78.80000305175781,387.7225341796875,30.299999237060547,371.0400085449219,548.0499877929688,200.00999450683594,83.83999633789062,103.69999694824219,165.11000061035156,82.16000366210938,107.43000030517578,181.7449951171875
2026-08-24,76.00241088867188,310.3399963378906,264.5199890136719,190.2100067138672,186.52999877929688,276.2699890136719,370.0425720214844,76.87999725341797,277.5299987792969,484.19000244140625,456.75,262.07000732421875,188.14999389648438,298.5899963378906,238.77999877929688,9.760000228881836,1740.1300048828125,358.10791015625,337.3299865722656,62.01360321044922,48.15999984741211,212.84596252441406,49.0099983215332,59.970001220703125,811.02001953125,315.9200134277344,35.029998779296875,,92.55000305175781,107.16999816894531,277.8656311035156,179.47999572753906,133.35000610351562,971.4000244140625,208.69285583496094,190.67999267578125,86.25,110.2300033569336,203.08999633789062,229.05999755859375,225.77000427246094,648.6400146484375,433.19000244140625,25.969999313354492,62.560001373291016,146.83999633789062,150.2100067138672,83.23999786376953,408.6700134277344,151.99000549316406,341.8399963378906,40.91999816894531,145.2764434814453,347.83642578125,1031.2294921875,42.029998779296875,334.9615783691406,214.77000427246094,103.62000274658203,244.1699981689453,231.0399932861328,162.4498291015625,87.26000213623047,369.9200134277344,40.33000183105469,79.98999786376953,373.57000732421875,142.59080505371094,271.70001220703125,356.3900146484375,181.57000732421875,110.04945373535156,91.4443359375,399.1000061035156,1246.9300537109375,216.97999572753906,309.8408508300781,599.8599853515625,360.20001220703125,270.6164855957031,402.69000244140625,64.69999694824219,1947.9000244140625,558.5792236328125,94.25,1285.030029296875,149.77590942382812,229.2899932861328,214.0800018310547,487.30999755859375,910.4299926757812,210.91000366210938,280.3500061035156,80.01000213623047,40.322261810302734,128.0500030517578,208.24697875976562,12.229999542236328,221.4435272216797,130.97000122070312,71.93000030517578,142.4499969482422,90.68000030517578,350.8999938964844,16.56999969482422,143.14085388183594,146.60000610351562,1012.2013549804688,175.88999938964844,52.958030700683594,61.52802658081055,157.67185974121094,178.4600067138672,705.5847778320312,38.7599983215332,158.17999267578125,20.81999969482422,107.48999786376953,115.68000030517578,149.8000030517578,53.72126007080078,35.16999816894531,322.7799987792969,394.510009765625,18.239999771118164,537.8400268554688,761.5787963867188,327.80999755859375,171.3300018310547,364.7598876953125,140.7100067138672,628.2584228515625,36.709999084472656,348.95001220703125,409.022705078125,451.89166259765625,13.270000457763672,222.58999633789062,258.94000244140625,46.15999984741211,79.29000091552734,396.31964111328125,29.889999389648438,382.4100036621094,547.5900268554688,199.14999389648438,84.72000122070312,106.48999786376953,164.0500030517578,81.37999725341797,104.83000183105469,176.05999755859375
2026-08-25,76.09230041503906,309.8999938964844,265.7900085449219,190.5,186.92999267578125,273.9200134277344,372.5249938964844,77.94499969482422,282.6499938964844,480.0400085449219,479.17999267578125,261.05999755859375,190.94000244140625,310.5400085449219,241.55999755859375,9.4399995803833,1744.1600341796875,356.091552734375,335.95001220703125,62.113094329833984,47.709999084472656,213.26495361328125,49.86000061035156,58.52000045776367,811.2899780273438,331.8999938964844,35.34000015258789,,91.33000183105469,104.93000030517578,276.0242614746094,187.16000366210938,131.83999633789062,960.010009765625,205.32876586914062,185.3800048828125,88.04000091552734,111.11000061035156,199.88999938964844,233.5,222.99000549316406,630.6599731445312,451.5,25.790000915527344,60.540000915527344,146.0399932861328,146.8300018310547,80.4000015258789,409.20001220703125,153.66000366210938,349.5400085449219,39.779998779296875,146.8834228515625,346.73712158203125,1053.71923828125,41.65999984741211,335.4082946777344,215.67999267578125,112.08999633789062,237.69000244140625,234.19000244140625,161.24383544921875,87.4800033569336,357.4599914550781,39.13999938964844,78.56999969482422,371.8399963378906,141.424072265625,273.1400146484375,356.69000244140625,183.33999633789062,109.70359802246094,91.0964126586914,389.05999755859375,1233.6600341796875,214.60000610351562,314.3260803222656,599.3699951171875,357.7699890136719,266.20782470703125,404.9200134277344,62.9900016784668,1997.0,569.6004638671875,93.2300033569336,1304.1500244140625,155.53192138671875,240.3800048828125,216.77000427246094,491.7099914550781,932.969970703125,221.97000122070312,277.5799865722656,82.2300033569336,39.065589904785156,127.0,212.81187438964844,12.4399995803833,223.74317932128906,130.61000061035156,72.51000213623047,144.75999450683594,90.31999969482422,339.8999938964844,16.65999984741211,140.76622009277344,145.39999389648438,1014.2672119140625,172.72999572753906,54.4019775390625,62.11656951904297,159.6908721923828,175.94000244140625,709.9801635742188,39.119998931884766,159.75999450683594,20.309999465942383,105.76000213623047,123.18000030517578,153.8800048828125,53.014923095703125,38.459999084472656,317.0199890136719,408.7900085449219,19.0,552.5700073242188,764.0127563476562,330.5899963378906,166.49000549316406,366.289306640625,139.47999572753906,627.6688842773438,36.79999923706055,350.25,416.293212890625,454.17626953125,13.25,223.97000122070312,260.04998779296875,44.9900016784668,80.3499984741211,394.16290283203125,30.579999923706055,384.1400146484375,552.8499755859375,194.4199981689453,84.79000091552734,105.37999725341797,160.63999938964844,82.72000122070312,100.91999816894531,168.4199981689453
2026-08-26,79.67768859863281,313.45001220703125,262.8999938964844,188.07000732421875,181.3800048828125,273.4700012207031,370.670654296875,76.45999908447266,290.29998779296875,479.760009765625,480.92999267578125,260.2799987792969,202.25,308.1099853515625,251.05999755859375,9.4399995803833,1745.6400146484375,354.94366455078125,336.1499938964844,61.91410827636719,48.11000061035156,208.38673400878906,48.16999816894531,58.7400016784668,821.9299926757812,334.67999267578125,35.22999954223633,,92.05999755859375,104.2300033569336,279.6671447753906,181.77999877929688,130.61000061035156,956.1199951171875,205.25888061523438,189.17999267578125,88.01000213623047,112.36000061035156,200.2100067138672,236.92999267578125,227.6699981689453,634.5399780273438,463.82000732421875,24.780000686645508,59.33000183105469,140.8800048828125,144.83999633789062,79.25,419.44000244140625,157.5399932861328,354.3900146484375,40.08000183105469,152.49285888671875,341.7803039550781,1035.3890380859375,41.310001373291016,332.40045166015625,220.6699981689453,108.54000091552734,237.0800018310547,229.8699951171875,161.38336181640625,88.23999786376953,345.8800048828125,39.84000015258789,79.97000122070312,370.4200134277344,143.92706298828125,270.0,356.5,183.8300018310547,109.03166198730469,89.54566955566406,393.7200012207031,1189.4100341796875,210.36000061035156,312.5479736328125,598.469970703125,358.6700134277344,265.04608154296875,406.1099853515625,63.0099983215332,1950.43994140625,575.6856689453125,92.55000305175781,1303.8800048828125,152.20159912109375,245.11000061035156,214.0800018310547,496.3699951171875,938.4000244140625,213.92999267578125,284.8900146484375,81.45999908447266,38.184932708740234,125.80000305175781,209.4256591796875,12.670000076293945,222.15032958984375,134.4199981689453,73.22000122070312,148.8699951171875,89.55000305175781,339.30999755859375,16.760000228881836,140.6870574951172,145.0,1037.400634765625,177.5,54.67085266113281,61.65770721435547,162.83377075195312,176.6699981689453,710.6295166015625,37.560001373291016,158.60000610351562,20.510000228881836,108.48999786376953,119.12000274658203,150.2899932861328,53.32332229614258,37.38999938964844,315.3699951171875,410.0,18.84000015258789,550.030029296875,764.182373046875,329.6700134277344,168.47000122070312,362.9605712890625,136.8300018310547,633.2246704101562,36.970001220703125,345.82000732421875,416.57244873046875,462.3070373535156,13.029999732971191,228.4600067138672,261.7699890136719,44.380001068115234,78.48999786376953,398.5558776855469,30.469999313354492,383.8999938964844,547.2899780273438,190.75,85.2300033569336,104.33999633789062,158.19000244140625,83.0999984741211,93.83000183105469,170.30999755859375
2026-08-27,78.0497817993164,314.5799865722656,258.1499938964844,184.39999389648438,187.3800048828125,289.1499938964844,373.38238525390625,77.48999786376953,304.0899963378906,482.3599853515625,476.6700134277344,256.260009765625,201.08999633789062,312.6300048828125,255.2100067138672,10.170000076293945,1735.010009765625,370.86468505859375,334.1600036621094,60.85948944091797,48.869998931884766,202.07199096679688,46.66999816894531,58.84000015258789,817.0,347.54998779296875,32.9900016784668,,90.95999908447266,103.62999725341797,279.6273498535156,190.72000122070312,129.52000427246094,934.6599731445312,251.60736083984375,227.9600067138672,86.80000305175781,112.1500015258789,199.77000427246094,231.88999938964844,242.92999267578125,622.6599731445312,472.260009765625,24.219999313354492,63.79999923706055,142.86000061035156,144.5,83.73999786376953,416.0400085449219,172.77999877929688,342.7300109863281,40.439998626708984,152.5128173828125,340.4311828613281,1035.7969970703125,44.810001373291016,326.2060852050781,220.38999938964844,109.76000213623047,255.8300018310547,238.7899932861328,160.70562744140625,92.08999633789062,348.0,41.869998931884766,78.97000122070312,367.07000732421875,141.81298828125,265.7699890136719,354.2200012207031,183.77000427246094,108.67593383789062,88.5317153930664,391.1499938964844,1176.0999755859375,206.74000549316406,318.2419128417969,591.72998046875,353.8699951171875,258.2245788574219,440.5799865722656,62.43000030517578,1930.75,570.6495971679688,99.50499725341797,1311.0799560546875,148.6624755859375,241.4499969482422,214.86000061035156,505.05999755859375,935.3900146484375,218.47999572753906,308.2300109863281,79.83999633789062,38.03650665283203,138.42999267578125,227.7251739501953,12.510000228881836,224.84820556640625,172.91000366210938,74.80000305175781,151.94000244140625,87.83000183105469,382.8500061035156,18.329999923706055,138.2431640625,143.13999938964844,1009.1675415039062,185.92999267578125,55.079139709472656,61.31854248046875,163.88803100585938,188.58999633789062,720.359375,38.150001525878906,156.25,22.709999084472656,107.26000213623047,118.31999969482422,154.3300018310547,54.726043701171875,38.459999084472656,329.1099853515625,464.8900146484375,19.18000030517578,527.25,769.18994140625,322.1199951171875,185.6199951171875,371.9171447753906,134.22000122070312,630.2169189453125,35.16999816894531,354.80999755859375,426.15673828125,453.2384948730469,13.420000076293945,241.33999633789062,266.5400085449219,43.4900016784668,76.94999694824219,392.63232421875,30.459999084472656,379.6600036621094,547.5499877929688,193.57000732421875,84.97000122070312,102.62999725341797,156.44000244140625,84.8499984741211,100.2699966430664,187.3000030517578
2026-08-28,75.772705078125,319.70001220703125,255.47999572753906,189.42999267578125,189.61000061035156,291.5199890136719,360.68109130859375,77.76000213623047,289.4700012207031,461.6700134277344,465.5799865722656,266.42999267578125,195.3800048828125,317.760009765625,239.0500030517578,10.1899995803833,1696.1600341796875,368.11968994140625,333.20001220703125,62.00365447998047,50.310001373291016,205.1345977783203,46.84000015258789,58.790000915527344,800.25,340.3900146484375,32.97999954223633,,90.75,102.52999877929688,284.464599609375,178.63999938964844,130.35000610351562,945.469970703125,255.5504150390625,218.39999389648438,84.2300033569336,109.93000030517578,201.86000061035156,236.74000549316406,236.97999572753906,630.3300170898438,456.239990234375,25.260000228881836,64.0,146.97999572753906,143.35000610351562,99.91000366210938,402.7799987792969,166.0,342.5799865722656,41.54999923706055,148.6999969482422,346.36737060546875,1028.9505615234375,44.869998931884766,327.7745361328125,217.42999267578125,104.26000213623047,260.67999267578125,235.58999633789062,161.79200744628906,89.47000122070312,358.05999755859375,41.15999984741211,78.58000183105469,372.6000061035156,139.20028686523438,268.0400085449219,357.6199951171875,175.5399932861328,108.25102996826172,89.12816619873047,393.3900146484375,1174.6099853515625,208.0500030517578,301.5796203613281,595.2999877929688,351.0799865722656,263.12969970703125,446.6199951171875,62.36000061035156,1966.25,577.564208984375,100.70999908447266,1256.260009765625,147.47946166992188,216.6199951171875,214.77000427246094,513.530029296875,932.8599853515625,209.17999267578125,299.8399963378906,81.72000122070312,39.184329986572266,144.7100067138672,217.3068389892578,11.489999771118164,222.5784149169922,166.22999572753906,72.61000061035156,150.85000610351562,88.5,371.5899963378906,18.149999618530273,139.5789031982422,143.77999877929688,993.02001953125,186.2899932861328,51.29499816894531,53.52778625488281,163.30123901367188,187.0500030517578,715.6842651367188,38.529998779296875,157.6750030517578,21.540000915527344,107.8499984741211,119.36000061035156,152.89999389648438,57.03407287597656,37.08000183105469,328.0,442.6099853515625,18.059999465942383,547.510009765625,767.4442749023438,330.69000244140625,190.4149932861328,354.8337097167969,135.1199951171875,621.7034301757812,35.150001525878906,348.75,416.40289306640625,447.9010925292969,13.569999694824219,237.77999877929688,258.6400146484375,43.310001373291016,78.81999969482422,390.5451965332031,29.079999923706055,381.6000061035156,541.6900024414062,204.72000122070312,86.69000244140625,103.08999633789062,156.7100067138672,83.56999969482422,98.43000030517578,184.22999572753906
2026-08-31,75.8725814819336,316.8500061035156,256.4200134277344,183.22000122070312,189.75999450683594,292.7900085449219,361.0400085449219,74.44999694824219,296.9800109863281,458.3900146484375,470.7200012207031,259.7699890136719,195.69000244140625,312.05999755859375,241.91000366210938,10.260000228881836,1696.010009765625,369.6668395996094,330.1700134277344,61.625579833984375,49.22999954223633,198.6103515625,48.29999923706055,58.220001220703125,797.469970703125,338.7799987792969,31.450000762939453,,89.81999969482422,97.68000030517578,284.166015625,188.1199951171875,132.49000549316406,943.8900146484375,257.08770751953125,231.0,84.88999938964844,110.48999786376953,206.13999938964844,231.74000549316406,237.0399932861328,654.9099731445312,456.010009765625,24.290000915527344,66.2699966430664,148.36000061035156,144.9600067138672,97.55000305175781,401.8800048828125,170.92999267578125,335.7099914550781,41.20000076293945,148.72999572753906,339.13201904296875,1020.9000244140625,46.540000915527344,325.4317932128906,213.52999877929688,104.80999755859375,261.3599853515625,233.8699951171875,160.1674041748047,89.51000213623047,359.29998779296875,40.849998474121094,77.05000305175781,376.8599853515625,137.85406494140625,265.8500061035156,356.0199890136719,175.4499969482422,106.66999816894531,88.14402770996094,382.6400146484375,1156.72998046875,204.6999969482422,301.1700439453125,589.3099975585938,341.760009765625,261.6800231933594,453.3699951171875,62.06999969482422,1936.199951171875,571.888671875,101.13999938964844,1267.77001953125,146.89291381835938,211.66000366210938,213.32000732421875,507.2900085449219,958.72998046875,206.32000732421875,305.1099853515625,81.05000305175781,38.650001525878906,147.99000549316406,220.53323364257812,11.59000015258789,223.6336669921875,173.0399932861328,74.08999633789062,149.1199951171875,88.80000305175781,382.1300048828125,18.670000076293945,138.8566131591797,145.1199951171875,979.4400024414062,186.3800048828125,51.380001068115234,52.53523635864258,169.5571746826172,186.13999938964844,716.013916015625,41.290000915527344,156.92999267578125,22.100000381469727,106.25,113.4800033569336,147.3699951171875,59.78976821899414,37.279998779296875,331.42999267578125,439.5899963378906,17.8799991607666,543.6199951171875,765.1499633789062,323.79998779296875,194.1699981689453,349.6956481933594,133.91000366210938,616.6273193359375,34.09000015258789,367.95001220703125,414.20880126953125,443.3518371582031,13.720000267028809,235.6300048828125,260.9100036621094,42.099998474121094,75.6500015258789,387.02685546875,28.68000030517578,379.3699951171875,544.52001953125,197.4499969482422,86.38999938964844,104.87000274658203,160.9499969482422,82.0199966430664,96.68000030517578,188.38499450683594
2026-09-01,75.25337219238281,325.1300048828125,259.989990234375,182.5449981689453,188.08999633789062,286.0799865722656,354.5199890136719,69.94000244140625,279.9100036621094,441.8500061035156,459.6099853515625,254.9199981689453,189.25999450683594,311.739990234375,234.82000732421875,9.829999923706055,1665.1400146484375,369.008056640625,324.19000244140625,61.675331115722656,47.619998931884766,195.21853637695312,48.08000183105469,57.25,779.1599731445312,313.0400085449219,30.719999313354492,,89.62999725341797,94.97000122070312,285.1116027832031,176.82000732421875,136.19000244140625,939.9600219726562,257.6567077636719,215.07000732421875,81.8499984741211,109.73999786376953,211.0500030517578,225.66000366210938,223.83999633789062,676.0800170898438,425.0,23.440000534057617,64.63999938964844,158.77000427246094,148.35000610351562,92.38999938964844,390.7099914550781,161.85000610351562,331.0899963378906,41.09000015258789,145.55999755859375,334.8047790527344,1002.5599975585938,45.09000015258789,317.4307556152344,209.97999572753906,103.51000213623047,251.11000061035156,231.39999389648438,159.07106018066406,88.97000122070312,344.92999267578125,39.060001373291016,74.63999938964844,369.25,138.8612518310547,271.19000244140625,354.95001220703125,170.88999938964844,105.81031799316406,87.4780044555664,377.25,1160.0,200.0500030517578,289.8920593261719,581.0999755859375,334.54998779296875,261.1099853515625,434.2099914550781,61.61000061035156,1963.489990234375,578.083740234375,96.51000213623047,1225.9599609375,148.98060607910156,210.38999938964844,211.0399932861328,501.0199890136719,933.4400024414062,199.5399932861328,285.510009765625,80.80999755859375,38.119998931884766,142.89999389648438,217.1969757080078,10.9399995803833,221.4036865234375,166.42999267578125,72.6500015258789,141.32000732421875,87.94999694824219,362.0899963378906,18.139999389648438,138.3124237060547,146.2100067138672,952.0900268554688,179.9199981689453,49.779998779296875,52.27089309692383,165.7081298828125,177.00999450683594,706.9033813476562,40.66999816894531,155.52999877929688,20.6299991607666,106.1500015258789,112.6500015258789,139.82000732421875,56.85499954223633,36.709999084472656,319.79998779296875,414.82000732421875,17.049999237060547,544.1500244140625,759.89306640625,317.3999938964844,187.02999877929688,335.3311767578125,133.27000427246094,600.0400390625,33.59000015258789,356.0899963378906,412.892333984375,439.11187744140625,13.779999732971191,228.64999389648438,253.33999633789062,40.91999816894531,75.23999786376953,393.8746643066406,27.389999389648438,372.6700134277344,547.6500244140625,198.3800048828125,87.04000091552734,105.91999816894531,164.5500030517578,77.87999725341797,94.9000015258789,178.3699951171875
2026-09-02,74.52430725097656,324.9599914550781,261.7200012207031,183.25999450683594,187.67999267578125,279.7900085449219,355.7099914550781,74.08999633789062,274.1300048828125,438.4599914550781,457.05999755859375,254.97999572753906,186.10000610351562,319.04998779296875,234.86000061035156,9.800000190734863,1682.300048828125,366.5724792480469,329.9800109863281,62.282230377197266,48.7599983215332,199.11912536621094,48.369998931884766,57.58000183105469,792.280029296875,306.6700134277344,31.290000915527344,,90.0999984741211,94.2699966430664,276.4721374511719,174.9600067138672,137.1999969482422,928.47998046875,256.478759765625,203.4199981689453,80.93000030517578,109.45999908447266,211.77999877929688,226.24000549316406,209.22999572753906,698.3699951171875,492.20001220703125,24.209999084472656,65.38999938964844,157.85000610351562,148.9600067138672,89.58000183105469,390.8500061035156,154.5399932861328,329.5,40.58000183105469,144.1300048828125,336.9034423828125,1004.4199829101562,49.59000015258789,316.17999267578125,206.07000732421875,106.98999786376953,245.50999450683594,231.6999969482422,157.3268585205078,90.05000305175781,342.94000244140625,36.790000915527344,75.0,371.8800048828125,138.8612518310547,275.2099914550781,356.2200012207031,172.25999450683594,107.99411010742188,87.71658325195312,374.0,1160.0799560546875,199.83999633789062,288.0140380859375,588.1400146484375,333.1400146484375,260.95001220703125,375.3999938964844,62.45000076293945,2006.5799560546875,592.3824462890625,94.44000244140625,1219.3599853515625,150.75015258789062,206.47999572753906,211.82000732421875,496.82000732421875,956.0800170898438,204.08999633789062,272.739990234375,82.7300033569336,38.2400016784668,136.72000122070312,224.1591796875,11.210000038146973,227.47637939453125,163.14999389648438,72.33999633789062,145.75,86.97000122070312,328.4800109863281,17.989999771118164,139.0347137451172,147.63999938964844,949.3800048828125,169.4600067138672,50.29999923706055,54.53529357910156,169.04000854492188,170.8300018310547,708.501708984375,41.209999084472656,157.6999969482422,19.68000030517578,106.72000122070312,112.80999755859375,141.8699951171875,58.130001068115234,37.0,305.8399963378906,415.9700012207031,17.84000015258789,559.3599853515625,763.2646484375,312.19000244140625,186.44000244140625,341.48883056640625,131.30999755859375,608.0739135742188,34.040000915527344,357.010009765625,414.3883056640625,437.9845275878906,14.550000190734863,226.75,254.8000030517578,40.7599983215332,76.44999694824219,397.214111328125,28.170000076293945,378.3999938964844,556.75,200.8699951171875,89.2699966430664,106.08999633789062,164.14999389648438,82.45999908447266,95.86000061035156,172.72999572753906
2026-09-03,77.8800048828125,328.2099914550781,260.2099914550781,185.25,193.1199951171875,285.75,356.5,74.30000305175781,282.82000732421875,435.9100036621094,456.1600036621094,258.8999938964844,191.44000244140625,313.5799865722656,242.58999633789062,10.09000015258789,1646.18994140625,356.51080322265625,329.82000732421875,62.71999740600586,50.86000061035156,194.65989685058594,46.95000076293945,59.08000183105469,800.1400146484375,304.8800048828125,31.610000610351562,,90.08999633789062,94.29000091552734,280.7321472167969,192.6999969482422,135.72000122070312,925.4099731445312,263.9656066894531,214.97000122070312,84.55999755859375,108.61000061035156,211.32000732421875,222.0,214.75999450683594,694.4099731445312,516.3900146484375,24.190000534057617,65.97000122070312,158.82000732421875,145.9600067138672,96.12999725341797,397.1199951171875,156.36000061035156,333.4800109863281,39.2599983215332,146.0,342.260009765625,1037.9300537109375,49.310001373291016,318.07000732421875,207.6300048828125,124.72000122070312,255.1199951171875,234.7100067138672,164.0445098876953,91.66999816894531,344.29998779296875,38.75,75.4000015258789,369.8299865722656,141.83291625976562,278.42999267578125,362.05999755859375,172.94000244140625,106.66999816894531,88.283203125,386.0799865722656,1159.5999755859375,201.89999389648438,292.34942626953125,585.7100219726562,336.07000732421875,259.6300048828125,384.45001220703125,61.45000076293945,1991.06005859375,610.1984252929688,97.33000183105469,1213.6500244140625,151.446044921875,208.8300018310547,217.14999389648438,510.1199951171875,958.1599731445312,210.6300048828125,284.510009765625,82.66999816894531,38.77000045776367,145.58999633789062,228.1946563720703,11.100000381469727,223.9821014404297,170.4199981689453,73.6500015258789,154.0399932861328,87.37999725341797,331.94000244140625,18.219999313354492,138.54000854492188,146.9199981689453,964.52001953125,182.52999877929688,50.540000915527344,56.68000030517578,168.57000732421875,174.35000610351562,716.9229125976562,41.5099983215332,158.30999755859375,19.799999237060547,105.81999969482422,113.0999984741211,145.8800048828125,57.40999984741211,37.869998931884766,356.4700012207031,416.30999755859375,18.510000228881836,560.1099853515625,771.2548217773438,307.989990234375,194.67999267578125,338.4599914550781,132.19000244140625,617.956298828125,33.93000030517578,376.3699951171875,415.894287109375,444.1399841308594,15.09000015258789,240.47999572753906,253.8300018310547,42.08000183105469,75.95999908447266,398.4862976074219,28.520000457763672,378.75,557.9600219726562,206.9199981689453,89.19000244140625,108.41999816894531,162.2100067138672,83.37000274658203,98.13999938964844,177.8000030517578
2026-09-04,79.4000015258789,319.9700012207031,256.4599914550781,181.94000244140625,186.72000122070312,266.510009765625,362.25,72.3499984741211,310.3999938964844,454.7099914550781,477.57000732421875,258.510009765625,193.77999877929688,320.55999755859375,252.08999633789062,8.8100004196167,1714.8800048828125,357.24945068359375,326.1600036621094,62.68000030517578,49.15999984741211,192.82431030273438,47.79999923706055,59.709999084472656,813.9400024414062,292.70001220703125,30.65999984741211,,88.7699966430664,93.05999755859375,279.9757080078125,184.63999938964844,134.25999450683594,915.739990234375,258.7747497558594,213.10000610351562,89.36000061035156,109.19999694824219,208.60000610351562,211.72999572753906,212.92999267578125,693.530029296875,524.1400146484375,24.010000228881836,68.41000366210938,154.4600067138672,145.19000244140625,91.80999755859375,410.8500061035156,156.2899932861328,337.1199951171875,38.290000915527344,154.3000030517578,338.4599914550781,1038.6099853515625,49.83000183105469,321.04998779296875,209.61000061035156,122.11000061035156,247.60000610351562,234.88999938964844,160.7255401611328,95.80000305175781,332.70001220703125,40.20000076293945,76.36000061035156,366.70001220703125,144.53536987304688,275.2300109863281,358.6400146484375,185.60000610351562,104.95999908447266,87.54759216308594,390.5299987792969,1149.3599853515625,204.4499969482422,307.3235168457031,579.2100219726562,336.510009765625,255.69000244140625,368.739990234375,61.279998779296875,1978.3599853515625,616.2836303710938,91.06999969482422,1223.8599853515625,149.44784545898438,223.5500030517578,217.72000122070312,499.70001220703125,1016.5900268554688,226.38999938964844,278.9200134277344,78.25,38.400001525878906,141.25999450683594,230.10252380371094,11.800000190734863,226.81932067871094,170.60000610351562,74.37999725341797,158.77999877929688,87.88999938964844,333.260009765625,15.1899995803833,137.6300048828125,146.44000244140625,962.5900268554688,174.3300018310547,50.45000076293945,54.959999084472656,168.74000549316406,171.64999389648438,718.2116088867188,43.310001373291016,155.58999633789062,19.8799991607666,104.47000122070312,112.08999633789062,145.08999633789062,57.5099983215332,39.59000015258789,337.17999267578125,393.8399963378906,18.219999313354492,542.4299926757812,768.2822265625,303.1300048828125,189.5800018310547,357.0299987792969,132.0800018310547,613.3099365234375,33.95000076293945,354.0799865722656,427.762451171875,447.8999938964844,14.430000305175781,232.97999572753906,258.44000244140625,41.65999984741211,75.76000213623047,394.7095642089844,28.049999237060547,375.07000732421875,546.1199951171875,195.7899932861328,89.97000122070312,107.13999938964844,159.47000122070312,82.76000213623047,101.33000183105469,169.8000030517578
2026-09-08,79.4000015258789,316.2200012207031,248.77999877929688,174.5399932861328,179.02999877929688,257.260009765625,363.20001220703125,72.08000183105469,288.8500061035156,472.7900085449219,505.739990234375,256.9700012207031,194.9600067138672,312.010009765625,261.5299987792969,8.789999961853027,1764.8499755859375,367.89007568359375,326.1000061035156,62.38999938964844,47.599998474121094,179.86561584472656,44.97999954223633,59.11000061035156,822.47998046875,284.1099853515625,29.559999465942383,,88.41000366210938,91.5999984741211,276.92999267578125,178.94000244140625,135.0399932861328,910.1799926757812,248.6824951171875,210.02000427246094,99.83000183105469,109.16999816894531,209.8000030517578,200.44000244140625,210.22999572753906,680.72998046875,533.8800048828125,23.8700008392334,65.08000183105469,146.38999938964844,145.36000061035156,88.41999816894531,422.1300048828125,157.47000122070312,334.9100036621094,37.689998626708984,165.9600067138672,338.3599853515625,1036.530029296875,47.150001525878906,313.70001220703125,208.24000549316406,117.33999633789062,240.4199981689453,232.08999633789062,157.23715209960938,104.47000122070312,318.92999267578125,40.150001525878906,75.11000061035156,350.1600036621094,145.96136474609375,269.1199951171875,353.510009765625,188.97999572753906,102.93000030517578,87.83586883544922,385.17999267578125,1123.9100341796875,200.8000030517578,320.0799865722656,570.8900146484375,328.7900085449219,255.80999755859375,356.0,61.630001068115234,1926.25,612.9962158203125,83.66999816894531,1218.5,147.5888214111328,225.41000366210938,216.24000549316406,493.95001220703125,1000.260009765625,243.8800048828125,284.29998779296875,76.7699966430664,38.099998474121094,134.2100067138672,225.47769165039062,12.0,222.8671112060547,167.59500122070312,71.08000183105469,162.52000427246094,85.88999938964844,336.9800109863281,14.010000228881836,138.4499969482422,145.5800018310547,955.8699951171875,170.3000030517578,50.459999084472656,53.18000030517578,174.08999633789062,170.32000732421875,717.6122436523438,44.81999969482422,155.33999633789062,19.43000030517578,102.01000213623047,113.33000183105469,134.10000610351562,57.099998474121094,40.2599983215332,335.5,392.0299987792969,18.010000228881836,528.6400146484375,764.0626831054688,276.42999267578125,176.4199981689453,372.05999755859375,128.9199981689453,602.5581665039062,33.290000915527344,368.1600036621094,437.825439453125,446.0,14.020000457763672,225.88999938964844,258.9200134277344,42.75,73.12999725341797,398.38690185546875,26.979999542236328,368.6400146484375,528.9000244140625,186.27999877929688,87.95999908447266,106.05000305175781,160.66000366210938,80.0999984741211,96.44000244140625,161.94000244140625
2026-09-09,77.0199966430664,315.3399963378906,250.91000366210938,169.6300048828125,175.8000030517578,254.86000061035156,365.07000732421875,68.1500015258789,300.5400085449219,468.8500061035156,521.0999755859375,252.39999389648438,192.92999267578125,305.05999755859375,264.2300109863281,8.25,1729.52001953125,363.7176818847656,321.79998779296875,62.66999816894531,47.939998626708984,173.0121612548828,44.959999084472656,57.95000076293945,815.5599975585938,284.6000061035156,27.639999389648438,,88.02999877929688,89.62000274658203,274.70001220703125,174.72000122070312,136.52999877929688,902.5999755859375,243.73121643066406,207.8000030517578,94.94000244140625,109.43000030517578,213.80999755859375,197.2449951171875,225.27000427246094,677.2100219726562,535.25,23.65999984741211,64.44999694824219,139.24000549316406,147.00999450683594,86.58000183105469,415.2200012207031,157.22000122070312,325.4200134277344,37.09000015258789,168.4600067138672,330.6499938964844,1028.780029296875,46.33000183105469,310.45001220703125,204.92999267578125,115.27999877929688,230.19000244140625,239.94000244140625,155.9813232421875,106.23999786376953,313.94000244140625,38.650001525878906,73.58000183105469,353.239990234375,144.51541137695312,267.0799865722656,354.7099914550781,182.91000366210938,98.69999694824219,87.03067779541016,375.7799987792969,1124.2099609375,198.60000610351562,315.50482177734375,567.5,331.5199890136719,253.47999572753906,358.3800048828125,62.41999816894531,1876.3299560546875,653.1744995117188,81.11000061035156,1203.75,146.66427612304688,235.00999450683594,215.35000610351562,491.6499938964844,1027.77001953125,240.35000610351562,314.17999267578125,76.02999877929688,37.349998474121094,131.11000061035156,223.4199981689453,11.600000381469727,222.319580078125,172.74000549316406,70.9800033569336,161.6300048828125,86.08000183105469,335.1000061035156,13.569999694824219,136.69000244140625,142.63999938964844,949.469970703125,169.52999877929688,49.709999084472656,52.16999816894531,176.39999389648438,170.1699981689453,715.5643920898438,44.52000045776367,152.89999389648438,19.440000534057617,100.04000091552734,108.70999908447266,126.79000091552734,57.04999923706055,38.93000030517578,331.4800109863281,393.2200012207031,17.329999923706055,523.0,760.5115356445312,275.3900146484375,177.74000549316406,383.69000244140625,126.12000274658203,605.22607421875,32.45000076293945,367.80999755859375,434.1951599121094,444.1700134277344,13.880000114440918,227.19000244140625,261.5899963378906,42.540000915527344,71.08000183105469,390.6545104980469,25.889999389648438,367.3900146484375,521.1199951171875,186.0500030517578,89.66999816894531,105.83000183105469,164.22999572753906,79.4000015258789,96.18000030517578,166.10000610351562
2026-09-10,76.5199966430664,326.57000732421875,255.0,167.64999389648438,177.91000366210938,248.8300018310547,361.25,67.98999786376953,284.5299987792969,454.010009765625,503.6000061035156,251.88999938964844,188.99000549316406,314.489990234375,254.17999267578125,8.5600004196167,1687.4300537109375,360.17413330078125,320.7099914550781,62.560001373291016,47.630001068115234,173.91000366210938,43.099998474121094,56.63999938964844,805.0,284.95001220703125,26.6299991607666,,87.9000015258789,88.7699966430664,274.07000732421875,172.27999877929688,137.0399932861328,902.3800048828125,242.5732421875,208.86000061035156,89.12000274658203,107.44000244140625,212.75999450683594,201.02999877929688,221.72000122070312,677.9400024414062,506.6199951171875,23.709999084472656,65.80000305175781,145.16000366210938,147.4600067138672,83.4800033569336,409.1499938964844,158.85000610351562,324.1499938964844,35.959999084472656,163.1199951171875,332.6000061035156,1019.77001953125,47.29999923706055,305.69000244140625,202.17999267578125,113.33000183105469,223.5500030517578,234.02000427246094,155.29360961914062,100.31999969482422,312.7699890136719,38.439998626708984,73.08999633789062,360.4599914550781,142.4113006591797,266.3500061035156,353.55999755859375,177.17999267578125,98.4800033569336,87.30902099609375,372.6199951171875,1123.0,196.58999633789062,297.6937561035156,565.3699951171875,329.07000732421875,253.0500030517578,373.8699951171875,62.470001220703125,1906.239990234375,643.8718872070312,85.16999816894531,1186.0799560546875,143.86082458496094,226.9600067138672,212.66000366210938,492.44000244140625,977.4099731445312,228.11000061035156,311.1700134277344,76.01000213623047,36.619998931884766,131.1699981689453,218.36000061035156,11.149999618530273,225.45547485351562,171.11000061035156,70.16999816894531,152.94000244140625,85.51000213623047,338.489990234375,13.869999885559082,136.64999389648438,142.97000122070312,934.3400268554688,165.86000061035156,49.689998626708984,53.310001373291016,176.8800048828125,161.57000732421875,707.9523315429688,44.880001068115234,154.1199951171875,19.809999465942383,99.22000122070312,107.69000244140625,126.5999984741211,56.0099983215332,37.380001068115234,329.7200012207031,397.1700134277344,17.209999084472656,521.72998046875,755.9528198242188,270.010009765625,179.57000732421875,370.19000244140625,126.41999816894531,602.718017578125,31.940000534057617,363.55999755859375,426.8847961425781,439.8299865722656,13.970000267028809,231.1300048828125,258.82000732421875,42.06999969482422,72.55999755859375,385.90374755859375,25.100000381469727,367.2099914550781,514.5599975585938,185.08999633789062,89.44999694824219,105.7300033569336,165.22999572753906,79.06999969482422,95.45999908447266,163.47999572753906
2026-09-11,79.80000305175781,332.2699890136719,257.1199951171875,170.19000244140625,183.89999389648438,252.22999572753906,378.7799987792969,71.44000244140625,291.2200012207031,456.489990234375,516.1300048828125,256.7799987792969,199.58999633789062,323.9599914550781,264.7900085449219,8.770000457763672,1698.300048828125,361.33203125,324.69000244140625,62.689998626708984,47.25,173.9199981689453,42.97999954223633,57.459999084472656,818.5700073242188,289.3699951171875,27.219999313354492,,86.80000305175781,87.76000213623047,275.5400085449219,175.25999450683594,137.35000610351562,904.77001953125,247.2849578857422,206.74000549316406,88.98999786376953,112.12999725341797,214.05999755859375,201.9499969482422,221.2100067138672,675.739990234375,567.2899780273438,24.739999771118164,65.6500015258789,143.67999267578125,147.36000061035156,83.38999938964844,425.3699951171875,156.07000732421875,323.6600036621094,35.849998474121094,166.39999389648438,338.5,1029.1800537109375,46.9900016784668,308.739990234375,202.36000061035156,112.56999969482422,225.3300018310547,243.2899932861328,156.8783416748047,102.94000244140625,321.57000732421875,38.380001068115234,72.93000030517578,369.1499938964844,145.6023712158203,265.5799865722656,356.2300109863281,180.63999938964844,98.1500015258789,87.76628875732422,366.0400085449219,1115.699951171875,196.82000732421875,297.9035339355469,569.1900024414062,334.69000244140625,252.52999877929688,362.2099914550781,62.439998626708984,1897.3699951171875,647.51904296875,86.83999633789062,1234.4599609375,143.08538818359375,236.10000610351562,214.3800048828125,495.6300048828125,975.260009765625,224.5500030517578,306.5299987792969,77.4000015258789,36.79999923706055,132.52999877929688,218.2899932861328,11.630000114440918,235.55999755859375,166.5,76.13999938964844,150.27999877929688,85.81999969482422,330.6499938964844,13.75,136.32000732421875,145.27000427246094,950.22998046875,167.22999572753906,52.279998779296875,53.720001220703125,181.97000122070312,150.27999877929688,714.1358642578125,45.5,154.92999267578125,19.75,98.73999786376953,106.23999786376953,128.7899932861328,56.060001373291016,40.099998474121094,328.989990234375,397.3800048828125,17.31999969482422,525.75,762.3967895507812,275.55999755859375,179.6999969482422,379.7200012207031,126.0199966430664,609.3529052734375,32.119998931884766,365.44000244140625,432.0808410644531,442.5199890136719,14.34000015258789,227.35000610351562,268.70001220703125,43.959999084472656,71.66999816894531,376.7699890136719,25.59000015258789,370.45001220703125,515.4400024414062,185.6999969482422,90.29000091552734,107.1500015258789,165.99000549316406,79.20999908447266,95.56999969482422,164.5399932861328
2026-09-14,75.54000091552734,333.0799865722656,261.7699890136719,170.64999389648438,195.0,265.6000061035156,361.0199890136719,73.37999725341797,257.0400085449219,424.2099914550781,493.4100036621094,253.5399932861328,187.80999755859375,334.239990234375,239.00999450683594,9.65999984741211,1575.1500244140625,344.0934143066406,327.7799987792969,59.470001220703125,49.66999816894531,175.35000610351562,45.04999923706055,57.2599983215332,784.0,279.05999755859375,28.450000762939453,,87.88999938964844,89.30999755859375,280.4599914550781,191.4499969482422,136.6699981689453,918.9099731445312,258.9743957519531,235.3800048828125,82.9800033569336,110.05999755859375,212.1699981689453,203.5399932861328,230.0500030517578,681.4600219726562,534.280029296875,24.850000381469727,69.76000213623047,151.13999938964844,148.5399932861328,85.11000061035156,393.1600036621094,170.17999267578125,317.55999755859375,36.470001220703125,143.60000610351562,349.3900146484375,988.4500122070312,49.25,310.8699951171875,201.3800048828125,114.33000183105469,250.61000061035156,249.08999633789062,157.22718811035156,97.19000244140625,339.1499938964844,42.90999984741211,72.12999725341797,377.94000244140625,137.37539672851562,266.32000732421875,350.1300048828125,169.08999633789062,99.08999633789062,88.81999969482422,365.510009765625,1138.280029296875,198.1699981689453,273.19976806640625,574.4199829101562,340.4599914550781,257.489990234375,382.2900085449219,62.38999938964844,1900.239990234375,665.0751342773438,96.1050033569336,1143.239990234375,144.0,218.82000732421875,206.5800018310547,505.4100036621094,924.030029296875,212.19000244140625,330.3599853515625,80.31999969482422,37.04999923706055,142.35000610351562,210.9600067138672,10.890000343322754,223.22549438476562,186.4499969482422,71.6500015258789,144.7899932861328,87.22000122070312,373.94000244140625,14.65999984741211,136.33999633789062,146.1300048828125,928.8300170898438,173.30999755859375,48.5099983215332,54.029998779296875,180.14999389648438,172.91000366210938,708.4417724609375,51.290000915527344,157.4499969482422,22.610000610351562,99.06999969482422,108.68000030517578,133.88999938964844,53.31999969482422,36.7400016784668,332.3500061035156,381.42999267578125,17.649999618530273,556.3099975585938,758.9952392578125,281.8699951171875,192.77000427246094,329.20001220703125,125.98999786376953,613.1500244140625,33.290000915527344,358.9700012207031,416.8916015625,426.010009765625,14.970000267028809,231.8800048828125,263.4200134277344,43.45000076293945,72.62999725341797,383.54998779296875,26.100000381469727,375.2799987792969,519.510009765625,194.2100067138672,88.70999908447266,109.08000183105469,165.0800018310547,79.48999786376953,95.36000061035156,191.72999572753906
2026-09-15,74.31999969482422,331.3399963378906,263.0400085449219,168.32000732421875,193.39999389648438,257.760009765625,361.3500061035156,72.08999633789062,252.5399932861328,421.1700134277344,504.20001220703125,248.4199981689453,192.83999633789062,331.4599914550781,241.8300018310547,9.5,1591.47998046875,338.6533203125,324.42999267578125,59.52000045776367,49.959999084472656,171.32000732421875,43.869998931884766,55.540000915527344,783.5399780273438,273.9599914550781,27.6299991607666,,87.0,87.16000366210938,275.0899963378906,172.11000061035156,141.22000122070312,901.3499755859375,255.20101928710938,242.49000549316406,80.91999816894531,110.06999969482422,217.77000427246094,198.25999450683594,230.27000427246094,684.0399780273438,543.510009765625,24.639999389648438,71.8499984741211,153.9199981689453,153.74000549316406,85.16000366210938,392.3999938964844,172.3699951171875,307.04998779296875,36.58000183105469,143.57000732421875,344.9800109863281,976.6699829101562,49.099998474121094,305.4800109863281,203.44000244140625,110.44999694824219,241.9600067138672,248.3699951171875,156.37998962402344,97.13999938964844,329.2699890136719,41.650001525878906,71.91000366210938,377.1600036621094,137.90391540527344,267.20001220703125,352.489990234375,168.02000427246094,98.68000030517578,88.70999908447266,362.19000244140625,1136.1099853515625,194.61000061035156,270.5825500488281,573.27001953125,337.239990234375,252.77999877929688,377.6700134277344,62.099998474121094,1828.93994140625,669.7114868164062,94.05000305175781,1142.4599609375,143.7899932861328,221.6999969482422,206.27999877929688,497.1199951171875,927.5999755859375,207.3699951171875,327.2300109863281,77.9000015258789,36.220001220703125,141.89999389648438,212.1699981689453,10.8100004196167,225.3360137939453,190.4499969482422,73.19999694824219,140.35000610351562,85.16000366210938,375.0899963378906,14.229999542236328,135.5,146.6699981689453,925.0,172.55999755859375,48.27000045776367,53.810001373291016,187.8000030517578,185.3699951171875,703.8065795898438,50.2400016784668,156.6199951171875,23.479999542236328,96.58000183105469,102.6500015258789,129.86000061035156,54.20000076293945,35.63999938964844,322.9800109863281,367.70001220703125,17.06999969482422,558.260009765625,755.513916015625,281.5,189.80999755859375,332.8500061035156,124.5999984741211,641.3900146484375,31.84000015258789,356.5799865722656,412.64300537109375,422.7300109863281,15.0,242.16000366210938,263.42999267578125,43.0099983215332,71.43000030517578,375.92999267578125,25.280000686645508,375.6199951171875,514.6300048828125,190.6699981689453,89.72000122070312,108.08999633789062,169.32000732421875,78.30999755859375,93.06999969482422,193.88999938964844
2026-09-16,75.55999755859375,332.4100036621094,262.510009765625,167.50999450683594,189.63999938964844,250.5,362.0400085449219,71.58000183105469,269.17999267578125,415.3800048828125,512.5,245.9600067138672,197.5399932861328,326.55999755859375,243.97999572753906,9.649999618530273,1602.219970703125,338.8929138183594,312.42999267578125,57.900001525878906,49.0,171.39999389648438,43.90999984741211,54.2599983215332,782.719970703125,279.8999938964844,28.25,,87.0199966430664,84.86000061035156,272.4599914550781,164.50999450683594,132.5399932861328,893.739990234375,250.09999084472656,241.36000061035156,83.3499984741211,107.73999786376953,211.5399932861328,196.75999450683594,230.7899932861328,669.469970703125,563.2899780273438,24.329999923706055,70.4000015258789,148.1699981689453,144.92999267578125,85.02999877929688,397.79998779296875,171.77000427246094,312.8999938964844,36.810001373291016,144.16000366210938,342.8699951171875,937.97998046875,48.77000045776367,302.4700012207031,207.66000366210938,104.41999816894531,236.4600067138672,237.49000549316406,154.10000610351562,101.05000305175781,318.1300048828125,40.65999984741211,71.44000244140625,382.2900085449219,140.0778350830078,267.2799987792969,348.9200134277344,167.36000061035156,98.0999984741211,87.87000274658203,361.0400085449219,1137.8199462890625,194.10000610351562,268.9443054199219,567.75,334.9700012207031,248.55999755859375,376.3399963378906,62.36000061035156,1839.7099609375,672.779052734375,94.05999755859375,1147.6099853515625,144.91000366210938,229.7100067138672,202.4199981689453,490.29998779296875,926.5499877929688,209.3699951171875,324.6499938964844,76.41000366210938,35.779998779296875,139.82000732421875,213.89999389648438,10.479999542236328,218.97999572753906,188.1199951171875,66.5999984741211,143.16000366210938,83.68000030517578,375.6499938964844,13.630000114440918,134.33999633789062,147.02000427246094,918.75,174.33999633789062,47.650001525878906,52.709999084472656,184.83999633789062,183.05999755859375,703.9863891601562,47.43000030517578,155.1199951171875,23.170000076293945,97.33999633789062,103.5,129.9600067138672,52.29999923706055,36.849998474121094,331.0199890136719,378.4700012207031,16.84000015258789,547.4299926757812,752.1821899414062,284.760009765625,190.27999877929688,341.1499938964844,122.83999633789062,648.4299926757812,31.1200008392334,358.0799865722656,417.7200012207031,421.67999267578125,14.489999771118164,238.8800048828125,260.6700134277344,42.130001068115234,70.97000122070312,375.260009765625,24.850000381469727,370.92999267578125,513.260009765625,187.75999450683594,87.05000305175781,107.5,163.32000732421875,76.62999725341797,91.94000244140625,191.5800018310547
2026-09-17,76.43000030517578,337.0,264.0199890136719,165.92999267578125,190.2899932861328,252.6699981689453,362.6499938964844,70.27999877929688,293.55999755859375,417.3999938964844,545.0900268554688,251.19000244140625,199.52999877929688,321.6000061035156,264.8999938964844,10.09000015258789,1629.6700439453125,346.6687316894531,311.1700134277344,58.18000030517578,47.56999969482422,170.52000427246094,43.54999923706055,54.38999938964844,798.5700073242188,280.760009765625,28.34000015258789,,87.7300033569336,85.0,271.1499938964844,173.97000122070312,133.19000244140625,893.9299926757812,242.85000610351562,245.6999969482422,79.87999725341797,110.23999786376953,211.57000732421875,194.55999755859375,236.0,685.6300048828125,588.4000244140625,22.469999313354492,70.63999938964844,147.10000610351562,145.47000122070312,88.97000122070312,409.4599914550781,172.5800018310547,313.4700012207031,36.65999984741211,147.8000030517578,347.3299865722656,951.469970703125,50.27000045776367,302.510009765625,206.49000549316406,109.80999755859375,229.5800018310547,237.75,153.3000030517578,108.80000305175781,313.1300048828125,40.0,72.6500015258789,383.5400085449219,140.66619873046875,270.2200012207031,349.30999755859375,168.97999572753906,98.19000244140625,88.05999755859375,359.0799865722656,1152.43994140625,194.19000244140625,269.0242004394531,565.72998046875,334.0,248.47999572753906,393.4200134277344,62.040000915527344,1825.2099609375,681.77197265625,90.29000091552734,1169.5799560546875,147.14999389648438,240.75999450683594,203.52000427246094,497.75,977.5,217.99000549316406,333.94000244140625,75.30999755859375,36.36000061035156,138.47000122070312,219.33999633789062,11.140000343322754,227.9499969482422,190.02000427246094,68.30000305175781,150.58999633789062,84.88999938964844,375.05999755859375,13.760000228881836,133.66000366210938,147.5500030517578,925.2899780273438,176.24000549316406,49.150001525878906,52.939998626708984,188.7100067138672,178.0800018310547,716.1737060546875,47.5,154.0800018310547,23.190000534057617,96.66999816894531,101.2699966430664,128.60000610351562,52.08000183105469,40.349998474121094,338.3900146484375,381.1700134277344,16.729999542236328,528.8400268554688,760.7109985351562,280.1300048828125,192.52999877929688,353.1300048828125,126.55000305175781,658.3200073242188,30.649999618530273,366.20001220703125,430.260009765625,423.3299865722656,14.260000228881836,246.24000549316406,258.1400146484375,41.84000015258789,70.87000274658203,375.2099914550781,24.770000457763672,369.92999267578125,516.3400268554688,199.27999877929688,86.88999938964844,106.79000091552734,163.27000427246094,76.47000122070312,92.16000366210938,197.47000122070312
2026-09-18,76.76000213623047,336.1300048828125,263.9599914550781,166.22000122070312,181.2899932861328,248.9199981689453,375.7200012207031,71.20999908447266,303.25,444.57000732421875,559.8200073242188,253.7100067138672,199.38999938964844,308.05999755859375,275.6099853515625,9.510000228881836,1679.9200439453125,356.9599914550781,311.55999755859375,57.72999954223633,47.56999969482422,167.89999389648438,43.34000015258789,53.880001068115234,808.989990234375,282.8999938964844,28.020000457763672,,87.47000122070312,83.0999984741211,276.010009765625,194.25,131.8300018310547,895.3099975585938,237.9199981689453,237.64999389648438,81.36000061035156,109.51000213623047,209.50999450683594,192.94000244140625,229.9199981689453,683.989990234375,568.0599975585938,21.75,69.06999969482422,141.89999389648438,144.22999572753906,86.95999908447266,424.7699890136719,169.83999633789062,314.2699890136719,36.31999969482422,150.1300048828125,349.5400085449219,942.0,49.22999954223633,299.9800109863281,206.4600067138672,119.81999969482422,216.1199951171875,229.5500030517578,155.47000122070312,108.5999984741211,303.19000244140625,39.54999923706055,71.83000183105469,393.3299865722656,142.87998962402344,269.989990234375,349.6700134277344,176.99000549316406,97.86000061035156,88.25,359.2300109863281,1152.9300537109375,192.49000549316406,287.8042297363281,565.239990234375,338.9200134277344,248.24000549316406,383.55999755859375,60.849998474121094,1787.3900146484375,665.2250366210938,85.12999725341797,1217.800048828125,146.8699951171875,244.25,202.5800018310547,493.7799987792969,1015.7999877929688,223.5399932861328,323.6000061035156,71.79000091552734,35.5099983215332,135.47000122070312,222.27000427246094,11.430000305175781,227.99000549316406,182.3699951171875,69.9800033569336,147.61000061035156,84.70999908447266,363.5799865722656,13.390000343322754,129.75,146.38999938964844,943.5399780273438,177.63999938964844,50.38999938964844,52.40999984741211,177.72000122070312,174.9600067138672,720.6990356445312,47.81999969482422,153.63999938964844,22.510000228881836,95.83000183105469,101.79000091552734,128.5,51.119998931884766,39.09000015258789,332.42999267578125,384.9700012207031,16.959999084472656,509.45001220703125,761.6900024414062,275.1199951171875,192.02000427246094,371.4700012207031,127.23999786376953,651.4500122070312,29.739999771118164,364.2699890136719,434.6700134277344,429.1099853515625,13.920000076293945,243.83999633789062,266.6400146484375,41.400001525878906,70.5,376.8999938964844,25.0,368.2900085449219,508.3399963378906,193.8699951171875,86.12000274658203,106.7300033569336,163.5399932861328,76.27999877929688,88.7699966430664,197.30999755859375
2026-09-21,76.4000015258789,338.9800109863281,264.4800109863281,166.83999633789062,186.11000061035156,249.52000427246094,383.0,71.05000305175781,340.739990234375,464.239990234375,615.52001953125,258.45001220703125,205.4199981689453,330.1700134277344,322.8999938964844,9.539999961853027,1711.3199462890625,362.6600036621094,313.5899963378906,57.959999084472656,47.060001373291016,168.52000427246094,43.720001220703125,54.619998931884766,816.5,294.8999938964844,28.020000457763672,,86.26000213623047,84.87999725341797,275.5299987792969,201.0500030517578,127.52999877929688,898.47998046875,236.4199981689453,249.35000610351562,85.43000030517578,111.45999908447266,203.6699981689453,193.8300018310547,245.0500030517578,684.72998046875,575.3099975585938,21.969999313354492,68.56999969482422,149.4199981689453,141.3800048828125,89.70999908447266,435.42999267578125,175.22999572753906,319.010009765625,35.40999984741211,158.97999572753906,354.9700012207031,959.3900146484375,49.790000915527344,297.20001220703125,206.47999572753906,123.30000305175781,213.86000061035156,231.92999267578125,155.3699951171875,121.77999877929688,304.1199951171875,38.04999923706055,72.30999755859375,401.6499938964844,145.17999267578125,269.4700012207031,352.0400085449219,183.97000122070312,97.73999786376953,87.12000274658203,363.6400146484375,1164.8900146484375,190.97999572753906,301.959228515625,567.6500244140625,342.6600036621094,247.8800048828125,407.29998779296875,60.16999816894531,1820.469970703125,741.25,87.95999908447266,1277.6800537109375,149.5,257.3800048828125,206.1199951171875,501.6099853515625,1043.9599609375,232.8000030517578,351.6700134277344,73.36000061035156,36.099998474121094,137.67999267578125,227.3800048828125,12.15999984741211,232.41000366210938,191.3300018310547,71.72000122070312,148.55999755859375,82.87999725341797,371.760009765625,13.59000015258789,129.58999633789062,146.0800018310547,958.1699829101562,183.08999633789062,49.5099983215332,52.619998931884766,194.22999572753906,181.02999877929688,741.469970703125,51.25,154.3300018310547,23.799999237060547,94.9000015258789,102.6500015258789,137.9199981689453,51.7599983215332,41.20000076293945,339.3900146484375,401.8500061035156,16.969999313354492,516.77001953125,773.5,274.19000244140625,195.6699981689453,381.5400085449219,130.9600067138672,658.760009765625,29.799999237060547,375.29998779296875,445.1400146484375,433.32000732421875,13.880000114440918,266.05999755859375,270.8699951171875,43.209999084472656,70.83999633789062,377.55999755859375,25.579999923706055,369.95001220703125,510.7200012207031,191.9199981689453,86.54000091552734,107.44000244140625,158.3000030517578,77.91000366210938,90.9000015258789,207.1300048828125
2026-09-22,79.2699966430664,339.75,265.2099914550781,161.80999755859375,183.72000122070312,238.25,390.3699951171875,71.7699966430664,363.4599914550781,472.4599914550781,623.77001953125,254.97999572753906,205.19000244140625,328.7300109863281,333.20001220703125,9.079999923706055,1747.9000244140625,364.5400085449219,305.07000732421875,56.20000076293945,46.4900016784668,164.22000122070312,44.91999816894531,55.2599983215332,808.010009765625,302.95001220703125,29.389999389648438,,87.05000305175781,87.1500015258789,267.2099914550781,201.07000732421875,125.2699966430664,899.4099731445312,233.27999877929688,250.05999755859375,86.76000213623047,106.44000244140625,202.41000366210938,192.2100067138672,247.47500610351562,703.1199951171875,548.9199829101562,21.799999237060547,66.76000213623047,147.7100067138672,139.52000427246094,89.22000122070312,442.489990234375,174.25999450683594,319.2200012207031,35.45000076293945,159.69000244140625,351.1600036621094,949.489990234375,48.81999969482422,305.3500061035156,211.85000610351562,124.25,217.8800048828125,231.3800048828125,152.92999267578125,123.86000061035156,292.3500061035156,38.2599983215332,73.8499984741211,402.0899963378906,146.44000244140625,269.19000244140625,340.0,188.32000732421875,98.91000366210938,88.61000061035156,371.67999267578125,1170.1400146484375,196.0800018310547,310.6300048828125,555.8900146484375,348.05999755859375,250.35000610351562,427.69000244140625,61.08000183105469,1826.5799560546875,736.5999755859375,84.94999694824219,1380.6199951171875,150.91000366210938,262.3599853515625,200.17999267578125,498.0,1096.1600341796875,236.1199951171875,353.0,72.16000366210938,36.099998474121094,137.0,228.8699951171875,12.460000038146973,237.57000732421875,196.6199951171875,73.5999984741211,149.1999969482422,85.81999969482422,374.57000732421875,13.25,131.19000244140625,148.22000122070312,964.8499755859375,184.99000549316406,51.459999084472656,52.88999938964844,198.27000427246094,183.32000732421875,747.4600219726562,49.869998931884766,154.25,23.850000381469727,95.11000061035156,103.66999816894531,147.74000549316406,52.119998931884766,41.540000915527344,336.5899963378906,409.239990234375,17.15999984741211,501.29998779296875,773.3800048828125,275.0899963378906,188.64999389648438,398.69000244140625,130.7899932861328,658.52001953125,29.649999618530273,378.8999938964844,452.0,437.82000732421875,13.180000305175781,284.5299987792969,271.4100036621094,43.11000061035156,69.88999938964844,372.95001220703125,25.969999313354492,362.0400085449219,514.989990234375,188.22999572753906,83.1500015258789,110.12000274658203,158.7100067138672,77.52999877929688,90.94999694824219,210.17999267578125
2026-09-23,82.36000061035156,337.0199890136719,265.0799865722656,149.5800018310547,183.52000427246094,240.69000244140625,385.2300109863281,68.08999633789062,360.4599914550781,474.3800048828125,614.6099853515625,249.27000427246094,203.47000122070312,315.25,332.55999755859375,9.470000267028809,1744.6099853515625,354.989990234375,301.9599914550781,56.0,45.91999816894531,155.89999389648438,44.619998931884766,55.099998474121094,812.02001953125,309.0899963378906,29.18000030517578,,85.93000030517578,83.94000244140625,270.79998779296875,198.1300048828125,128.08999633789062,904.7000122070312,237.5800018310547,262.489990234375,86.9000015258789,106.43000030517578,205.50999450683594,189.27000427246094,251.49000549316406,709.47998046875,549.8300170898438,21.25,69.48999786376953,145.97999572753906,141.83999633789062,91.27999877929688,438.760009765625,178.74000549316406,319.79998779296875,35.81999969482422,154.47999572753906,337.8299865722656,936.3599853515625,49.0099983215332,296.7200012207031,212.57000732421875,122.69999694824219,226.02999877929688,232.75999450683594,156.35000610351562,122.5999984741211,286.79998779296875,39.08000183105469,76.22000122070312,398.29998779296875,145.89999389648438,269.1700134277344,337.5299987792969,187.86000061035156,97.69999694824219,88.08999633789062,372.3399963378906,1150.989990234375,191.36000061035156,307.2799987792969,559.9199829101562,351.6600036621094,238.32000732421875,428.3599853515625,61.439998626708984,1799.239990234375,744.0999755859375,86.45999908447266,1355.469970703125,148.0800018310547,260.8999938964844,198.38999938964844,500.5899963378906,1071.8800048828125,226.61000061035156,352.3299865722656,71.36000061035156,36.04999923706055,140.77999877929688,225.50999450683594,11.84000015258789,235.44000244140625,205.36000061035156,74.0999984741211,144.55999755859375,85.9000015258789,393.29998779296875,13.039999961853027,130.17999267578125,147.38999938964844,971.2100219726562,191.7899932861328,51.04999923706055,52.5099983215332,197.24000549316406,184.7899932861328,741.2100219726562,48.9900016784668,153.49000549316406,24.100000381469727,94.13999938964844,103.29000091552734,142.33999633789062,51.869998931884766,41.439998626708984,334.80999755859375,413.05999755859375,16.549999237060547,510.3999938964844,767.8099975585938,273.3999938964844,195.0800018310547,389.1400146484375,131.58999633789062,665.2999877929688,29.809999465942383,380.1199951171875,446.57000732421875,437.0899963378906,12.680000305175781,290.70001220703125,272.6199951171875,44.099998474121094,69.41999816894531,371.2900085449219,24.450000762939453,361.5199890136719,516.3400268554688,192.3800048828125,81.9000015258789,110.52999877929688,161.22999572753906,74.68000030517578,91.9000015258789,214.4499969482422
2026-09-24,84.2699966430664,335.9200134277344,265.1199951171875,151.38999938964844,177.41000366210938,238.92999267578125,382.6099853515625,71.56999969482422,360.510009765625,474.25,629.260009765625,249.3800048828125,205.6999969482422,312.4700012207031,306.3399963378906,9.15999984741211,1722.5,350.3599853515625,305.6600036621094,56.029998779296875,44.970001220703125,157.41000366210938,44.68000030517578,54.869998931884766,805.25,322.0,28.43000030517578,,85.31999969482422,81.80000305175781,268.9100036621094,199.2100067138672,129.33999633789062,896.47998046875,238.22000122070312,259.6700134277344,90.12999725341797,106.97000122070312,205.64999389648438,187.52999877929688,256.9200134277344,694.9400024414062,536.02001953125,21.270000457763672,68.98999786376953,147.75,142.86000061035156,91.27999877929688,440.0,178.6699981689453,319.7799987792969,34.83000183105469,154.14999389648438,342.3599853515625,923.2899780273438,48.619998931884766,292.17999267578125,211.7899932861328,120.81999969482422,221.55999755859375,227.05999755859375,156.92999267578125,127.38999938964844,277.1300048828125,39.31999969482422,74.77999877929688,399.5199890136719,145.36000061035156,270.67999267578125,338.55999755859375,187.11000061035156,97.22000122070312,88.0999984741211,367.7799987792969,1181.8900146484375,188.49000549316406,307.1600036621094,566.0800170898438,351.510009765625,237.02000427246094,421.3999938964844,60.86000061035156,1754.1300048828125,777.5900268554688,86.0,1335.550048828125,147.97999572753906,258.95001220703125,196.32000732421875,497.92999267578125,1080.530029296875,243.47999572753906,358.82000732421875,71.72000122070312,35.9900016784668,137.77999877929688,224.5800018310547,11.84000015258789,230.16000366210938,206.63999938964844,73.1500015258789,139.5399932861328,86.23999786376953,389.9200134277344,12.600000381469727,128.14999389648438,145.67999267578125,974.97998046875,192.58999633789062,50.779998779296875,52.599998474121094,194.25999450683594,182.94000244140625,741.0999755859375,48.83000183105469,153.3300018310547,23.979999542236328,93.6500015258789,100.7300033569336,145.16000366210938,51.43000030517578,41.5099983215332,334.0,424.9100036621094,16.799999237060547,511.3800048828125,767.1799926757812,269.75,192.61000061035156,387.70001220703125,131.6300048828125,678.3900146484375,30.110000610351562,377.94000244140625,451.1499938964844,438.5400085449219,12.630000114440918,299.6600036621094,270.6499938964844,41.41999816894531,69.22000122070312,375.010009765625,24.639999389648438,367.9800109863281,522.3800048828125,190.99000549316406,82.18000030517578,107.58999633789062,162.13999938964844,76.73999786376953,90.3499984741211,214.63999938964844
2026-09-25,89.0999984741211,341.07000732421875,264.3399963378906,157.47000122070312,176.11000061035156,235.47000122070312,393.6000061035156,71.5199966430664,364.6199951171875,485.0,630.6300048828125,249.6699981689453,206.5500030517578,310.75,310.32000732421875,9.020000457763672,1743.93994140625,352.80999755859375,308.8900146484375,56.70000076293945,44.25,163.9499969482422,43.91999816894531,56.369998931884766,821.5800170898438,326.1300048828125,27.989999771118164,,86.05999755859375,83.80000305175781,264.4800109863281,195.11000061035156,127.30000305175781,922.7650146484375,234.02000427246094,252.1300048828125,87.58999633789062,106.69999694824219,204.4499969482422,193.36000061035156,268.1300048828125,690.4600219726562,562.8900146484375,22.020000457763672,67.5,143.50999450683594,140.35000610351562,88.12000274658203,439.9800109863281,173.4600067138672,327.0899963378906,33.63999938964844,156.74000549316406,343.9200134277344,935.4500122070312,46.845001220703125,293.20001220703125,212.5500030517578,119.4000015258789,213.74000549316406,225.50999450683594,154.30999755859375,123.0,275.7900085449219,37.959999084472656,76.08000183105469,405.17999267578125,150.1999969482422,271.2200012207031,343.05999755859375,187.9199981689453,98.43000030517578,87.80999755859375,373.7699890136719,1183.4599609375,189.27999877929688,315.2099914550781,567.6500244140625,352.0299987792969,236.5,410.44000244140625,60.25,1752.6099853515625,751.6599731445312,83.66000366210938,1367.4300537109375,148.77999877929688,261.93499755859375,196.30999755859375,516.1699829101562,1082.280029296875,237.3300018310547,349.0199890136719,71.1449966430664,35.75,135.6199951171875,225.07000732421875,12.199999809265137,238.0800018310547,195.19000244140625,77.19999694824219,137.10000610351562,86.11499786376953,374.739990234375,12.460000038146973,128.6300048828125,146.22999572753906,978.3300170898438,189.6699981689453,52.220001220703125,55.040000915527344,201.97000122070312,172.42999267578125,744.5,46.439998626708984,152.67999267578125,22.3799991607666,94.86000061035156,99.55000305175781,142.25,51.540000915527344,43.2599983215332,335.94000244140625,425.760009765625,16.579999923706055,510.010009765625,771.3499755859375,272.3599853515625,187.74000549316406,398.3800048828125,130.05999755859375,675.0,30.600000381469727,372.1099853515625,450.6099853515625,454.44000244140625,12.600000381469727,275.79998779296875,278.07000732421875,41.54999923706055,69.62000274658203,376.5899963378906,23.809999465942383,367.3800048828125,526.1900024414062,189.4499969482422,82.97000122070312,107.9800033569336,160.58999633789062,76.41999816894531,89.70999908447266,193.0500030517578
