date,ticker,horizon,screening_profile,validation_bucket,high_probability_score,calibrated_win_probability,signal_score,point_in_time_universe_member,forward_return_5d,forward_return_20d,forward_return_60d
2025-03-17,AAPL,short,mega_cap_tech,filtered_out,38.28,0.4505,34.5,False,0.0314485186034454,-0.0536448629348266,-0.069903492877316
2025-03-17,AAPL,medium,mega_cap_tech,filtered_out,39.97,0.05,39.5,False,0.0314485186034454,-0.0536448629348266,-0.069903492877316
2025-03-17,AAPL,long,mega_cap_tech,filtered_out,41.73,0.05,45.51,False,0.0314485186034454,-0.0536448629348266,-0.069903492877316
2025-04-14,AAPL,short,mega_cap_tech,filtered_out,41.87,0.4575,46.11,False,-0.0137270014857688,0.0527809993673968,0.0440296875037871
2025-04-14,AAPL,medium,mega_cap_tech,filtered_out,40.17,0.05,40.54,False,-0.0137270014857688,0.0527809993673968,0.0440296875037871
2025-04-14,AAPL,long,mega_cap_tech,filtered_out,41.87,0.05,46.17,False,-0.0137270014857688,0.0527809993673968,0.0440296875037871
2025-05-13,AAPL,short,mega_cap_tech,early_watchlist,48.6,0.474,49.73,False,-0.0285069799224976,-0.0664537659724083,0.0771145567180486
2025-05-13,AAPL,medium,mega_cap_tech,filtered_out,41.69,0.05,44.87,False,-0.0285069799224976,-0.0664537659724083,0.0771145567180486
2025-05-13,AAPL,long,mega_cap_tech,filtered_out,41.6,0.05,45.12,False,-0.0285069799224976,-0.0664537659724083,0.0771145567180486
2025-06-11,AAPL,short,mega_cap_tech,filtered_out,38.55,0.4517,35.14,False,-0.0110674759289777,0.0622799359544652,0.1980580263148972
2025-06-11,AAPL,medium,mega_cap_tech,filtered_out,40.21,0.05,40.04,False,-0.0110674759289777,0.0622799359544652,0.1980580263148972
2025-06-11,AAPL,long,mega_cap_tech,filtered_out,41.76,0.05,45.38,False,-0.0110674759289777,0.0622799359544652,0.1980580263148972
2025-07-11,AAPL,short,mega_cap_tech,filtered_out,37.52,0.2644,41.34,False,9.467568607957055e-05,0.0861431940369843,0.2169980509141897
2025-07-11,AAPL,medium,mega_cap_tech,early_watchlist,47.3,0.05,48.22,False,9.467568607957055e-05,0.0861431940369843,0.2169980509141897
2025-07-11,AAPL,long,mega_cap_tech,filtered_out,39.14,0.05,47.57,False,9.467568607957055e-05,0.0861431940369843,0.2169980509141897
2025-08-08,AAPL,short,mega_cap_tech,early_watchlist,57.37,0.5228,59.7,False,0.0109126890694166,0.038369179616956,0.1744291589627531
2025-08-08,AAPL,medium,mega_cap_tech,early_watchlist,55.28,0.05,59.61,False,0.0109126890694166,0.038369179616956,0.1744291589627531
2025-08-08,AAPL,long,mega_cap_tech,filtered_out,43.37,0.05,57.69,False,0.0109126890694166,0.038369179616956,0.1744291589627531
2025-09-08,AAPL,short,mega_cap_tech,early_watchlist,52.05,0.5819,47.79,False,-0.0049605283716942,0.0790734531935246,0.2042518704340736
2025-09-08,AAPL,medium,mega_cap_tech,early_watchlist,53.62,0.544,55.67,False,-0.0049605283716942,0.0790734531935246,0.2042518704340736
2025-09-08,AAPL,long,mega_cap_tech,early_watchlist,53.67,0.1532,59.34,False,-0.0049605283716942,0.0790734531935246,0.2042518704340736
2025-10-06,AAPL,short,mega_cap_tech,early_watchlist,55.08,0.5851,46.91,False,-0.0351785281136302,0.0481514222046324,0.0601252091135504
2025-10-06,AAPL,medium,mega_cap_tech,early_watchlist,60.03,0.5816,59.75,False,-0.0351785281136302,0.0481514222046324,0.0601252091135504
2025-10-06,AAPL,long,mega_cap_tech,early_watchlist,59.74,0.4773,60.72,False,-0.0351785281136302,0.0481514222046324,0.0601252091135504
2025-11-03,AAPL,short,mega_cap_tech,early_watchlist,51.3,0.5769,42.21,False,0.0023832495502971,0.0647368700034738,-0.0346345809145753
2025-11-03,AAPL,medium,mega_cap_tech,early_watchlist,55.38,0.5368,55.89,False,0.0023832495502971,0.0647368700034738,-0.0346345809145753
2025-11-03,AAPL,long,mega_cap_tech,early_watchlist,59.12,0.6654,61.51,False,0.0023832495502971,0.0647368700034738,-0.0346345809145753
2025-12-02,AAPL,short,mega_cap_tech,early_watchlist,64.15,0.6073,47.33,False,-0.0314826702852834,-0.0500716683102784,-0.0741546136027382
2025-12-02,AAPL,medium,mega_cap_tech,near_watchlist,69.46,0.6583,57.95,False,-0.0314826702852834,-0.0500716683102784,-0.0741546136027382
2025-12-02,AAPL,long,mega_cap_tech,early_watchlist,72.8,0.737,61.68,False,-0.0314826702852834,-0.0500716683102784,-0.0741546136027382
2025-12-31,AAPL,short,mega_cap_tech,filtered_out,40.21,0.4768,34.5,False,-0.0471565448928832,-0.0455380852534945,-0.0919561959866789
2025-12-31,AAPL,medium,mega_cap_tech,filtered_out,44.4,0.5537,43.09,False,-0.0471565448928832,-0.0455380852534945,-0.0919561959866789
2025-12-31,AAPL,long,mega_cap_tech,early_watchlist,57.18,0.6166,55.61,False,-0.0471565448928832,-0.0455380852534945,-0.0919561959866789
2026-01-30,AAPL,short,mega_cap_tech,early_watchlist,47.81,0.5025,42.62,False,0.0718358811307768,0.0211487788258408,0.0442550513009916
2026-01-30,AAPL,medium,mega_cap_tech,early_watchlist,49.08,0.5699,42.3,False,0.0718358811307768,0.0211487788258408,0.0442550513009916
2026-01-30,AAPL,long,mega_cap_tech,early_watchlist,48.35,0.1398,48.89,False,0.0718358811307768,0.0211487788258408,0.0442550513009916
2026-03-02,AAPL,short,mega_cap_tech,early_watchlist,45.96,0.4635,38.23,False,-0.0182834546453182,-0.0683363026691713,0.1753415505471731
2026-03-02,AAPL,medium,mega_cap_tech,early_watchlist,48.59,0.567,41.09,False,-0.0182834546453182,-0.0683363026691713,0.1753415505471731
2026-03-02,AAPL,long,mega_cap_tech,early_watchlist,47.49,0.1539,46.42,False,-0.0182834546453182,-0.0683363026691713,0.1753415505471731
2026-03-30,AAPL,short,mega_cap_tech,filtered_out,44.78,0.4575,34.5,False,0.0278554985408341,0.097636117710719,0.1166666439604102
2026-03-30,AAPL,medium,mega_cap_tech,early_watchlist,48.18,0.5683,39.5,False,0.0278554985408341,0.097636117710719,0.1166666439604102
2026-03-30,AAPL,long,mega_cap_tech,early_watchlist,47.12,0.1144,45.12,False,0.0278554985408341,0.097636117710719,0.1166666439604102
2025-03-17,MSFT,short,mega_cap_tech,filtered_out,39.0,0.4521,36.75,False,0.0112682816720774,-0.0022898892612344,0.2181312578605432
2025-03-17,MSFT,medium,mega_cap_tech,filtered_out,39.88,0.4541,39.5,False,0.0112682816720774,-0.0022898892612344,0.2181312578605432
2025-03-17,MSFT,long,mega_cap_tech,filtered_out,41.68,0.4582,45.12,False,0.0112682816720774,-0.0022898892612344,0.2181312578605432
2025-04-14,MSFT,short,mega_cap_tech,filtered_out,41.59,0.458,44.85,False,-0.0541243988873132,0.1581446373576511,0.3002347831027685
2025-04-14,MSFT,medium,mega_cap_tech,filtered_out,39.88,0.4541,39.5,False,-0.0541243988873132,0.1581446373576511,0.3002347831027685
2025-04-14,MSFT,long,mega_cap_tech,filtered_out,41.68,0.4582,45.12,False,-0.0541243988873132,0.1581446373576511,0.3002347831027685
2025-05-13,MSFT,short,mega_cap_tech,early_watchlist,50.93,0.4793,57.35,False,0.0219777769239002,0.0542094710869462,0.1644437643920284
2025-05-13,MSFT,medium,mega_cap_tech,early_watchlist,45.66,0.4673,57.56,False,0.0219777769239002,0.0542094710869462,0.1644437643920284
2025-05-13,MSFT,long,mega_cap_tech,early_watchlist,45.38,0.4666,56.68,False,0.0219777769239002,0.0542094710869462,0.1644437643920284
2025-06-11,MSFT,short,mega_cap_tech,early_watchlist,45.33,0.4599,44.94,False,0.0161228542580227,0.0649569831368481,0.0558567376358289
2025-06-11,MSFT,medium,mega_cap_tech,early_watchlist,49.38,0.4691,57.96,False,0.0161228542580227,0.0649569831368481,0.0558567376358289
2025-06-11,MSFT,long,mega_cap_tech,early_watchlist,51.01,0.4728,58.87,False,0.0161228542580227,0.0649569831368481,0.0558567376358289
2025-07-11,MSFT,short,mega_cap_tech,early_watchlist,45.9,0.4644,43.29,False,0.0133712086764434,0.0371929122039131,0.0518933515608268
2025-07-11,MSFT,medium,mega_cap_tech,early_watchlist,51.17,0.4764,56.76,False,0.0133712086764434,0.0371929122039131,0.0518933515608268
2025-07-11,MSFT,long,mega_cap_tech,early_watchlist,52.5,0.4794,60.14,False,0.0133712086764434,0.0371929122039131,0.0518933515608268
2025-08-08,MSFT,short,mega_cap_tech,filtered_out,38.9,0.05,39.6,False,-0.0035819488351949,-0.0440979573557878,-0.0079686989007492
2025-08-08,MSFT,medium,mega_cap_tech,early_watchlist,50.69,0.2704,52.48,False,-0.0035819488351949,-0.0440979573557878,-0.0079686989007492
2025-08-08,MSFT,long,mega_cap_tech,early_watchlist,53.83,0.2774,61.38,False,-0.0035819488351949,-0.0440979573557878,-0.0079686989007492
2025-09-08,MSFT,short,mega_cap_tech,filtered_out,36.15,0.05,34.5,False,0.0344439273914596,0.0609594373269009,-0.0146184762325934
2025-09-08,MSFT,medium,mega_cap_tech,filtered_out,38.66,0.05,42.61,False,0.0344439273914596,0.0609594373269009,-0.0146184762325934
2025-09-08,MSFT,long,mega_cap_tech,early_watchlist,51.73,0.05,54.73,False,0.0344439273914596,0.0609594373269009,-0.0146184762325934
2025-10-06,MSFT,short,mega_cap_tech,early_watchlist,55.81,0.05,43.52,False,-0.0274703419521497,-0.0218325530265792,-0.0833283365812221
2025-10-06,MSFT,medium,mega_cap_tech,early_watchlist,54.6,0.05,47.83,False,-0.0274703419521497,-0.0218325530265792,-0.0833283365812221
2025-10-06,MSFT,long,mega_cap_tech,early_watchlist,58.21,0.05,55.27,False,-0.0274703419521497,-0.0218325530265792,-0.0833283365812221
2025-11-03,MSFT,short,mega_cap_tech,filtered_out,40.23,0.05,35.98,False,-0.0213333011788957,-0.0505055532931292,-0.1662082481359533
2025-11-03,MSFT,medium,mega_cap_tech,filtered_out,44.27,0.229,40.58,False,-0.0213333011788957,-0.0505055532931292,-0.1662082481359533
2025-11-03,MSFT,long,mega_cap_tech,filtered_out,43.69,0.05,48.23,False,-0.0213333011788957,-0.0505055532931292,-0.1662082481359533
2025-12-02,MSFT,short,mega_cap_tech,filtered_out,40.83,0.05,37.87,False,0.0041223927181341,-0.0130204100885235,-0.1847762427265232
2025-12-02,MSFT,medium,mega_cap_tech,filtered_out,43.93,0.2283,39.5,False,0.0041223927181341,-0.0130204100885235,-0.1847762427265232
2025-12-02,MSFT,long,mega_cap_tech,filtered_out,42.75,0.05,45.29,False,0.0041223927181341,-0.0130204100885235,-0.1847762427265232
2025-12-31,MSFT,short,mega_cap_tech,filtered_out,39.85,0.05,34.8,False,-0.0113932933134757,-0.1102725416573149,-0.2560702759668963
2025-12-31,MSFT,medium,mega_cap_tech,filtered_out,43.93,0.2283,39.5,False,-0.0113932933134757,-0.1102725416573149,-0.2560702759668963
2025-12-31,MSFT,long,mega_cap_tech,filtered_out,42.7,0.05,45.12,False,-0.0113932933134757,-0.1102725416573149,-0.2560702759668963
2026-01-30,MSFT,short,mega_cap_tech,filtered_out,40.17,0.05,36.03,False,-0.0677449847480603,-0.0716501708919657,-0.0001400561122061
2026-01-30,MSFT,medium,mega_cap_tech,filtered_out,44.67,0.2282,42.06,False,-0.0677449847480603,-0.0716501708919657,-0.0001400561122061
2026-01-30,MSFT,long,mega_cap_tech,filtered_out,43.4,0.05,47.53,False,-0.0677449847480603,-0.0716501708919657,-0.0001400561122061
2026-03-02,MSFT,short,mega_cap_tech,filtered_out,40.93,0.05,38.16,False,0.0272488249782583,-0.0993350630447346,0.0376711406341929
2026-03-02,MSFT,medium,mega_cap_tech,filtered_out,43.93,0.2283,39.5,False,0.0272488249782583,-0.0993350630447346,0.0376711406341929
2026-03-02,MSFT,long,mega_cap_tech,filtered_out,42.63,0.05,45.12,False,0.0272488249782583,-0.0993350630447346,0.0376711406341929
2026-03-30,MSFT,short,mega_cap_tech,filtered_out,40.18,0.05,35.82,False,0.0371351063050291,0.1958157038693089,-0.0149482234782712
2026-03-30,MSFT,medium,mega_cap_tech,filtered_out,44.33,0.2292,40.75,False,0.0371351063050291,0.1958157038693089,-0.0149482234782712
2026-03-30,MSFT,long,mega_cap_tech,filtered_out,42.95,0.05,45.91,False,0.0371351063050291,0.1958157038693089,-0.0149482234782712
2025-03-17,NVDA,short,ai_infrastructure,filtered_out,44.37,0.2449,46.24,False,0.0157283000421026,-0.0737889938908071,0.1950130619079659
2025-03-17,NVDA,medium,ai_infrastructure,filtered_out,40.05,0.05,39.5,False,0.0157283000421026,-0.0737889938908071,0.1950130619079659
2025-03-17,NVDA,long,ai_infrastructure,filtered_out,41.62,0.4575,45.12,False,0.0157283000421026,-0.0737889938908071,0.1950130619079659
2025-04-14,NVDA,short,ai_infrastructure,filtered_out,44.55,0.2452,46.8,False,-0.1067655652180153,0.1736066935188798,0.4897610697749464
2025-04-14,NVDA,medium,ai_infrastructure,filtered_out,40.05,0.05,39.5,False,-0.1067655652180153,0.1736066935188798,0.4897610697749464
2025-04-14,NVDA,long,ai_infrastructure,filtered_out,41.55,0.4568,45.12,False,-0.1067655652180153,0.1736066935188798,0.4897610697749464
2025-05-13,NVDA,short,ai_infrastructure,early_watchlist,60.03,0.3638,68.65,False,0.0342492028860745,0.0993605212922794,0.4062395039218287
2025-05-13,NVDA,medium,ai_infrastructure,early_watchlist,49.26,0.05,59.08,False,0.0342492028860745,0.0993605212922794,0.4062395039218287
2025-05-13,NVDA,long,ai_infrastructure,early_watchlist,45.85,0.4757,49.4,False,0.0342492028860745,0.0993605212922794,0.4062395039218287
2025-06-11,NVDA,short,ai_infrastructure,early_watchlist,52.26,0.6069,47.11,False,0.0185534832054921,0.1546594286555407,0.1783938821076809
2025-06-11,NVDA,medium,ai_infrastructure,early_watchlist,52.89,0.1703,61.35,False,0.0185534832054921,0.1546594286555407,0.1783938821076809
2025-06-11,NVDA,long,ai_infrastructure,early_watchlist,52.66,0.4792,57.7,False,0.0185534832054921,0.1546594286555407,0.1783938821076809
2025-07-11,NVDA,short,ai_infrastructure,near_watchlist,57.91,0.6434,54.79,False,0.0454159838300078,0.1078099219914801,0.1250936994415601
2025-07-11,NVDA,medium,ai_infrastructure,early_watchlist,59.77,0.5576,63.08,False,0.0454159838300078,0.1078099219914801,0.1250936994415601
2025-07-11,NVDA,long,ai_infrastructure,early_watchlist,62.53,0.7843,60.33,False,0.0454159838300078,0.1078099219914801,0.1250936994415601
2025-08-08,NVDA,short,ai_infrastructure,early_watchlist,56.49,0.7063,52.43,False,-0.0123153648646682,-0.0787631062072998,0.1324118532449336
2025-08-08,NVDA,medium,ai_infrastructure,early_watchlist,58.2,0.6306,61.99,False,-0.0123153648646682,-0.0787631062072998,0.1324118532449336
2025-08-08,NVDA,long,ai_infrastructure,early_watchlist,62.07,0.8265,61.38,False,-0.0123153648646682,-0.0787631062072998,0.1324118532449336
2025-09-08,NVDA,short,ai_infrastructure,early_watchlist,43.86,0.6608,34.5,False,0.0561466315507006,0.1024327840683998,0.0781904577578966
2025-09-08,NVDA,medium,ai_infrastructure,filtered_out,44.77,0.482,44.9,False,0.0561466315507006,0.1024327840683998,0.0781904577578966
2025-09-08,NVDA,long,ai_infrastructure,early_watchlist,59.83,0.633,61.38,False,0.0561466315507006,0.1024327840683998,0.0781904577578966
2025-10-06,NVDA,short,ai_infrastructure,near_watchlist,60.84,0.6562,43.93,False,0.0149833745880703,0.1150156537434763,0.0052301289684009
2025-10-06,NVDA,medium,ai_infrastructure,early_watchlist,64.57,0.6133,54.42,False,0.0149833745880703,0.1150156537434763,0.0052301289684009
2025-10-06,NVDA,long,ai_infrastructure,early_watchlist,69.86,0.7503,61.38,False,0.0149833745880703,0.1150156537434763,0.0052301289684009
2025-11-03,NVDA,short,ai_infrastructure,early_watchlist,59.47,0.5287,58.05,False,-0.0378479378312254,-0.1228731619369791,-0.0760796043547445
2025-11-03,NVDA,medium,ai_infrastructure,early_watchlist,62.15,0.6794,59.65,False,-0.0378479378312254,-0.1228731619369791,-0.0760796043547445
2025-11-03,NVDA,long,ai_infrastructure,early_watchlist,64.24,0.7252,61.42,False,-0.0378479378312254,-0.1228731619369791,-0.0760796043547445
2025-12-02,NVDA,short,ai_infrastructure,filtered_out,41.47,0.4993,34.5,False,0.0193999097753021,0.0278319954830397,0.0056771003216802
2025-12-02,NVDA,medium,ai_infrastructure,filtered_out,43.19,0.2801,42.08,False,0.0193999097753021,0.0278319954830397,0.0056771003216802
2025-12-02,NVDA,long,ai_infrastructure,early_watchlist,55.26,0.4876,52.08,False,0.0193999097753021,0.0278319954830397,0.0056771003216802
2025-12-31,NVDA,short,ai_infrastructure,filtered_out,44.54,0.5107,38.49,False,-0.0078284180109481,0.0248257332025403,-0.114322050038603
2025-12-31,NVDA,medium,ai_infrastructure,early_watchlist,45.35,0.3618,41.66,False,-0.0078284180109481,0.0248257332025403,-0.114322050038603
2025-12-31,NVDA,long,ai_infrastructure,early_watchlist,57.34,0.6647,47.26,False,-0.0078284180109481,0.0248257332025403,-0.114322050038603
2026-01-30,NVDA,short,ai_infrastructure,early_watchlist,51.44,0.5207,40.72,False,-0.0299273330366791,-0.0452571679603525,0.1153745408806921
2026-01-30,NVDA,medium,ai_infrastructure,early_watchlist,45.68,0.325,45.27,False,-0.0299273330366791,-0.0452571679603525,0.1153745408806921
2026-01-30,NVDA,long,ai_infrastructure,early_watchlist,48.66,0.7103,48.3,False,-0.0299273330366791,-0.0452571679603525,0.1153745408806921
2026-03-02,NVDA,short,ai_infrastructure,early_watchlist,46.47,0.4748,34.69,False,0.0009315630593345,-0.0948107157128576,0.1651222522678122
2026-03-02,NVDA,medium,ai_infrastructure,early_watchlist,48.07,0.3094,40.82,False,0.0009315630593345,-0.0948107157128576,0.1651222522678122
2026-03-02,NVDA,long,ai_infrastructure,early_watchlist,49.35,0.4881,46.2,False,0.0009315630593345,-0.0948107157128576,0.1651222522678122
2026-03-30,NVDA,short,ai_infrastructure,early_watchlist,46.45,0.4748,34.62,False,0.0782829786958541,0.2906096755635878,0.1864632564988095
2026-03-30,NVDA,medium,ai_infrastructure,early_watchlist,47.69,0.3089,39.62,False,0.0782829786958541,0.2906096755635878,0.1864632564988095
2026-03-30,NVDA,long,ai_infrastructure,early_watchlist,47.41,0.2777,45.12,False,0.0782829786958541,0.2906096755635878,0.1864632564988095
2025-03-17,GOOGL,short,mega_cap_tech,filtered_out,41.69,0.352,34.5,False,0.0206343215833113,-0.0317730578994392,0.080800414126287
2025-03-17,GOOGL,medium,mega_cap_tech,filtered_out,42.23,0.2031,39.5,False,0.0206343215833113,-0.0317730578994392,0.080800414126287
2025-03-17,GOOGL,long,mega_cap_tech,filtered_out,41.72,0.05,45.84,False,0.0206343215833113,-0.0317730578994392,0.080800414126287
2025-04-14,GOOGL,short,mega_cap_tech,filtered_out,44.62,0.3561,43.88,False,-0.04777759146155,0.0028918611517534,0.1341430608768314
2025-04-14,GOOGL,medium,mega_cap_tech,filtered_out,42.16,0.2006,39.5,False,-0.04777759146155,0.0028918611517534,0.1341430608768314
2025-04-14,GOOGL,long,mega_cap_tech,filtered_out,41.49,0.05,45.12,False,-0.04777759146155,0.0028918611517534,0.1341430608768314
2025-05-13,GOOGL,short,mega_cap_tech,filtered_out,43.12,0.355,38.95,False,0.0278942497809386,0.113048868045789,0.2641122131507445
2025-05-13,GOOGL,medium,mega_cap_tech,filtered_out,42.42,0.2035,40.09,False,0.0278942497809386,0.113048868045789,0.2641122131507445
2025-05-13,GOOGL,long,mega_cap_tech,filtered_out,41.51,0.05,45.18,False,0.0278942497809386,0.113048868045789,0.2641122131507445
2025-06-11,GOOGL,short,mega_cap_tech,early_watchlist,52.74,0.377,51.36,False,-0.0227232762478142,0.0160135519794826,0.320830758499798
2025-06-11,GOOGL,medium,mega_cap_tech,early_watchlist,54.87,0.2355,58.22,False,-0.0227232762478142,0.0160135519794826,0.320830758499798
2025-06-11,GOOGL,long,mega_cap_tech,filtered_out,43.7,0.05,52.03,False,-0.0227232762478142,0.0160135519794826,0.320830758499798
2025-07-11,GOOGL,short,mega_cap_tech,early_watchlist,47.3,0.4088,40.96,False,0.0270270775219294,0.1178200474737924,0.39105379471453
2025-07-11,GOOGL,medium,mega_cap_tech,early_watchlist,50.14,0.1525,51.77,False,0.0270270775219294,0.1178200474737924,0.39105379471453
2025-07-11,GOOGL,long,mega_cap_tech,filtered_out,41.85,0.05,56.62,False,0.0270270775219294,0.1178200474737924,0.39105379471453
2025-08-08,GOOGL,short,mega_cap_tech,early_watchlist,58.82,0.5465,55.0,False,0.012312586085996,0.1629894603770805,0.4098589120325526
2025-08-08,GOOGL,medium,mega_cap_tech,early_watchlist,60.21,0.2872,62.76,False,0.012312586085996,0.1629894603770805,0.4098589120325526
2025-08-08,GOOGL,long,mega_cap_tech,early_watchlist,52.9,0.05,59.35,False,0.012312586085996,0.1629894603770805,0.4098589120325526
2025-09-08,GOOGL,short,mega_cap_tech,near_watchlist,62.73,0.6725,63.72,False,0.0750726429477532,0.0700307347231297,0.3493846686194028
2025-09-08,GOOGL,medium,mega_cap_tech,early_watchlist,62.35,0.5153,62.9,False,0.0750726429477532,0.0700307347231297,0.3493846686194028
2025-09-08,GOOGL,long,mega_cap_tech,early_watchlist,61.18,0.4818,61.38,False,0.0750726429477532,0.0700307347231297,0.3493846686194028
2025-10-06,GOOGL,short,mega_cap_tech,near_watchlist,57.79,0.6465,46.09,False,-0.02507678510488,0.13293142362118,0.2506678518424456
2025-10-06,GOOGL,medium,mega_cap_tech,early_watchlist,58.01,0.5749,59.15,False,-0.02507678510488,0.13293142362118,0.2506678518424456
2025-10-06,GOOGL,long,mega_cap_tech,early_watchlist,58.63,0.5929,61.38,False,-0.02507678510488,0.13293142362118,0.2506678518424456
2025-11-03,GOOGL,short,mega_cap_tech,near_watchlist,61.43,0.6308,57.94,False,0.0224868953705346,0.113104392365291,0.1920946089691513
2025-11-03,GOOGL,medium,mega_cap_tech,early_watchlist,63.24,0.537,62.9,False,0.0224868953705346,0.113104392365291,0.1920946089691513
2025-11-03,GOOGL,long,mega_cap_tech,early_watchlist,65.21,0.6904,61.38,False,0.0224868953705346,0.113104392365291,0.1920946089691513
2025-12-02,GOOGL,short,mega_cap_tech,early_watchlist,53.14,0.5641,49.89,False,0.00467813869393,-0.0082494106215252,-0.0287815374003715
2025-12-02,GOOGL,medium,mega_cap_tech,early_watchlist,62.49,0.487,62.38,False,0.00467813869393,-0.0082494106215252,-0.0287815374003715
2025-12-02,GOOGL,long,mega_cap_tech,early_watchlist,65.08,0.6765,61.38,False,0.00467813869393,-0.0082494106215252,-0.0287815374003715
2025-12-31,GOOGL,short,mega_cap_tech,early_watchlist,47.62,0.529,35.31,False,0.0397444081846316,0.0798721982346861,-0.1255829928016564
2025-12-31,GOOGL,medium,mega_cap_tech,early_watchlist,52.41,0.4055,49.91,False,0.0397444081846316,0.0798721982346861,-0.1255829928016564
2025-12-31,GOOGL,long,mega_cap_tech,early_watchlist,65.91,0.6841,61.38,False,0.0397444081846316,0.0798721982346861,-0.1255829928016564
2026-01-30,GOOGL,short,mega_cap_tech,early_watchlist,54.61,0.4407,45.9,False,-0.0447929363089998,-0.0931361248242277,0.035580542628973
2026-01-30,GOOGL,medium,mega_cap_tech,early_watchlist,58.23,0.3238,56.56,False,-0.0447929363089998,-0.0931361248242277,0.035580542628973
2026-01-30,GOOGL,long,mega_cap_tech,early_watchlist,63.91,0.8069,61.5,False,-0.0447929363089998,-0.0931361248242277,0.035580542628973
2026-03-02,GOOGL,short,mega_cap_tech,early_watchlist,48.47,0.7082,34.5,False,0.0001815374155491,-0.1070973054504091,0.2694235563987204
2026-03-02,GOOGL,medium,mega_cap_tech,early_watchlist,47.47,0.3223,40.18,False,0.0001815374155491,-0.1070973054504091,0.2694235563987204
2026-03-02,GOOGL,long,mega_cap_tech,early_watchlist,52.47,0.6047,49.7,False,0.0001815374155491,-0.1070973054504091,0.2694235563987204
2026-03-30,GOOGL,short,mega_cap_tech,early_watchlist,48.63,0.7084,35.02,False,0.1168555644055431,0.2789031180910644,0.2574599478513175
2026-03-30,GOOGL,medium,mega_cap_tech,early_watchlist,47.47,0.3223,40.17,False,0.1168555644055431,0.2789031180910644,0.2574599478513175
2026-03-30,GOOGL,long,mega_cap_tech,early_watchlist,50.94,0.563,47.52,False,0.1168555644055431,0.2789031180910644,0.2574599478513175
2025-03-17,META,short,mega_cap_tech,early_watchlist,45.02,0.6525,35.74,False,0.0230615606109834,-0.1213754510693302,0.1475283796678881
2025-03-17,META,medium,mega_cap_tech,early_watchlist,46.14,0.5044,42.12,False,0.0230615606109834,-0.1213754510693302,0.1475283796678881
2025-03-17,META,long,mega_cap_tech,filtered_out,42.54,0.2192,46.84,False,0.0230615606109834,-0.1213754510693302,0.1475283796678881
2025-04-14,META,short,mega_cap_tech,early_watchlist,45.47,0.6518,37.45,False,-0.0587040361024642,0.2343454693024012,0.3510613654490111
2025-04-14,META,medium,mega_cap_tech,early_watchlist,45.21,0.5006,39.5,False,-0.0587040361024642,0.2343454693024012,0.3510613654490111
2025-04-14,META,long,mega_cap_tech,filtered_out,41.63,0.05,45.12,False,-0.0587040361024642,0.2343454693024012,0.3510613654490111
2025-05-13,META,short,mega_cap_tech,near_watchlist,62.4,0.6926,65.4,False,-0.0288553667920125,0.0580918622948338,0.1735621849324313
2025-05-13,META,medium,mega_cap_tech,early_watchlist,54.04,0.5306,57.75,False,-0.0288553667920125,0.0580918622948338,0.1735621849324313
2025-05-13,META,long,mega_cap_tech,early_watchlist,45.98,0.05,49.51,False,-0.0288553667920125,0.0580918622948338,0.1735621849324313
2025-06-11,META,short,mega_cap_tech,early_watchlist,51.97,0.655,48.83,False,0.0031195591458614,0.0344630283905043,0.0846210545654904
2025-06-11,META,medium,mega_cap_tech,early_watchlist,54.08,0.6097,56.85,False,0.0031195591458614,0.0344630283905043,0.0846210545654904
2025-06-11,META,long,mega_cap_tech,early_watchlist,52.08,0.05,58.99,False,0.0031195591458614,0.0344630283905043,0.0846210545654904
2025-07-11,META,short,mega_cap_tech,early_watchlist,43.55,0.6229,40.19,False,-0.018438834060564,0.0721801414509049,-0.0019052201615715
2025-07-11,META,medium,mega_cap_tech,early_watchlist,54.36,0.5841,54.13,False,-0.018438834060564,0.0721801414509049,-0.0019052201615715
2025-07-11,META,long,mega_cap_tech,early_watchlist,51.87,0.05,58.32,False,-0.018438834060564,0.0721801414509049,-0.0019052201615715
2025-08-08,META,short,mega_cap_tech,early_watchlist,54.99,0.628,46.13,False,0.0207070965967144,-0.0220980820241222,-0.1704921485539005
2025-08-08,META,medium,mega_cap_tech,early_watchlist,58.3,0.5286,57.55,False,0.0207070965967144,-0.0220980820241222,-0.1704921485539005
2025-08-08,META,long,mega_cap_tech,early_watchlist,56.99,0.303,59.58,False,0.0207070965967144,-0.0220980820241222,-0.1704921485539005
2025-09-08,META,short,mega_cap_tech,filtered_out,42.89,0.5466,38.48,False,0.0164827941941245,-0.0480618606596747,-0.1392572185380439
2025-09-08,META,medium,mega_cap_tech,filtered_out,43.59,0.3015,46.25,False,0.0164827941941245,-0.0480618606596747,-0.1392572185380439
2025-09-08,META,long,mega_cap_tech,early_watchlist,53.58,0.1077,59.73,False,0.0164827941941245,-0.0480618606596747,-0.1392572185380439
2025-10-06,META,short,mega_cap_tech,early_watchlist,45.86,0.559,37.39,False,5.58360325737528e-05,-0.108920451781054,-0.0768963066730386
2025-10-06,META,medium,mega_cap_tech,early_watchlist,46.22,0.3134,44.09,False,5.58360325737528e-05,-0.108920451781054,-0.0768963066730386
2025-10-06,META,long,mega_cap_tech,filtered_out,44.95,0.05,51.11,False,5.58360325737528e-05,-0.108920451781054,-0.0768963066730386
2025-11-03,META,short,mega_cap_tech,early_watchlist,45.22,0.5556,35.7,False,-0.0093301719380524,0.0147245929115027,0.1244678003945249
2025-11-03,META,medium,mega_cap_tech,early_watchlist,45.53,0.3107,42.23,False,-0.0093301719380524,0.0147245929115027,0.1244678003945249
2025-11-03,META,long,mega_cap_tech,filtered_out,44.43,0.05,48.66,False,-0.0093301719380524,0.0147245929115027,0.1244678003945249
2025-12-02,META,short,mega_cap_tech,early_watchlist,50.02,0.5689,45.47,False,0.0152371951464,0.0209061651976096,0.0108066662480528
2025-12-02,META,medium,mega_cap_tech,early_watchlist,46.69,0.3176,40.61,False,0.0152371951464,0.0209061651976096,0.0108066662480528
2025-12-02,META,long,mega_cap_tech,filtered_out,44.98,0.05,45.12,False,0.0152371951464,0.0209061651976096,0.0108066662480528
2025-12-31,META,short,mega_cap_tech,early_watchlist,46.51,0.5579,39.74,False,-0.0212547488999743,0.0854579683795095,-0.1867181231565505
2025-12-31,META,medium,mega_cap_tech,early_watchlist,45.45,0.3106,41.98,False,-0.0212547488999743,0.0854579683795095,-0.1867181231565505
2025-12-31,META,long,mega_cap_tech,filtered_out,43.3,0.05,45.12,False,-0.0212547488999743,0.0854579683795095,-0.1867181231565505
2026-01-30,META,short,mega_cap_tech,early_watchlist,53.08,0.5634,55.3,False,-0.0768178103302775,-0.0878437047633375,-0.0622263612611219
2026-01-30,META,medium,mega_cap_tech,early_watchlist,51.62,0.3265,56.0,False,-0.0768178103302775,-0.0878437047633375,-0.0622263612611219
2026-01-30,META,long,mega_cap_tech,early_watchlist,48.4,0.05,55.81,False,-0.0768178103302775,-0.0878437047633375,-0.0622263612611219
2026-03-02,META,short,mega_cap_tech,early_watchlist,45.56,0.5453,37.06,False,-0.0094404828952759,-0.178592197858331,-0.0271681919306642
2026-03-02,META,medium,mega_cap_tech,early_watchlist,45.12,0.3034,40.99,False,-0.0094404828952759,-0.178592197858331,-0.0271681919306642
2026-03-02,META,long,mega_cap_tech,filtered_out,43.48,0.05,45.69,False,-0.0094404828952759,-0.178592197858331,-0.0271681919306642
2026-03-30,META,short,mega_cap_tech,early_watchlist,45.13,0.5446,35.7,False,0.0720943362422839,0.2516126298745784,0.0130376007142667
2026-03-30,META,medium,mega_cap_tech,early_watchlist,45.01,0.3017,41.2,False,0.0720943362422839,0.2516126298745784,0.0130376007142667
2026-03-30,META,long,mega_cap_tech,filtered_out,43.78,0.05,46.62,False,0.0720943362422839,0.2516126298745784,0.0130376007142667
2025-03-17,AMZN,short,mega_cap_tech,filtered_out,43.0,0.3394,35.12,False,0.0384182527977627,-0.0695821497586104,0.08919991297174
2025-03-17,AMZN,medium,mega_cap_tech,filtered_out,41.94,0.05,39.57,False,0.0384182527977627,-0.0695821497586104,0.08919991297174
2025-03-17,AMZN,long,mega_cap_tech,filtered_out,42.03,0.05,46.73,False,0.0384182527977627,-0.0695821497586104,0.08919991297174
2025-04-14,AMZN,short,mega_cap_tech,filtered_out,43.91,0.3634,38.41,False,-0.0490885277898985,0.1606083943785452,0.2355590286924225
2025-04-14,AMZN,medium,mega_cap_tech,filtered_out,41.78,0.05,39.5,False,-0.0490885277898985,0.1606083943785452,0.2355590286924225
2025-04-14,AMZN,long,mega_cap_tech,filtered_out,41.45,0.05,45.12,False,-0.0490885277898985,0.1606083943785452,0.2355590286924225
2025-05-13,AMZN,short,mega_cap_tech,early_watchlist,59.99,0.3718,63.16,False,-0.0345365376430154,0.0086578127138627,0.0535554127157107
2025-05-13,AMZN,medium,mega_cap_tech,early_watchlist,50.65,0.0567,58.02,False,-0.0345365376430154,0.0086578127138627,0.0535554127157107
2025-05-13,AMZN,long,mega_cap_tech,filtered_out,44.63,0.05,46.09,False,-0.0345365376430154,0.0086578127138627,0.0535554127157107
2025-06-11,AMZN,short,mega_cap_tech,early_watchlist,50.91,0.2502,47.1,False,-0.0031894591253035,0.0554409357101832,0.1061913682632211
2025-06-11,AMZN,medium,mega_cap_tech,early_watchlist,50.75,0.05,51.25,False,-0.0031894591253035,0.0554409357101832,0.1061913682632211
2025-06-11,AMZN,long,mega_cap_tech,filtered_out,42.23,0.05,52.26,False,-0.0031894591253035,0.0554409357101832,0.1061913682632211
2025-07-11,AMZN,short,mega_cap_tech,early_watchlist,53.86,0.2792,43.76,False,0.0049328974725622,-0.0103546430842363,-0.0183095293651667
2025-07-11,AMZN,medium,mega_cap_tech,early_watchlist,57.78,0.1693,56.73,False,0.0049328974725622,-0.0103546430842363,-0.0183095293651667
2025-07-11,AMZN,long,mega_cap_tech,filtered_out,44.11,0.05,58.14,False,0.0049328974725622,-0.0103546430842363,-0.0183095293651667
2025-08-08,AMZN,short,mega_cap_tech,filtered_out,42.09,0.2428,38.75,False,0.0374511484415875,0.0590506702246067,0.140599026518184
2025-08-08,AMZN,medium,mega_cap_tech,filtered_out,41.91,0.05,46.35,False,0.0374511484415875,0.0590506702246067,0.140599026518184
2025-08-08,AMZN,long,mega_cap_tech,early_watchlist,51.4,0.05,54.55,False,0.0374511484415875,0.0590506702246067,0.140599026518184
2025-09-08,AMZN,short,mega_cap_tech,early_watchlist,57.61,0.2535,43.73,False,-0.018699133864432,-0.063348043900075,-0.0060210235371224
2025-09-08,AMZN,medium,mega_cap_tech,early_watchlist,59.68,0.0947,51.21,False,-0.018699133864432,-0.063348043900075,-0.0060210235371224
2025-09-08,AMZN,long,mega_cap_tech,early_watchlist,60.79,0.05,59.71,False,-0.018699133864432,-0.063348043900075,-0.0060210235371224
2025-10-06,AMZN,short,mega_cap_tech,filtered_out,44.31,0.3586,34.5,False,-0.003757295587136,0.1498415890361073,0.0449072598543527
2025-10-06,AMZN,medium,mega_cap_tech,filtered_out,43.87,0.05,39.74,False,-0.003757295587136,0.1498415890361073,0.0449072598543527
2025-10-06,AMZN,long,mega_cap_tech,filtered_out,43.86,0.2286,48.0,False,-0.003757295587136,0.1498415890361073,0.0449072598543527
2025-11-03,AMZN,short,mega_cap_tech,early_watchlist,62.16,0.1206,63.43,False,-0.0220472681240773,-0.077086621382105,-0.0578740037332369
2025-11-03,AMZN,medium,mega_cap_tech,early_watchlist,50.09,0.05,60.07,False,-0.0220472681240773,-0.077086621382105,-0.0578740037332369
2025-11-03,AMZN,long,mega_cap_tech,early_watchlist,64.47,0.558,60.76,False,-0.0220472681240773,-0.077086621382105,-0.0578740037332369
2025-12-02,AMZN,short,mega_cap_tech,early_watchlist,45.16,0.3557,38.1,False,-0.0277280097720821,-0.0153570125110745,-0.1110400093107124
2025-12-02,AMZN,medium,mega_cap_tech,filtered_out,44.55,0.05,43.06,False,-0.0277280097720821,-0.0153570125110745,-0.1110400093107124
2025-12-02,AMZN,long,mega_cap_tech,early_watchlist,46.27,0.2569,48.14,False,-0.0277280097720821,-0.0153570125110745,-0.1110400093107124
2025-12-31,AMZN,short,mega_cap_tech,filtered_out,41.71,0.3481,36.42,False,0.0670218588988444,0.0367385645024598,-0.1294082377097406
2025-12-31,AMZN,medium,mega_cap_tech,filtered_out,40.91,0.05,41.25,False,0.0670218588988444,0.0367385645024598,-0.1294082377097406
2025-12-31,AMZN,long,mega_cap_tech,early_watchlist,55.64,0.3065,48.34,False,0.0670218588988444,0.0367385645024598,-0.1294082377097406
2026-01-30,AMZN,short,mega_cap_tech,early_watchlist,53.84,0.4204,37.92,False,-0.1211031983199391,-0.1291684215124054,0.0852486790435231
2026-01-30,AMZN,medium,mega_cap_tech,early_watchlist,51.77,0.1068,45.77,False,-0.1211031983199391,-0.1291684215124054,0.0852486790435231
2026-01-30,AMZN,long,mega_cap_tech,early_watchlist,46.63,0.576,48.67,False,-0.1211031983199391,-0.1291684215124054,0.0852486790435231
2026-03-02,AMZN,short,mega_cap_tech,filtered_out,44.82,0.2941,36.02,False,0.024473372611224,-0.0357023007975296,0.3045252022637104
2026-03-02,AMZN,medium,mega_cap_tech,filtered_out,43.6,0.05,39.5,False,0.024473372611224,-0.0357023007975296,0.3045252022637104
2026-03-02,AMZN,long,mega_cap_tech,filtered_out,44.54,0.05,45.12,False,0.024473372611224,-0.0357023007975296,0.3045252022637104
2026-03-30,AMZN,short,mega_cap_tech,filtered_out,44.45,0.2721,34.82,False,0.0637970018358384,0.2923613642747207,0.1296839908154161
2026-03-30,AMZN,medium,mega_cap_tech,filtered_out,43.63,0.05,39.59,False,0.0637970018358384,0.2923613642747207,0.1296839908154161
2026-03-30,AMZN,long,mega_cap_tech,filtered_out,44.54,0.05,45.12,False,0.0637970018358384,0.2923613642747207,0.1296839908154161
2025-03-17,AVGO,short,ai_infrastructure,filtered_out,41.91,0.3257,39.95,False,-0.0137341309772144,-0.0802071469347267,0.3042432466897369
2025-03-17,AVGO,medium,ai_infrastructure,filtered_out,39.54,0.05,39.5,False,-0.0137341309772144,-0.0802071469347267,0.3042432466897369
2025-03-17,AVGO,long,ai_infrastructure,filtered_out,42.21,0.4589,46.97,False,-0.0137341309772144,-0.0802071469347267,0.3042432466897369
2025-04-14,AVGO,short,ai_infrastructure,filtered_out,44.73,0.3316,48.76,False,-0.0492262538062349,0.3030949415849675,0.5419702750232815
2025-04-14,AVGO,medium,ai_infrastructure,filtered_out,39.54,0.05,39.5,False,-0.0492262538062349,0.3030949415849675,0.5419702750232815
2025-04-14,AVGO,long,ai_infrastructure,filtered_out,41.59,0.4569,45.22,False,-0.0492262538062349,0.3030949415849675,0.5419702750232815
2025-05-13,AVGO,short,ai_infrastructure,early_watchlist,54.67,0.4737,67.74,False,-0.0031840346577396,0.0881593723594398,0.3152387873529796
2025-05-13,AVGO,medium,ai_infrastructure,filtered_out,43.64,0.05,58.8,False,-0.0031840346577396,0.0881593723594398,0.3152387873529796
2025-05-13,AVGO,long,ai_infrastructure,early_watchlist,50.86,0.4751,52.78,False,-0.0031840346577396,0.0881593723594398,0.3152387873529796
2025-06-11,AVGO,short,ai_infrastructure,early_watchlist,48.86,0.5836,47.65,False,-0.0065241340020342,0.0874453382873468,0.3699084134567354
2025-06-11,AVGO,medium,ai_infrastructure,early_watchlist,54.07,0.05,60.74,False,-0.0065241340020342,0.0874453382873468,0.3699084134567354
2025-06-11,AVGO,long,ai_infrastructure,early_watchlist,54.94,0.2873,58.69,False,-0.0065241340020342,0.0874453382873468,0.3699084134567354
2025-07-11,AVGO,short,ai_infrastructure,early_watchlist,48.26,0.5825,45.79,False,0.032655476687768,0.1114877105851714,0.2248152089421238
2025-07-11,AVGO,medium,ai_infrastructure,early_watchlist,54.29,0.05,60.46,False,0.032655476687768,0.1114877105851714,0.2248152089421238
2025-07-11,AVGO,long,ai_infrastructure,early_watchlist,58.98,0.5508,60.34,False,0.032655476687768,0.1114877105851714,0.2248152089421238
2025-08-08,AVGO,short,ai_infrastructure,early_watchlist,54.55,0.5791,52.49,False,0.0044922831031448,0.1333901445965593,0.1908422985458091
2025-08-08,AVGO,medium,ai_infrastructure,early_watchlist,52.41,0.05,62.26,False,0.0044922831031448,0.1333901445965593,0.1908422985458091
2025-08-08,AVGO,long,ai_infrastructure,early_watchlist,61.55,0.8173,61.38,False,0.0044922831031448,0.1333901445965593,0.1908422985458091
2025-09-08,AVGO,short,ai_infrastructure,early_watchlist,59.83,0.5633,63.59,False,0.0533487835242549,-0.0277309226339604,0.1058116624216884
2025-09-08,AVGO,medium,ai_infrastructure,early_watchlist,56.46,0.05,66.08,False,0.0533487835242549,-0.0277309226339604,0.1058116624216884
2025-09-08,AVGO,long,ai_infrastructure,early_watchlist,65.4,0.8329,63.88,False,0.0533487835242549,-0.0277309226339604,0.1058116624216884
2025-10-06,AVGO,short,ai_infrastructure,filtered_out,44.37,0.4627,42.74,False,0.0632210493327385,0.0806581845288052,0.0335993975889838
2025-10-06,AVGO,medium,ai_infrastructure,filtered_out,42.22,0.0576,49.62,False,0.0632210493327385,0.0806581845288052,0.0335993975889838
2025-10-06,AVGO,long,ai_infrastructure,early_watchlist,60.8,0.6176,61.38,False,0.0632210493327385,0.0806581845288052,0.0335993975889838
2025-11-03,AVGO,short,ai_infrastructure,early_watchlist,57.2,0.3706,43.23,False,-0.0114741770494112,0.052461809174195,-0.0844466046241388
2025-11-03,AVGO,medium,ai_infrastructure,early_watchlist,60.94,0.2356,56.81,False,-0.0114741770494112,0.052461809174195,-0.0844466046241388
2025-11-03,AVGO,long,ai_infrastructure,early_watchlist,68.86,0.6855,61.38,False,-0.0114741770494112,0.052461809174195,-0.0844466046241388
2025-12-02,AVGO,short,ai_infrastructure,early_watchlist,48.75,0.3466,44.36,False,0.0647849011151793,-0.0912225229573364,-0.1628534664156588
2025-12-02,AVGO,medium,ai_infrastructure,early_watchlist,52.83,0.1694,54.71,False,0.0647849011151793,-0.0912225229573364,-0.1628534664156588
2025-12-02,AVGO,long,ai_infrastructure,early_watchlist,59.6,0.5728,60.7,False,0.0647849011151793,-0.0912225229573364,-0.1628534664156588
2025-12-31,AVGO,short,ai_infrastructure,filtered_out,41.57,0.2607,34.5,False,-0.0393528601829727,-0.0427623386836554,-0.150460972113342
2025-12-31,AVGO,medium,ai_infrastructure,filtered_out,42.11,0.05,42.26,False,-0.0393528601829727,-0.0427623386836554,-0.150460972113342
2025-12-31,AVGO,long,ai_infrastructure,early_watchlist,55.27,0.4219,50.47,False,-0.0393528601829727,-0.0427623386836554,-0.150460972113342
2026-01-30,AVGO,short,ai_infrastructure,early_watchlist,46.15,0.2757,38.21,False,0.0048899825576353,-0.0376697200512491,0.2093834485587073
2026-01-30,AVGO,medium,ai_infrastructure,filtered_out,44.73,0.05,39.86,False,0.0048899825576353,-0.0376697200512491,0.2093834485587073
2026-01-30,AVGO,long,ai_infrastructure,early_watchlist,47.46,0.3335,46.59,False,0.0048899825576353,-0.0376697200512491,0.2093834485587073
2026-03-02,AVGO,short,ai_infrastructure,filtered_out,44.89,0.2724,34.5,False,0.0844677713973558,-0.0777696574737929,0.325967351894574
2026-03-02,AVGO,medium,ai_infrastructure,filtered_out,44.54,0.05,39.5,False,0.0844677713973558,-0.0777696574737929,0.325967351894574
2026-03-02,AVGO,long,ai_infrastructure,early_watchlist,46.81,0.2156,45.12,False,0.0844677713973558,-0.0777696574737929,0.325967351894574
2026-03-30,AVGO,short,ai_infrastructure,early_watchlist,45.07,0.2535,34.7,False,0.1382366110075499,0.3627006481537234,0.2934450404853872
2026-03-30,AVGO,medium,ai_infrastructure,filtered_out,44.61,0.05,39.5,False,0.1382366110075499,0.3627006481537234,0.2934450404853872
2026-03-30,AVGO,long,ai_infrastructure,early_watchlist,46.75,0.2057,45.22,False,0.1382366110075499,0.3627006481537234,0.2934450404853872
2025-03-17,TSLA,short,default,filtered_out,44.8,0.4259,41.64,False,0.1696568256525117,0.0602496194598576,0.3714969968053412
2025-03-17,TSLA,medium,default,filtered_out,44.34,0.4008,39.67,False,0.1696568256525117,0.0602496194598576,0.3714969968053412
2025-03-17,TSLA,long,default,filtered_out,41.94,0.05,47.41,False,0.1696568256525117,0.0602496194598576,0.3714969968053412
2025-04-14,TSLA,short,default,early_watchlist,45.45,0.427,43.68,False,-0.0569843651080148,0.3238359391486642,0.2423618077386578
2025-04-14,TSLA,medium,default,early_watchlist,45.73,0.4034,44.02,False,-0.0569843651080148,0.3238359391486642,0.2423618077386578
2025-04-14,TSLA,long,default,filtered_out,41.21,0.05,45.12,False,-0.0569843651080148,0.3238359391486642,0.2423618077386578
2025-05-13,TSLA,short,default,early_watchlist,61.97,0.5071,67.07,False,0.029185499405032,-0.0228695018437341,-0.0132307999246538
2025-05-13,TSLA,medium,default,early_watchlist,49.89,0.414,58.32,False,0.029185499405032,-0.0228695018437341,-0.0132307999246538
2025-05-13,TSLA,long,default,filtered_out,41.41,0.05,47.19,False,0.029185499405032,-0.0228695018437341,-0.0132307999246538
2025-06-11,TSLA,short,default,filtered_out,44.42,0.2849,41.7,False,-0.0134178996449104,-0.0395796440279576,0.0611769802676736
2025-06-11,TSLA,medium,default,early_watchlist,49.47,0.4527,53.97,False,-0.0134178996449104,-0.0395796440279576,0.0611769802676736
2025-06-11,TSLA,long,default,filtered_out,44.56,0.05,55.41,False,-0.0134178996449104,-0.0395796440279576,0.0611769802676736
2025-07-11,TSLA,short,default,filtered_out,42.19,0.2835,34.5,False,0.0514815592105826,0.0514815592105826,0.4457273639806345
2025-07-11,TSLA,medium,default,early_watchlist,45.47,0.3231,44.9,False,0.0514815592105826,0.0514815592105826,0.4457273639806345
2025-07-11,TSLA,long,default,filtered_out,44.6,0.05,55.52,False,0.0514815592105826,0.0514815592105826,0.4457273639806345
2025-08-08,TSLA,short,default,early_watchlist,53.52,0.3044,49.8,False,0.0027605147245812,0.050811467647895,0.4208099614412961
2025-08-08,TSLA,medium,default,early_watchlist,53.33,0.3451,46.1,False,0.0027605147245812,0.050811467647895,0.4208099614412961
2025-08-08,TSLA,long,default,filtered_out,44.01,0.05,52.86,False,0.0027605147245812,0.050811467647895,0.4208099614412961
2025-09-08,TSLA,short,default,early_watchlist,58.15,0.2446,46.99,False,0.1837182903284206,0.308458452616041,0.2391454901775949
2025-09-08,TSLA,medium,default,early_watchlist,60.45,0.3749,50.87,False,0.1837182903284206,0.308458452616041,0.2391454901775949
2025-09-08,TSLA,long,default,early_watchlist,59.07,0.05,57.81,False,0.1837182903284206,0.308458452616041,0.2391454901775949
2025-10-06,TSLA,short,default,early_watchlist,59.74,0.4001,53.57,False,-0.0382791088880654,0.033359062586183,-0.0077881936664023
2025-10-06,TSLA,medium,default,early_watchlist,64.13,0.5499,62.9,False,-0.0382791088880654,0.033359062586183,-0.0077881936664023
2025-10-06,TSLA,long,default,early_watchlist,61.33,0.5606,61.38,False,-0.0382791088880654,0.033359062586183,-0.0077881936664023
2025-11-03,TSLA,short,default,early_watchlist,56.3,0.4806,46.91,False,-0.0494053512652313,-0.0835450718251541,-0.0810470180643839
2025-11-03,TSLA,medium,default,early_watchlist,60.09,0.5425,56.46,False,-0.0494053512652313,-0.0835450718251541,-0.0810470180643839
2025-11-03,TSLA,long,default,early_watchlist,59.14,0.5725,61.38,False,-0.0494053512652313,-0.0835450718251541,-0.0810470180643839
2025-12-02,TSLA,short,default,filtered_out,44.07,0.3023,39.05,False,0.0371121599939028,0.0477122622595009,-0.0603857597145208
2025-12-02,TSLA,medium,default,early_watchlist,46.52,0.4376,44.9,False,0.0371121599939028,0.0477122622595009,-0.0603857597145208
2025-12-02,TSLA,long,default,early_watchlist,54.84,0.171,61.38,False,0.0371121599939028,0.0477122622595009,-0.0603857597145208
2025-12-31,TSLA,short,default,early_watchlist,46.24,0.2404,41.7,False,-0.0309526224983331,-0.0429378224365815,-0.2099973365317572
2025-12-31,TSLA,medium,default,early_watchlist,59.01,0.4257,46.79,False,-0.0309526224983331,-0.0429378224365815,-0.2099973365317572
2025-12-31,TSLA,long,default,early_watchlist,45.66,0.1809,53.7,False,-0.0309526224983331,-0.0429378224365815,-0.2099973365317572
2026-01-30,TSLA,short,default,early_watchlist,45.23,0.2394,36.04,False,-0.0448410077515257,-0.0629399784098825,-0.1263679147456248
2026-01-30,TSLA,medium,default,early_watchlist,46.54,0.3608,40.57,False,-0.0448410077515257,-0.0629399784098825,-0.1263679147456248
2026-01-30,TSLA,long,default,early_watchlist,45.04,0.05,49.28,False,-0.0448410077515257,-0.0629399784098825,-0.1263679147456248
2026-03-02,TSLA,short,default,early_watchlist,45.01,0.2391,35.37,False,-0.0115045486565894,-0.1191113946060794,0.0918376905551532
2026-03-02,TSLA,medium,default,early_watchlist,46.15,0.3569,39.5,False,-0.0115045486565894,-0.1191113946060794,0.0918376905551532
2026-03-02,TSLA,long,default,filtered_out,43.71,0.05,45.12,False,-0.0115045486565894,-0.1191113946060794,0.0918376905551532
2026-03-30,TSLA,short,default,filtered_out,44.89,0.239,34.97,False,-0.0242907141197484,0.0583764644945827,0.0558432684250693
2026-03-30,TSLA,medium,default,early_watchlist,46.26,0.3571,39.87,False,-0.0242907141197484,0.0583764644945827,0.0558432684250693
2026-03-30,TSLA,long,default,filtered_out,43.82,0.05,45.47,False,-0.0242907141197484,0.0583764644945827,0.0558432684250693
2025-03-17,NFLX,short,default,early_watchlist,44.86,0.6683,45.08,False,0.02312581442073,-0.0197259065176305,0.2840571816710142
2025-03-17,NFLX,medium,default,filtered_out,41.61,0.3738,43.38,False,0.02312581442073,-0.0197259065176305,0.2840571816710142
2025-03-17,NFLX,long,default,early_watchlist,49.91,0.4697,55.48,False,0.02312581442073,-0.0197259065176305,0.2840571816710142
2025-04-14,NFLX,short,default,early_watchlist,47.14,0.6795,41.81,False,0.1171076198669345,0.2224465658507579,0.3369878424340922
2025-04-14,NFLX,medium,default,filtered_out,44.09,0.386,40.77,False,0.1171076198669345,0.2224465658507579,0.3369878424340922
2025-04-14,NFLX,long,default,early_watchlist,47.55,0.5083,53.2,False,0.1171076198669345,0.2224465658507579,0.3369878424340922
2025-05-13,NFLX,short,default,near_watchlist,55.67,0.6902,47.07,False,0.047064418201042,0.0715364627539605,0.0642985100753188
2025-05-13,NFLX,medium,default,early_watchlist,61.77,0.735,61.2,False,0.047064418201042,0.0715364627539605,0.0642985100753188
2025-05-13,NFLX,long,default,early_watchlist,62.98,0.8512,58.37,False,0.047064418201042,0.0715364627539605,0.0642985100753188
2025-06-11,NFLX,short,default,early_watchlist,48.74,0.7061,41.09,False,0.0019755821597451,0.0206823838899867,0.0203954404004049
2025-06-11,NFLX,medium,default,early_watchlist,62.46,0.7642,59.26,False,0.0019755821597451,0.0206823838899867,0.0203954404004049
2025-06-11,NFLX,long,default,early_watchlist,64.46,0.8548,61.38,False,0.0019755821597451,0.0206823838899867,0.0203954404004049
2025-07-11,NFLX,short,default,early_watchlist,44.28,0.5831,39.32,False,-0.0288086830892285,-0.0268811597321699,-0.0656970083038468
2025-07-11,NFLX,medium,default,early_watchlist,55.84,0.5985,49.77,False,-0.0288086830892285,-0.0268811597321699,-0.0656970083038468
2025-07-11,NFLX,long,default,early_watchlist,61.5,0.7236,62.2,False,-0.0288086830892285,-0.0268811597321699,-0.0656970083038468
2025-08-08,NFLX,short,default,early_watchlist,44.86,0.5807,41.51,False,0.0225396581922483,0.0273348223888258,-0.0920652887362221
2025-08-08,NFLX,medium,default,filtered_out,44.64,0.5159,40.7,False,0.0225396581922483,0.0273348223888258,-0.0920652887362221
2025-08-08,NFLX,long,default,early_watchlist,59.29,0.7161,55.8,False,0.0225396581922483,0.0273348223888258,-0.0920652887362221
2025-09-08,NFLX,short,default,near_watchlist,56.98,0.6124,42.84,False,-0.0341431285617601,-0.0654342747104286,-0.1215173985576009
2025-09-08,NFLX,medium,default,early_watchlist,45.81,0.4528,42.88,False,-0.0341431285617601,-0.0654342747104286,-0.1215173985576009
2025-09-08,NFLX,long,default,early_watchlist,59.39,0.7195,52.44,False,-0.0341431285617601,-0.0654342747104286,-0.1215173985576009
2025-10-06,NFLX,short,default,early_watchlist,45.63,0.5345,34.5,False,0.0478977962434687,-0.0543449168883225,-0.1940239394213055
2025-10-06,NFLX,medium,default,early_watchlist,46.93,0.4587,39.5,False,0.0478977962434687,-0.0543449168883225,-0.1940239394213055
2025-10-06,NFLX,long,default,early_watchlist,50.99,0.7071,46.58,False,0.0478977962434687,-0.0543449168883225,-0.1940239394213055
2025-11-03,NFLX,short,default,early_watchlist,45.69,0.5324,35.0,False,0.0181621599128933,-0.0059904571020382,-0.2410621328654354
2025-11-03,NFLX,medium,default,early_watchlist,46.51,0.3917,40.44,False,0.0181621599128933,-0.0059904571020382,-0.2410621328654354
2025-11-03,NFLX,long,default,early_watchlist,50.21,0.6398,46.17,False,0.0181621599128933,-0.0059904571020382,-0.2410621328654354
2025-12-02,NFLX,short,default,early_watchlist,46.24,0.5332,36.73,False,-0.1155921313765709,-0.1425696987236828,-0.112117076427138
2025-12-02,NFLX,medium,default,early_watchlist,46.21,0.3912,39.5,False,-0.1155921313765709,-0.1425696987236828,-0.112117076427138
2025-12-02,NFLX,long,default,early_watchlist,49.87,0.6392,45.12,False,-0.1155921313765709,-0.1425696987236828,-0.112117076427138
2025-12-31,NFLX,short,default,early_watchlist,45.72,0.5346,34.78,False,-0.0344496937216415,-0.1095350260075606,-0.008425777490699
2025-12-31,NFLX,medium,default,early_watchlist,46.3,0.3929,39.5,False,-0.0344496937216415,-0.1095350260075606,-0.008425777490699
2025-12-31,NFLX,long,default,early_watchlist,49.87,0.6392,45.12,False,-0.0344496937216415,-0.1095350260075606,-0.008425777490699
2026-01-30,NFLX,short,default,early_watchlist,45.53,0.5322,34.5,False,-0.0154509635708967,0.162893745623424,0.1051622829554168
2026-01-30,NFLX,medium,default,early_watchlist,46.21,0.3912,39.5,False,-0.0154509635708967,0.162893745623424,0.1051622829554168
2026-01-30,NFLX,long,default,early_watchlist,49.87,0.6392,45.12,False,-0.0154509635708967,0.162893745623424,0.1051622829554168
2026-03-02,NFLX,short,default,early_watchlist,56.13,0.5541,59.74,False,0.0126686929995647,-0.0424348055679101,-0.1003192731604664
2026-03-02,NFLX,medium,default,early_watchlist,54.98,0.413,59.04,False,0.0126686929995647,-0.0424348055679101,-0.1003192731604664
2026-03-02,NFLX,long,default,early_watchlist,52.69,0.6518,46.06,False,0.0126686929995647,-0.0424348055679101,-0.1003192731604664
2026-03-30,NFLX,short,default,early_watchlist,49.51,0.5425,41.7,False,0.0629235064785433,-0.0075293596692008,-0.2373883984623368
2026-03-30,NFLX,medium,default,early_watchlist,50.13,0.4025,46.51,False,0.0629235064785433,-0.0075293596692008,-0.2373883984623368
2026-03-30,NFLX,long,default,early_watchlist,51.55,0.6472,45.12,False,0.0629235064785433,-0.0075293596692008,-0.2373883984623368
2025-03-17,ORCL,short,mega_cap_tech,filtered_out,41.55,0.3095,38.01,False,0.0055840152203858,-0.1226305019135955,0.1493644982732045
2025-03-17,ORCL,medium,mega_cap_tech,filtered_out,39.64,0.05,39.5,False,0.0055840152203858,-0.1226305019135955,0.1493644982732045
2025-03-17,ORCL,long,mega_cap_tech,filtered_out,41.62,0.4575,45.12,False,0.0055840152203858,-0.1226305019135955,0.1493644982732045
2025-04-14,ORCL,short,mega_cap_tech,filtered_out,42.43,0.3114,40.76,False,-0.0549614766007651,0.2052137797115629,0.7160568668993634
2025-04-14,ORCL,medium,mega_cap_tech,filtered_out,39.64,0.05,39.5,False,-0.0549614766007651,0.2052137797115629,0.7160568668993634
2025-04-14,ORCL,long,mega_cap_tech,filtered_out,41.62,0.4575,45.12,False,-0.0549614766007651,0.2052137797115629,0.7160568668993634
2025-05-13,ORCL,short,mega_cap_tech,early_watchlist,60.09,0.6011,66.0,False,-0.01207857503701,0.0869539821430385,0.5442247431377152
2025-05-13,ORCL,medium,mega_cap_tech,filtered_out,43.82,0.05,59.19,False,-0.01207857503701,0.0869539821430385,0.5442247431377152
2025-05-13,ORCL,long,mega_cap_tech,filtered_out,40.48,0.4515,48.25,False,-0.01207857503701,0.0869539821430385,0.5442247431377152
2025-06-11,ORCL,short,mega_cap_tech,early_watchlist,52.85,0.5108,58.59,False,0.1955435924232071,0.3099551571857726,0.354953593104762
2025-06-11,ORCL,medium,mega_cap_tech,early_watchlist,51.82,0.2334,63.26,False,0.1955435924232071,0.3099551571857726,0.354953593104762
2025-06-11,ORCL,long,mega_cap_tech,early_watchlist,53.47,0.4816,60.27,False,0.1955435924232071,0.3099551571857726,0.354953593104762
2025-07-11,ORCL,short,mega_cap_tech,early_watchlist,47.8,0.5243,48.29,False,0.0645819010108075,0.0845333714166867,0.2647034751349031
2025-07-11,ORCL,medium,mega_cap_tech,early_watchlist,60.69,0.7038,62.9,False,0.0645819010108075,0.0845333714166867,0.2647034751349031
2025-07-11,ORCL,long,mega_cap_tech,early_watchlist,60.32,0.6549,61.38,False,0.0645819010108075,0.0845333714166867,0.2647034751349031
2025-08-08,ORCL,short,mega_cap_tech,near_watchlist,55.75,0.5561,45.83,False,-0.0070786754440962,-0.0462708163504044,0.032983262043472
2025-08-08,ORCL,medium,mega_cap_tech,early_watchlist,58.12,0.6349,60.24,False,-0.0070786754440962,-0.0462708163504044,0.032983262043472
2025-08-08,ORCL,long,mega_cap_tech,early_watchlist,61.09,0.7264,61.38,False,-0.0070786754440962,-0.0462708163504044,0.032983262043472
2025-09-08,ORCL,short,mega_cap_tech,early_watchlist,47.89,0.5475,43.72,False,0.2669408198723413,0.2227022740812365,-0.1552793000271238
2025-09-08,ORCL,medium,mega_cap_tech,early_watchlist,50.08,0.6137,47.47,False,0.2669408198723413,0.2227022740812365,-0.1552793000271238
2025-09-08,ORCL,long,mega_cap_tech,early_watchlist,63.36,0.7071,63.26,False,0.2669408198723413,0.2227022740812365,-0.1552793000271238
2025-10-06,ORCL,short,mega_cap_tech,early_watchlist,47.01,0.4501,44.82,False,0.0581448569743523,-0.114175898281996,-0.3304015511371134
2025-10-06,ORCL,medium,mega_cap_tech,early_watchlist,59.05,0.5442,62.9,False,0.0581448569743523,-0.114175898281996,-0.3304015511371134
2025-10-06,ORCL,long,mega_cap_tech,early_watchlist,61.24,0.6677,61.38,False,0.0581448569743523,-0.114175898281996,-0.3304015511371134
2025-11-03,ORCL,short,mega_cap_tech,filtered_out,38.73,0.2998,34.5,False,-0.0660074206704182,-0.2200892180931177,-0.3600347550688146
2025-11-03,ORCL,medium,mega_cap_tech,filtered_out,43.1,0.5019,44.9,False,-0.0660074206704182,-0.2200892180931177,-0.3600347550688146
2025-11-03,ORCL,long,mega_cap_tech,early_watchlist,58.95,0.6532,51.0,False,-0.0660074206704182,-0.2200892180931177,-0.3600347550688146
2025-12-02,ORCL,short,mega_cap_tech,filtered_out,42.18,0.3129,34.91,False,0.101591176898333,-0.0307807702922291,-0.255870101028377
2025-12-02,ORCL,medium,mega_cap_tech,filtered_out,44.69,0.5123,39.5,False,0.101591176898333,-0.0307807702922291,-0.255870101028377
2025-12-02,ORCL,long,mega_cap_tech,early_watchlist,48.81,0.6397,45.25,False,0.101591176898333,-0.0307807702922291,-0.255870101028377
2025-12-31,ORCL,short,mega_cap_tech,filtered_out,42.05,0.3127,34.5,False,-0.0269868215801312,-0.1533782087090933,-0.2859939550729528
2025-12-31,ORCL,medium,mega_cap_tech,filtered_out,44.69,0.5123,39.5,False,-0.0269868215801312,-0.1533782087090933,-0.2859939550729528
2025-12-31,ORCL,long,mega_cap_tech,early_watchlist,48.77,0.6396,45.12,False,-0.0269868215801312,-0.1533782087090933,-0.2859939550729528
2026-01-30,ORCL,short,mega_cap_tech,filtered_out,42.05,0.3127,34.5,False,-0.1322152418388826,-0.0931461732587484,0.0119069161617453
2026-01-30,ORCL,medium,mega_cap_tech,filtered_out,44.88,0.5127,40.09,False,-0.1322152418388826,-0.0931461732587484,0.0119069161617453
2026-01-30,ORCL,long,mega_cap_tech,early_watchlist,48.86,0.6398,45.4,False,-0.1322152418388826,-0.0931461732587484,0.0119069161617453
2026-03-02,ORCL,short,mega_cap_tech,filtered_out,43.84,0.3157,40.12,False,0.0154773599201001,-0.0700166868348414,0.2839326760850931
2026-03-02,ORCL,medium,mega_cap_tech,filtered_out,44.69,0.5123,39.5,False,0.0154773599201001,-0.0700166868348414,0.2839326760850931
2026-03-02,ORCL,long,mega_cap_tech,early_watchlist,48.77,0.6396,45.12,False,0.0154773599201001,-0.0700166868348414,0.2839326760850931
2026-03-30,ORCL,short,mega_cap_tech,filtered_out,42.05,0.3127,34.5,False,0.031484087019393,0.1998532114221061,0.102251273009766
2026-03-30,ORCL,medium,mega_cap_tech,filtered_out,44.69,0.5123,39.5,False,0.031484087019393,0.1998532114221061,0.102251273009766
2026-03-30,ORCL,long,mega_cap_tech,early_watchlist,48.77,0.6396,45.12,False,0.031484087019393,0.1998532114221061,0.102251273009766
2025-03-17,NOW,short,saas_software,early_watchlist,45.79,0.5315,42.04,False,0.0080671029751497,-0.0511430017526437,0.1914749686200383
2025-03-17,NOW,medium,saas_software,filtered_out,39.7,0.05,39.5,False,0.0080671029751497,-0.0511430017526437,0.1914749686200383
2025-03-17,NOW,long,saas_software,filtered_out,41.4,0.05,45.12,False,0.0080671029751497,-0.0511430017526437,0.1914749686200383
2025-04-14,NOW,short,saas_software,early_watchlist,46.07,0.5297,43.25,False,-0.0412468243845676,0.2961915698922515,0.1737390375508865
2025-04-14,NOW,medium,saas_software,filtered_out,39.63,0.05,39.5,False,-0.0412468243845676,0.2961915698922515,0.1737390375508865
2025-04-14,NOW,long,saas_software,filtered_out,41.4,0.05,45.12,False,-0.0412468243845676,0.2961915698922515,0.1737390375508865
2025-05-13,NOW,short,saas_software,early_watchlist,59.47,0.4889,61.1,False,-0.014352949730419,-0.0312427512213272,-0.1583937618997717
2025-05-13,NOW,medium,saas_software,early_watchlist,48.33,0.05,57.5,False,-0.014352949730419,-0.0312427512213272,-0.1583937618997717
2025-05-13,NOW,long,saas_software,early_watchlist,46.99,0.05,53.64,False,-0.014352949730419,-0.0312427512213272,-0.1583937618997717
2025-06-11,NOW,short,saas_software,filtered_out,43.1,0.3284,36.85,False,-0.0221540579676896,-0.065267396103025,-0.0647197642896655
2025-06-11,NOW,medium,saas_software,filtered_out,43.89,0.05,52.13,False,-0.0221540579676896,-0.065267396103025,-0.0647197642896655
2025-06-11,NOW,long,saas_software,filtered_out,44.94,0.05,55.78,False,-0.0221540579676896,-0.065267396103025,-0.0647197642896655
2025-07-11,NOW,short,saas_software,filtered_out,43.12,0.2738,37.22,False,0.0262255057527658,-0.070591608446053,-0.0276316263187865
2025-07-11,NOW,medium,saas_software,filtered_out,42.24,0.05,47.22,False,0.0262255057527658,-0.070591608446053,-0.0276316263187865
2025-07-11,NOW,long,saas_software,filtered_out,44.29,0.05,53.94,False,0.0262255057527658,-0.070591608446053,-0.0276316263187865
2025-08-08,NOW,short,saas_software,filtered_out,43.52,0.2744,35.33,False,-0.0060400503210735,0.0765836408592637,0.0473691219686183
2025-08-08,NOW,medium,saas_software,filtered_out,40.95,0.05,40.04,False,-0.0060400503210735,0.0765836408592637,0.0473691219686183
2025-08-08,NOW,long,saas_software,filtered_out,42.91,0.05,46.51,False,-0.0060400503210735,0.0765836408592637,0.0473691219686183
2025-09-08,NOW,short,saas_software,early_watchlist,46.18,0.2782,43.64,False,0.0086125016711358,-0.028200974237625,-0.122374408158034
2025-09-08,NOW,medium,saas_software,filtered_out,42.69,0.05,45.5,False,0.0086125016711358,-0.028200974237625,-0.122374408158034
2025-09-08,NOW,long,saas_software,filtered_out,42.9,0.05,46.48,False,0.0086125016711358,-0.028200974237625,-0.122374408158034
2025-10-06,NOW,short,saas_software,filtered_out,43.66,0.2746,35.77,False,0.0118970050087021,0.0010955491352282,-0.1609153401618216
2025-10-06,NOW,medium,saas_software,filtered_out,40.77,0.05,39.5,False,0.0118970050087021,0.0010955491352282,-0.1609153401618216
2025-10-06,NOW,long,saas_software,filtered_out,42.55,0.05,45.38,False,0.0118970050087021,0.0010955491352282,-0.1609153401618216
2025-11-03,NOW,short,saas_software,filtered_out,43.57,0.2744,35.51,False,-0.0520222937540554,-0.0978945863893823,-0.3597894669876582
2025-11-03,NOW,medium,saas_software,filtered_out,41.81,0.05,41.52,False,-0.0520222937540554,-0.0978945863893823,-0.3597894669876582
2025-11-03,NOW,long,saas_software,filtered_out,43.49,0.05,48.32,False,-0.0520222937540554,-0.0978945863893823,-0.3597894669876582
2025-12-02,NOW,short,saas_software,filtered_out,43.59,0.2745,35.55,False,0.0370338150284201,-0.0708775330360598,-0.3363497812280143
2025-12-02,NOW,medium,saas_software,filtered_out,41.17,0.05,39.5,False,0.0370338150284201,-0.0708775330360598,-0.3363497812280143
2025-12-02,NOW,long,saas_software,filtered_out,42.47,0.05,45.12,False,0.0370338150284201,-0.0708775330360598,-0.3363497812280143
2025-12-31,NOW,short,saas_software,filtered_out,43.25,0.274,34.5,False,-0.0456948879720622,-0.2361772943963122,-0.3147725076846762
2025-12-31,NOW,medium,saas_software,filtered_out,41.17,0.05,39.5,False,-0.0456948879720622,-0.2361772943963122,-0.3147725076846762
2025-12-31,NOW,long,saas_software,filtered_out,42.47,0.05,45.12,False,-0.0456948879720622,-0.2361772943963122,-0.3147725076846762
2026-01-30,NOW,short,saas_software,filtered_out,43.91,0.3329,35.84,False,-0.1390479785951833,-0.0648662834690695,-0.2266473274787626
2026-01-30,NOW,medium,saas_software,filtered_out,41.94,0.05,42.14,False,-0.1390479785951833,-0.0648662834690695,-0.2266473274787626
2026-01-30,NOW,long,saas_software,filtered_out,43.2,0.05,47.62,False,-0.1390479785951833,-0.0648662834690695,-0.2266473274787626
2026-03-02,NOW,short,saas_software,early_watchlist,49.08,0.3451,46.74,False,0.1143301256221456,-0.0406689546948388,-0.0667153677985995
2026-03-02,NOW,medium,saas_software,filtered_out,42.78,0.05,39.5,False,0.1143301256221456,-0.0406689546948388,-0.0667153677985995
2026-03-02,NOW,long,saas_software,filtered_out,44.08,0.05,45.12,False,0.1143301256221456,-0.0406689546948388,-0.0667153677985995
2026-03-30,NOW,short,saas_software,filtered_out,43.78,0.3532,37.17,False,-0.0421072508101825,-0.137944204901826,-0.1471849518716546
2026-03-30,NOW,medium,saas_software,filtered_out,41.23,0.05,39.9,False,-0.0421072508101825,-0.137944204901826,-0.1471849518716546
2026-03-30,NOW,long,saas_software,filtered_out,42.45,0.05,45.27,False,-0.0421072508101825,-0.137944204901826,-0.1471849518716546
2025-03-17,CRM,short,saas_software,filtered_out,42.19,0.3858,37.38,False,0.0185574039098603,-0.0918968403863125,-0.0513702106134208
2025-03-17,CRM,medium,saas_software,filtered_out,42.09,0.1899,39.5,False,0.0185574039098603,-0.0918968403863125,-0.0513702106134208
2025-03-17,CRM,long,saas_software,filtered_out,41.88,0.4587,45.73,False,0.0185574039098603,-0.0918968403863125,-0.0513702106134208
2025-04-14,CRM,short,saas_software,filtered_out,42.6,0.3845,38.9,False,-0.0438421190615881,0.1360046839456792,0.0154358897044621
2025-04-14,CRM,medium,saas_software,filtered_out,42.02,0.1883,39.5,False,-0.0438421190615881,0.1360046839456792,0.0154358897044621
2025-04-14,CRM,long,saas_software,filtered_out,41.62,0.4575,45.12,False,-0.0438421190615881,0.1360046839456792,0.0154358897044621
2025-05-13,CRM,short,saas_software,early_watchlist,54.27,0.4104,58.67,False,-0.003838453847893,-0.0804370820928543,-0.1669558467479526
2025-05-13,CRM,medium,saas_software,early_watchlist,47.33,0.2003,55.88,False,-0.003838453847893,-0.0804370820928543,-0.1669558467479526
2025-05-13,CRM,long,saas_software,filtered_out,41.71,0.4583,45.2,False,-0.003838453847893,-0.0804370820928543,-0.1669558467479526
2025-06-11,CRM,short,saas_software,filtered_out,41.05,0.287,35.54,False,-0.0225584304977284,-0.0279447787297119,-0.0497911617079913
2025-06-11,CRM,medium,saas_software,filtered_out,42.09,0.1899,39.5,False,-0.0225584304977284,-0.0279447787297119,-0.0497911617079913
2025-06-11,CRM,long,saas_software,filtered_out,41.68,0.4582,45.12,False,-0.0225584304977284,-0.0279447787297119,-0.0497911617079913
2025-07-11,CRM,short,saas_software,filtered_out,40.98,0.2869,35.33,False,0.0167011022466316,-0.0680435174461713,-0.0459642992943324
2025-07-11,CRM,medium,saas_software,filtered_out,42.64,0.1502,41.49,False,0.0167011022466316,-0.0680435174461713,-0.0459642992943324
2025-07-11,CRM,long,saas_software,filtered_out,41.94,0.4588,45.93,False,0.0167011022466316,-0.0680435174461713,-0.0459642992943324
2025-08-08,CRM,short,saas_software,filtered_out,42.28,0.2895,36.27,False,0.0080246191628081,0.0488961582046985,0.0884997967981116
2025-08-08,CRM,medium,saas_software,filtered_out,43.52,0.1519,41.13,False,0.0080246191628081,0.0488961582046985,0.0884997967981116
2025-08-08,CRM,long,saas_software,filtered_out,42.99,0.4618,45.89,False,0.0080246191628081,0.0488961582046985,0.0884997967981116
2025-09-08,CRM,short,saas_software,filtered_out,42.8,0.2905,37.91,False,-0.038649050641173,-0.0240299323923881,-0.0679878116473258
2025-09-08,CRM,medium,saas_software,filtered_out,44.39,0.1536,43.85,False,-0.038649050641173,-0.0240299323923881,-0.0679878116473258
2025-09-08,CRM,long,saas_software,filtered_out,42.98,0.4612,46.04,False,-0.038649050641173,-0.0240299323923881,-0.0679878116473258
2025-10-06,CRM,short,saas_software,filtered_out,42.88,0.2282,39.1,False,0.0120840134086954,0.0633086803084863,0.0795736142321921
2025-10-06,CRM,medium,saas_software,filtered_out,43.65,0.1522,41.54,False,0.0120840134086954,0.0633086803084863,0.0795736142321921
2025-10-06,CRM,long,saas_software,filtered_out,43.01,0.4612,46.14,False,0.0120840134086954,0.0633086803084863,0.0795736142321921
2025-11-03,CRM,short,saas_software,early_watchlist,47.04,0.2462,46.62,False,-0.0751128783340371,-0.1018978536893652,-0.1863753899369236
2025-11-03,CRM,medium,saas_software,early_watchlist,50.3,0.1579,49.85,False,-0.0751128783340371,-0.1018978536893652,-0.1863753899369236
2025-11-03,CRM,long,saas_software,filtered_out,41.52,0.4507,51.88,False,-0.0751128783340371,-0.1018978536893652,-0.1863753899369236
2025-12-02,CRM,short,saas_software,filtered_out,42.41,0.1838,37.98,False,0.1120956889787498,0.1304911528376831,-0.176594869215904
2025-12-02,CRM,medium,saas_software,filtered_out,43.12,0.1511,39.86,False,0.1120956889787498,0.1304911528376831,-0.176594869215904
2025-12-02,CRM,long,saas_software,filtered_out,42.74,0.4606,45.3,False,0.1120956889787498,0.1304911528376831,-0.176594869215904
2025-12-31,CRM,short,saas_software,early_watchlist,55.84,0.2108,44.69,False,-0.0165338910203801,-0.1986335169853406,-0.3015363989447729
2025-12-31,CRM,medium,saas_software,early_watchlist,60.88,0.1871,57.02,False,-0.0165338910203801,-0.1986335169853406,-0.3015363989447729
2025-12-31,CRM,long,saas_software,early_watchlist,58.85,0.4978,53.98,False,-0.0165338910203801,-0.1986335169853406,-0.3015363989447729
2026-01-30,CRM,short,saas_software,filtered_out,41.3,0.1817,34.5,False,-0.0986385692103033,-0.0911018348092305,-0.1437491664982204
2026-01-30,CRM,medium,saas_software,filtered_out,43.18,0.1513,40.05,False,-0.0986385692103033,-0.0911018348092305,-0.1437491664982204
2026-01-30,CRM,long,saas_software,filtered_out,42.94,0.4611,45.94,False,-0.0986385692103033,-0.0911018348092305,-0.1437491664982204
2026-03-02,CRM,short,saas_software,filtered_out,44.27,0.1858,44.0,False,0.0302670216527072,-0.0410468771063253,-0.0777198304257035
2026-03-02,CRM,medium,saas_software,filtered_out,42.93,0.1493,39.5,False,0.0302670216527072,-0.0410468771063253,-0.0777198304257035
2026-03-02,CRM,long,saas_software,filtered_out,42.62,0.4598,45.12,False,0.0302670216527072,-0.0410468771063253,-0.0777198304257035
2026-03-30,CRM,short,saas_software,filtered_out,41.34,0.1228,34.69,False,-0.0111872328733287,-0.0175998892640409,-0.1841634316874759
2026-03-30,CRM,medium,saas_software,filtered_out,42.93,0.1493,39.5,False,-0.0111872328733287,-0.0175998892640409,-0.1841634316874759
2026-03-30,CRM,long,saas_software,filtered_out,42.62,0.4598,45.12,False,-0.0111872328733287,-0.0175998892640409,-0.1841634316874759
2025-03-17,ADBE,short,saas_software,filtered_out,38.72,0.05,34.5,False,-0.0121951098358474,-0.1212750866928028,0.0338057798462474
2025-03-17,ADBE,medium,saas_software,filtered_out,40.01,0.4544,39.91,False,-0.0121951098358474,-0.1212750866928028,0.0338057798462474
2025-03-17,ADBE,long,saas_software,filtered_out,41.84,0.4586,45.62,False,-0.0121951098358474,-0.1212750866928028,0.0338057798462474
2025-04-14,ADBE,short,saas_software,filtered_out,39.61,0.05,37.5,False,-0.0028497335201731,0.1324840835234213,0.0354506919483113
2025-04-14,ADBE,medium,saas_software,filtered_out,39.82,0.4534,39.5,False,-0.0028497335201731,0.1324840835234213,0.0354506919483113
2025-04-14,ADBE,long,saas_software,filtered_out,41.62,0.4575,45.12,False,-0.0028497335201731,0.1324840835234213,0.0354506919483113
2025-05-13,ADBE,short,saas_software,early_watchlist,50.08,0.05,52.37,False,0.0508555404264612,0.0388525482600488,-0.1417966959460844
2025-05-13,ADBE,medium,saas_software,filtered_out,43.88,0.4638,51.79,False,0.0508555404264612,0.0388525482600488,-0.1417966959460844
2025-05-13,ADBE,long,saas_software,filtered_out,41.74,0.4589,45.12,False,0.0508555404264612,0.0388525482600488,-0.1417966959460844
2025-06-11,ADBE,short,saas_software,filtered_out,38.65,0.05,40.81,False,-0.0842941287221757,-0.1198769273165812,-0.1312372666320765
2025-06-11,ADBE,medium,saas_software,early_watchlist,47.92,0.4658,50.15,False,-0.0842941287221757,-0.1198769273165812,-0.1312372666320765
2025-06-11,ADBE,long,saas_software,filtered_out,39.44,0.4465,48.28,False,-0.0842941287221757,-0.1198769273165812,-0.1312372666320765
2025-07-11,ADBE,short,saas_software,filtered_out,39.95,0.0555,34.5,False,0.0067152948958837,-0.0613733808613004,-0.0363561063249705
2025-07-11,ADBE,medium,saas_software,filtered_out,40.9,0.457,42.47,False,0.0067152948958837,-0.0613733808613004,-0.0363561063249705
2025-07-11,ADBE,long,saas_software,filtered_out,42.27,0.4596,46.97,False,0.0067152948958837,-0.0613733808613004,-0.0363561063249705
2025-08-08,ADBE,short,saas_software,filtered_out,40.95,0.0574,34.5,False,0.0404633303166221,0.0516347060532094,-0.0104969555795405
2025-08-08,ADBE,medium,saas_software,filtered_out,40.98,0.4572,39.62,False,0.0404633303166221,0.0516347060532094,-0.0104969555795405
2025-08-08,ADBE,long,saas_software,filtered_out,42.74,0.4612,45.12,False,0.0404633303166221,0.0516347060532094,-0.0104969555795405
2025-09-08,ADBE,short,saas_software,early_watchlist,47.75,0.05,39.36,False,-0.0322310752260079,-0.0237550575103949,-0.0999554055023365
2025-09-08,ADBE,medium,saas_software,filtered_out,37.87,0.4384,44.84,False,-0.0322310752260079,-0.0237550575103949,-0.0999554055023365
2025-09-08,ADBE,long,saas_software,filtered_out,38.24,0.4392,45.98,False,-0.0322310752260079,-0.0237550575103949,-0.0999554055023365
2025-10-06,ADBE,short,saas_software,filtered_out,41.44,0.05,35.48,False,-0.030901944569468,-0.0361855626254424,-0.0004284697771922
2025-10-06,ADBE,medium,saas_software,filtered_out,40.88,0.4564,39.5,False,-0.030901944569468,-0.0361855626254424,-0.0004284697771922
2025-10-06,ADBE,long,saas_software,filtered_out,42.72,0.4606,45.23,False,-0.030901944569468,-0.0361855626254424,-0.0004284697771922
2025-11-03,ADBE,short,saas_software,filtered_out,41.22,0.05,34.8,False,-0.0255429966693545,-0.0434409091447562,-0.131033872820546
2025-11-03,ADBE,medium,saas_software,filtered_out,40.97,0.4566,39.76,False,-0.0255429966693545,-0.0434409091447562,-0.131033872820546
2025-11-03,ADBE,long,saas_software,filtered_out,42.68,0.4605,45.12,False,-0.0255429966693545,-0.0434409091447562,-0.131033872820546
2025-12-02,ADBE,short,saas_software,filtered_out,41.74,0.05,36.07,False,0.0666336542495735,0.0841981130737679,-0.1918465758314695
2025-12-02,ADBE,medium,saas_software,filtered_out,41.1,0.4575,39.99,False,0.0666336542495735,0.0841981130737679,-0.1918465758314695
2025-12-02,ADBE,long,saas_software,filtered_out,42.84,0.4614,45.41,False,0.0666336542495735,0.0841981130737679,-0.1918465758314695
2025-12-31,ADBE,short,saas_software,filtered_out,40.48,0.05,42.16,False,-0.0312865567444381,-0.1621188943043153,-0.3110374250379649
2025-12-31,ADBE,medium,saas_software,early_watchlist,48.26,0.4666,48.86,False,-0.0312865567444381,-0.1621188943043153,-0.3110374250379649
2025-12-31,ADBE,long,saas_software,filtered_out,39.64,0.4464,46.0,False,-0.0312865567444381,-0.1621188943043153,-0.3110374250379649
2026-01-30,ADBE,short,saas_software,filtered_out,41.24,0.05,34.61,False,-0.0848081674925405,-0.1103836150628729,-0.1706734971926949
2026-01-30,ADBE,medium,saas_software,filtered_out,41.04,0.4568,39.99,False,-0.0848081674925405,-0.1103836150628729,-0.1706734971926949
2026-01-30,ADBE,long,saas_software,filtered_out,42.92,0.461,45.86,False,-0.0848081674925405,-0.1103836150628729,-0.1706734971926949
2026-03-02,ADBE,short,saas_software,filtered_out,43.05,0.05,40.26,False,0.0826433500270691,-0.075705303704175,-0.0867831913749708
2026-03-02,ADBE,medium,saas_software,filtered_out,40.88,0.4564,39.5,False,0.0826433500270691,-0.075705303704175,-0.0867831913749708
2026-03-02,ADBE,long,saas_software,filtered_out,42.62,0.4598,45.12,False,0.0826433500270691,-0.075705303704175,-0.0867831913749708
2026-03-30,ADBE,short,saas_software,filtered_out,41.2,0.05,34.5,False,-0.0041056918389115,0.0085845478518349,-0.1979015479384024
2026-03-30,ADBE,medium,saas_software,filtered_out,40.88,0.4564,39.5,False,-0.0041056918389115,0.0085845478518349,-0.1979015479384024
2026-03-30,ADBE,long,saas_software,filtered_out,42.62,0.4598,45.12,False,-0.0041056918389115,0.0085845478518349,-0.1979015479384024
2025-03-17,INTU,short,saas_software,early_watchlist,52.96,0.7696,41.62,False,0.0182360128684151,-0.0124948497240212,0.272335282940507
2025-03-17,INTU,medium,saas_software,filtered_out,35.86,0.4332,41.87,False,0.0182360128684151,-0.0124948497240212,0.272335282940507
2025-03-17,INTU,long,saas_software,filtered_out,36.9,0.4356,45.12,False,0.0182360128684151,-0.0124948497240212,0.272335282940507
2025-04-14,INTU,short,saas_software,filtered_out,43.92,0.4895,41.39,False,-0.016830714687643,0.1065623512290898,0.2617506892141064
2025-04-14,INTU,medium,saas_software,filtered_out,39.9,0.4536,39.75,False,-0.016830714687643,0.1065623512290898,0.2617506892141064
2025-04-14,INTU,long,saas_software,filtered_out,41.68,0.4582,45.12,False,-0.016830714687643,0.1065623512290898,0.2617506892141064
2025-05-13,INTU,short,saas_software,early_watchlist,52.01,0.4488,53.57,False,0.0218634763779037,0.1643574098031031,0.1419207752568814
2025-05-13,INTU,medium,saas_software,early_watchlist,52.21,0.2978,57.8,False,0.0218634763779037,0.1643574098031031,0.1419207752568814
2025-05-13,INTU,long,saas_software,early_watchlist,45.21,0.465,56.59,False,0.0218634763779037,0.1643574098031031,0.1419207752568814
2025-06-11,INTU,short,saas_software,early_watchlist,49.6,0.6822,48.14,False,-0.0129714385095384,-0.0207099334040422,-0.1205114159649916
2025-06-11,INTU,medium,saas_software,early_watchlist,62.16,0.8055,62.9,False,-0.0129714385095384,-0.0207099334040422,-0.1205114159649916
2025-06-11,INTU,long,saas_software,early_watchlist,61.07,0.7544,59.99,False,-0.0129714385095384,-0.0207099334040422,-0.1205114159649916
2025-07-11,INTU,short,saas_software,filtered_out,42.26,0.6605,35.39,False,0.0063244251169696,0.0014708521955706,-0.1040379320262117
2025-07-11,INTU,medium,saas_software,early_watchlist,45.85,0.6164,47.79,False,0.0063244251169696,0.0014708521955706,-0.1040379320262117
2025-07-11,INTU,long,saas_software,early_watchlist,56.57,0.5164,61.38,False,0.0063244251169696,0.0014708521955706,-0.1040379320262117
2025-08-08,INTU,short,saas_software,filtered_out,42.34,0.5706,35.79,False,-0.0430708360609158,-0.1032310893651637,-0.0955597427930841
2025-08-08,INTU,medium,saas_software,early_watchlist,46.04,0.6157,45.54,False,-0.0430708360609158,-0.1032310893651637,-0.0955597427930841
2025-08-08,INTU,long,saas_software,early_watchlist,57.07,0.5163,60.24,False,-0.0430708360609158,-0.1032310893651637,-0.0955597427930841
2025-09-08,INTU,short,saas_software,filtered_out,44.35,0.5787,35.2,False,-0.0302970379457974,-0.002367092489085,-0.0519417831245234
2025-09-08,INTU,medium,saas_software,early_watchlist,45.79,0.5071,39.5,False,-0.0302970379457974,-0.002367092489085,-0.0519417831245234
2025-09-08,INTU,long,saas_software,early_watchlist,45.88,0.2106,47.06,False,-0.0302970379457974,-0.002367092489085,-0.0519417831245234
2025-10-06,INTU,short,saas_software,early_watchlist,45.32,0.5806,38.24,False,-0.0197163268071249,0.0109474357473466,-0.0096395904903374
2025-10-06,INTU,medium,saas_software,early_watchlist,45.99,0.5076,40.12,False,-0.0197163268071249,0.0109474357473466,-0.0096395904903374
2025-10-06,INTU,long,saas_software,early_watchlist,45.81,0.2104,46.84,False,-0.0197163268071249,0.0109474357473466,-0.0096395904903374
2025-11-03,INTU,short,saas_software,filtered_out,44.83,0.5801,36.85,False,-0.0338956906670524,-0.0599830916512135,-0.2608011211734929
2025-11-03,INTU,medium,saas_software,early_watchlist,46.33,0.5083,41.36,False,-0.0338956906670524,-0.0599830916512135,-0.2608011211734929
2025-11-03,INTU,long,saas_software,early_watchlist,45.18,0.2091,45.12,False,-0.0338956906670524,-0.0599830916512135,-0.2608011211734929
2025-12-02,INTU,short,saas_software,filtered_out,44.13,0.5782,34.5,False,0.0316535640657575,0.0421471142131315,-0.3395029121019182
2025-12-02,INTU,medium,saas_software,early_watchlist,45.79,0.5071,39.5,False,0.0316535640657575,0.0421471142131315,-0.3395029121019182
2025-12-02,INTU,long,saas_software,early_watchlist,45.26,0.2092,45.12,False,0.0316535640657575,0.0421471142131315,-0.3395029121019182
2025-12-31,INTU,short,saas_software,early_watchlist,46.15,0.6725,37.54,False,-0.0145980323533914,-0.2454350922337835,-0.3511364813719769
2025-12-31,INTU,medium,saas_software,early_watchlist,46.97,0.5112,42.88,False,-0.0145980323533914,-0.2454350922337835,-0.3511364813719769
2025-12-31,INTU,long,saas_software,early_watchlist,45.33,0.211,45.12,False,-0.0145980323533914,-0.2454350922337835,-0.3511364813719769
2026-01-30,INTU,short,saas_software,filtered_out,44.23,0.5762,35.16,False,-0.1105387367695268,-0.1600657842920589,-0.1950266621620638
2026-01-30,INTU,medium,saas_software,early_watchlist,46.07,0.506,40.68,False,-0.1105387367695268,-0.1600657842920589,-0.1950266621620638
2026-01-30,INTU,long,saas_software,early_watchlist,45.66,0.2085,46.6,False,-0.1105387367695268,-0.1600657842920589,-0.1950266621620638
2026-03-02,INTU,short,saas_software,early_watchlist,48.93,0.5858,49.84,False,0.1303155458769043,0.0237914077839442,-0.2633966489300818
2026-03-02,INTU,medium,saas_software,early_watchlist,45.75,0.5053,39.66,False,0.1303155458769043,0.0237914077839442,-0.2633966489300818
2026-03-02,INTU,long,saas_software,early_watchlist,45.34,0.2078,45.61,False,0.1303155458769043,0.0237914077839442,-0.2633966489300818
2026-03-30,INTU,short,saas_software,early_watchlist,46.32,0.5805,41.7,False,-0.0437964830630096,-0.0638946173083352,-0.4036355107936561
2026-03-30,INTU,medium,saas_software,early_watchlist,46.27,0.5064,41.29,False,-0.0437964830630096,-0.0638946173083352,-0.4036355107936561
2026-03-30,INTU,long,saas_software,early_watchlist,45.19,0.2075,45.12,False,-0.0437964830630096,-0.0638946173083352,-0.4036355107936561
2025-03-17,SNOW,short,saas_software,filtered_out,41.57,0.05,40.46,False,0.0433531479362974,-0.0757081423626779,0.3339088268080115
2025-03-17,SNOW,medium,saas_software,filtered_out,40.03,0.05,39.5,False,0.0433531479362974,-0.0757081423626779,0.3339088268080115
2025-03-17,SNOW,long,saas_software,filtered_out,42.54,0.05,48.88,False,0.0433531479362974,-0.0757081423626779,0.3339088268080115
2025-04-14,SNOW,short,saas_software,filtered_out,42.82,0.05,44.81,False,-0.0298859026842907,0.2523002452490064,0.458595585517884
2025-04-14,SNOW,medium,saas_software,filtered_out,39.89,0.05,39.5,False,-0.0298859026842907,0.2523002452490064,0.458595585517884
2025-04-14,SNOW,long,saas_software,filtered_out,42.41,0.05,47.91,False,-0.0298859026842907,0.2523002452490064,0.458595585517884
2025-05-13,SNOW,short,saas_software,early_watchlist,57.16,0.1238,62.38,False,0.0102751108521244,0.1524140740620232,0.0591646845779434
2025-05-13,SNOW,medium,saas_software,early_watchlist,48.83,0.05,58.27,False,0.0102751108521244,0.1524140740620232,0.0591646845779434
2025-05-13,SNOW,long,saas_software,early_watchlist,46.45,0.05,51.38,False,0.0102751108521244,0.1524140740620232,0.0591646845779434
2025-06-11,SNOW,short,saas_software,early_watchlist,47.83,0.4059,47.55,False,0.0166339159702344,0.0106897834284767,0.0858540032103363
2025-06-11,SNOW,medium,saas_software,early_watchlist,56.61,0.2651,62.9,False,0.0166339159702344,0.0106897834284767,0.0858540032103363
2025-06-11,SNOW,long,saas_software,early_watchlist,57.57,0.3622,61.03,False,0.0166339159702344,0.0106897834284767,0.0858540032103363
2025-07-11,SNOW,short,saas_software,filtered_out,41.5,0.357,38.44,False,0.0286947598028892,-0.0906374546683543,0.1502561586265642
2025-07-11,SNOW,medium,saas_software,early_watchlist,50.66,0.1603,50.2,False,0.0286947598028892,-0.0906374546683543,0.1502561586265642
2025-07-11,SNOW,long,saas_software,early_watchlist,54.11,0.3815,60.66,False,0.0286947598028892,-0.0906374546683543,0.1502561586265642
2025-08-08,SNOW,short,saas_software,filtered_out,41.3,0.3907,38.35,False,0.0383351915052481,0.1814531336784712,0.4454703010700094
2025-08-08,SNOW,medium,saas_software,filtered_out,42.66,0.162,48.5,False,0.0383351915052481,0.1814531336784712,0.4454703010700094
2025-08-08,SNOW,long,saas_software,early_watchlist,52.53,0.131,55.78,False,0.0383351915052481,0.1814531336784712,0.4454703010700094
2025-09-08,SNOW,short,saas_software,filtered_out,44.75,0.3981,48.66,False,-0.0032227219343067,0.0706339382757339,0.1463887858815113
2025-09-08,SNOW,medium,saas_software,filtered_out,44.76,0.1677,54.6,False,-0.0032227219343067,0.0706339382757339,0.1463887858815113
2025-09-08,SNOW,long,saas_software,early_watchlist,54.96,0.2268,59.6,False,-0.0032227219343067,0.0706339382757339,0.1463887858815113
2025-10-06,SNOW,short,saas_software,early_watchlist,57.05,0.4292,54.4,False,0.0195860131796121,0.1427511535794072,-0.0954972919928291
2025-10-06,SNOW,medium,saas_software,early_watchlist,56.03,0.2015,56.32,False,0.0195860131796121,0.1427511535794072,-0.0954972919928291
2025-10-06,SNOW,long,saas_software,early_watchlist,60.08,0.3524,61.38,False,0.0195860131796121,0.1427511535794072,-0.0954972919928291
2025-11-03,SNOW,short,saas_software,early_watchlist,60.96,0.4315,57.4,False,-0.0311395122561424,-0.0630007254448801,-0.3046836012017631
2025-11-03,SNOW,medium,saas_software,early_watchlist,57.56,0.3961,62.9,False,-0.0311395122561424,-0.0630007254448801,-0.3046836012017631
2025-11-03,SNOW,long,saas_software,early_watchlist,59.14,0.5152,61.38,False,-0.0311395122561424,-0.0630007254448801,-0.3046836012017631
2025-12-02,SNOW,short,saas_software,early_watchlist,47.52,0.2713,46.69,False,-0.1427910798602076,-0.1552679960052621,-0.3440773003882623
2025-12-02,SNOW,medium,saas_software,early_watchlist,45.92,0.0619,51.39,False,-0.1427910798602076,-0.1552679960052621,-0.3440773003882623
2025-12-02,SNOW,long,saas_software,early_watchlist,58.96,0.1808,62.02,False,-0.1427910798602076,-0.1552679960052621,-0.3440773003882623
2025-12-31,SNOW,short,saas_software,early_watchlist,46.05,0.2583,34.5,False,0.0201950796109371,-0.1215353919945754,-0.2994620817771203
2025-12-31,SNOW,medium,saas_software,filtered_out,44.53,0.066,39.5,False,0.0201950796109371,-0.1215353919945754,-0.2994620817771203
2025-12-31,SNOW,long,saas_software,early_watchlist,47.81,0.1667,45.9,False,0.0201950796109371,-0.1215353919945754,-0.2994620817771203
2026-01-30,SNOW,short,saas_software,early_watchlist,46.33,0.2739,36.09,False,-0.1259470921474881,-0.1160871586479366,-0.260197198669991
2026-01-30,SNOW,medium,saas_software,filtered_out,44.64,0.0636,40.51,False,-0.1259470921474881,-0.1160871586479366,-0.260197198669991
2026-01-30,SNOW,long,saas_software,early_watchlist,47.85,0.1652,46.58,False,-0.1259470921474881,-0.1160871586479366,-0.260197198669991
2026-03-02,SNOW,short,saas_software,early_watchlist,48.47,0.2759,42.58,False,0.0734456312590441,-0.0978101537193308,0.0289437716361393
2026-03-02,SNOW,medium,saas_software,filtered_out,44.39,0.0633,39.5,False,0.0734456312590441,-0.0978101537193308,0.0289437716361393
2026-03-02,SNOW,long,saas_software,early_watchlist,47.45,0.1641,45.12,False,0.0734456312590441,-0.0978101537193308,0.0289437716361393
2026-03-30,SNOW,short,saas_software,early_watchlist,45.82,0.2733,34.5,False,-0.0288279607507438,-0.0722977857924953,0.477581832915513
2026-03-30,SNOW,medium,saas_software,filtered_out,44.31,0.063,39.5,False,-0.0288279607507438,-0.0722977857924953,0.477581832915513
2026-03-30,SNOW,long,saas_software,early_watchlist,47.38,0.1644,45.12,False,-0.0288279607507438,-0.0722977857924953,0.477581832915513
2025-03-17,DDOG,short,saas_software,early_watchlist,45.25,0.6013,36.78,False,0.0596325562705448,-0.1162835801225106,0.1410021723631149
2025-03-17,DDOG,medium,saas_software,filtered_out,41.65,0.1422,39.5,False,0.0596325562705448,-0.1162835801225106,0.1410021723631149
2025-03-17,DDOG,long,saas_software,filtered_out,41.47,0.4559,45.12,False,0.0596325562705448,-0.1162835801225106,0.1410021723631149
2025-04-14,DDOG,short,saas_software,early_watchlist,45.76,0.6007,38.67,False,-0.0050065204421362,0.2767740647078629,0.4951022989073641
2025-04-14,DDOG,medium,saas_software,filtered_out,41.83,0.1411,40.28,False,-0.0050065204421362,0.2767740647078629,0.4951022989073641
2025-04-14,DDOG,long,saas_software,filtered_out,41.6,0.4562,45.52,False,-0.0050065204421362,0.2767740647078629,0.4951022989073641
2025-05-13,DDOG,short,saas_software,near_watchlist,63.37,0.6363,64.39,False,-0.0086948824848192,0.0112522352936279,0.1159322000388136
2025-05-13,DDOG,medium,saas_software,early_watchlist,47.25,0.1553,58.41,False,-0.0086948824848192,0.0112522352936279,0.1159322000388136
2025-05-13,DDOG,long,saas_software,filtered_out,41.14,0.4565,45.51,False,-0.0086948824848192,0.0112522352936279,0.1159322000388136
2025-06-11,DDOG,short,saas_software,early_watchlist,47.29,0.6399,42.39,False,0.096181373150846,0.1579701449687893,0.1501307055579075
2025-06-11,DDOG,medium,saas_software,early_watchlist,52.96,0.1656,54.61,False,0.096181373150846,0.1579701449687893,0.1501307055579075
2025-06-11,DDOG,long,saas_software,filtered_out,44.26,0.4634,53.42,False,0.096181373150846,0.1579701449687893,0.1501307055579075
2025-07-11,DDOG,short,saas_software,early_watchlist,50.24,0.5512,44.99,False,0.0556890836950774,-0.047026218859273,0.1455194453207267
2025-07-11,DDOG,medium,saas_software,early_watchlist,59.42,0.3838,62.9,False,0.0556890836950774,-0.047026218859273,0.1455194453207267
2025-07-11,DDOG,long,saas_software,early_watchlist,48.48,0.4817,57.62,False,0.0556890836950774,-0.047026218859273,0.1455194453207267
2025-08-08,DDOG,short,saas_software,filtered_out,43.57,0.5266,37.12,False,-0.0279581663717325,0.0422427516965799,0.2381024925291264
2025-08-08,DDOG,medium,saas_software,filtered_out,44.77,0.3435,48.2,False,-0.0279581663717325,0.0422427516965799,0.2381024925291264
2025-08-08,DDOG,long,saas_software,early_watchlist,54.12,0.4812,61.49,False,-0.0279581663717325,0.0422427516965799,0.2381024925291264
2025-09-08,DDOG,short,saas_software,filtered_out,44.41,0.5303,39.44,False,0.0161975330953778,0.1533274537863582,0.1468776966252176
2025-09-08,DDOG,medium,saas_software,filtered_out,43.84,0.3045,45.2,False,0.0161975330953778,0.1533274537863582,0.1468776966252176
2025-09-08,DDOG,long,saas_software,early_watchlist,54.08,0.4811,60.69,False,0.0161975330953778,0.1533274537863582,0.1468776966252176
2025-10-06,DDOG,short,saas_software,near_watchlist,62.99,0.5896,61.38,False,0.0434671855068655,0.0299949237569627,-0.1358032221295105
2025-10-06,DDOG,medium,saas_software,early_watchlist,52.75,0.5808,57.71,False,0.0434671855068655,0.0299949237569627,-0.1358032221295105
2025-10-06,DDOG,long,saas_software,early_watchlist,54.67,0.4873,61.43,False,0.0434671855068655,0.0299949237569627,-0.1358032221295105
2025-11-03,DDOG,short,saas_software,early_watchlist,53.8,0.5313,48.67,False,0.2322309906491904,-0.0345508763589035,-0.202122372511962
2025-11-03,DDOG,medium,saas_software,early_watchlist,57.02,0.5823,57.11,False,0.2322309906491904,-0.0345508763589035,-0.202122372511962
2025-11-03,DDOG,long,saas_software,early_watchlist,52.7,0.05,61.78,False,0.2322309906491904,-0.0345508763589035,-0.202122372511962
2025-12-02,DDOG,short,saas_software,filtered_out,44.32,0.6255,37.38,False,-0.0249871453864833,-0.1309431927008223,-0.2899411832563259
2025-12-02,DDOG,medium,saas_software,early_watchlist,45.48,0.4914,44.9,False,-0.0249871453864833,-0.1309431927008223,-0.2899411832563259
2025-12-02,DDOG,long,saas_software,early_watchlist,51.82,0.05,58.73,False,-0.0249871453864833,-0.1309431927008223,-0.2899411832563259
2025-12-31,DDOG,short,saas_software,early_watchlist,46.67,0.6362,34.5,False,-0.0390470814243016,-0.0490477086515053,-0.1483933165631404
2025-12-31,DDOG,medium,saas_software,early_watchlist,47.01,0.5007,39.5,False,-0.0390470814243016,-0.0490477086515053,-0.1483933165631404
2025-12-31,DDOG,long,saas_software,filtered_out,42.82,0.05,45.34,False,-0.0390470814243016,-0.0490477086515053,-0.1483933165631404
2026-01-30,DDOG,short,saas_software,early_watchlist,46.56,0.6337,34.5,False,-0.1363285175093769,-0.1408135298679097,0.0172440117633787
2026-01-30,DDOG,medium,saas_software,early_watchlist,46.92,0.4991,39.5,False,-0.1363285175093769,-0.1408135298679097,0.0172440117633787
2026-01-30,DDOG,long,saas_software,filtered_out,42.75,0.05,45.34,False,-0.1363285175093769,-0.1408135298679097,0.0172440117633787
2026-03-02,DDOG,short,saas_software,early_watchlist,49.01,0.5996,43.31,False,0.1570515421868916,0.0423003953057696,0.9963099301605872
2026-03-02,DDOG,medium,saas_software,early_watchlist,46.82,0.4975,39.5,False,0.1570515421868916,0.0423003953057696,0.9963099301605872
2026-03-02,DDOG,long,saas_software,filtered_out,42.63,0.05,45.14,False,0.1570515421868916,0.0423003953057696,0.9963099301605872
2026-03-30,DDOG,short,saas_software,early_watchlist,48.92,0.6367,41.86,False,0.0063034571481124,0.1359123203953134,0.9077800457566044
2026-03-30,DDOG,medium,saas_software,early_watchlist,48.21,0.5009,43.52,False,0.0063034571481124,0.1359123203953134,0.9077800457566044
2026-03-30,DDOG,long,saas_software,filtered_out,42.74,0.05,45.31,False,0.0063034571481124,0.1359123203953134,0.9077800457566044
2025-03-17,PANW,short,cybersecurity,filtered_out,42.33,0.0602,40.93,False,-0.0011351714263091,-0.0811892122835726,0.050756753457559
2025-03-17,PANW,medium,cybersecurity,filtered_out,41.66,0.1327,39.5,False,-0.0011351714263091,-0.0811892122835726,0.050756753457559
2025-03-17,PANW,long,cybersecurity,filtered_out,41.53,0.05,45.97,False,-0.0011351714263091,-0.0811892122835726,0.050756753457559
2025-04-14,PANW,short,cybersecurity,filtered_out,44.04,0.0636,46.01,False,-0.037357283235287,0.1295446807032327,0.1024238386852054
2025-04-14,PANW,medium,cybersecurity,filtered_out,41.73,0.1329,39.5,False,-0.037357283235287,0.1295446807032327,0.1024238386852054
2025-04-14,PANW,long,cybersecurity,filtered_out,41.7,0.05,45.12,False,-0.037357283235287,0.1295446807032327,0.1024238386852054
2025-05-13,PANW,short,cybersecurity,early_watchlist,51.6,0.0774,52.51,False,0.0129166444142658,0.0124479134877522,-0.1298958460489908
2025-05-13,PANW,medium,cybersecurity,early_watchlist,47.2,0.1446,56.83,False,0.0129166444142658,0.0124479134877522,-0.1298958460489908
2025-05-13,PANW,long,cybersecurity,filtered_out,42.7,0.05,48.48,False,0.0129166444142658,0.0124479134877522,-0.1298958460489908
2025-06-11,PANW,short,cybersecurity,early_watchlist,53.62,0.1624,38.39,False,0.027727760721087,-0.036010082936256,0.015381477969814
2025-06-11,PANW,medium,cybersecurity,early_watchlist,57.25,0.1693,49.24,False,0.027727760721087,-0.036010082936256,0.015381477969814
2025-06-11,PANW,long,cybersecurity,early_watchlist,57.14,0.05,51.98,False,0.027727760721087,-0.036010082936256,0.015381477969814
2025-07-11,PANW,short,cybersecurity,filtered_out,38.97,0.0941,38.58,False,0.0447729303430046,-0.1084903244424565,0.1344255431103744
2025-07-11,PANW,medium,cybersecurity,filtered_out,40.71,0.1235,46.92,False,0.0447729303430046,-0.1084903244424565,0.1344255431103744
2025-07-11,PANW,long,cybersecurity,early_watchlist,49.47,0.05,53.09,False,0.0447729303430046,-0.1084903244424565,0.1344255431103744
2025-08-08,PANW,short,cybersecurity,filtered_out,42.05,0.1061,34.5,False,0.0600383031597915,0.1814917261302153,0.3122830056946906
2025-08-08,PANW,medium,cybersecurity,filtered_out,42.41,0.0851,39.5,False,0.0600383031597915,0.1814917261302153,0.3122830056946906
2025-08-08,PANW,long,cybersecurity,filtered_out,43.03,0.05,45.63,False,0.0600383031597915,0.1814917261302153,0.3122830056946906
2025-09-08,PANW,short,cybersecurity,early_watchlist,51.68,0.1241,51.78,False,0.019758809403211,0.0770087981164386,-0.0379977698574527
2025-09-08,PANW,medium,cybersecurity,early_watchlist,45.16,0.0908,52.76,False,0.019758809403211,0.0770087981164386,-0.0379977698574527
2025-09-08,PANW,long,cybersecurity,early_watchlist,51.43,0.05,49.66,False,0.019758809403211,0.0770087981164386,-0.0379977698574527
2025-10-06,PANW,short,cybersecurity,early_watchlist,52.58,0.156,50.82,False,0.0032928635911786,0.0312823117847622,-0.1335027031628646
2025-10-06,PANW,medium,cybersecurity,early_watchlist,52.55,0.1046,56.57,False,0.0032928635911786,0.0312823117847622,-0.1335027031628646
2025-10-06,PANW,long,cybersecurity,early_watchlist,54.24,0.05,60.03,False,0.0032928635911786,0.0312823117847622,-0.1335027031628646
2025-11-03,PANW,short,cybersecurity,filtered_out,41.79,0.1375,42.45,False,-0.012270229867401,-0.1338776235766705,-0.1927655673512717
2025-11-03,PANW,medium,cybersecurity,early_watchlist,51.44,0.1693,53.88,False,-0.012270229867401,-0.1338776235766705,-0.1927655673512717
2025-11-03,PANW,long,cybersecurity,early_watchlist,53.02,0.1067,59.38,False,-0.012270229867401,-0.1338776235766705,-0.1927655673512717
2025-12-02,PANW,short,cybersecurity,filtered_out,43.63,0.1154,37.76,False,0.0269643721588661,-0.0299136706788891,-0.2092374655817401
2025-12-02,PANW,medium,cybersecurity,filtered_out,42.61,0.0623,40.34,False,0.0269643721588661,-0.0299136706788891,-0.2092374655817401
2025-12-02,PANW,long,cybersecurity,filtered_out,43.21,0.05,45.15,False,0.0269643721588661,-0.0299136706788891,-0.2092374655817401
2025-12-31,PANW,short,cybersecurity,filtered_out,42.51,0.1141,34.5,False,0.0358306526214011,-0.0392507917878554,-0.1620520702457667
2025-12-31,PANW,medium,cybersecurity,filtered_out,42.27,0.0611,39.5,False,0.0358306526214011,-0.0392507917878554,-0.1620520702457667
2025-12-31,PANW,long,cybersecurity,filtered_out,43.18,0.05,45.31,False,0.0358306526214011,-0.0392507917878554,-0.1620520702457667
2026-01-30,PANW,short,cybersecurity,filtered_out,42.75,0.1141,35.0,False,-0.0997343830860502,-0.1515511506991003,0.0227157385134868
2026-01-30,PANW,medium,cybersecurity,filtered_out,42.55,0.0621,40.13,False,-0.0997343830860502,-0.1515511506991003,0.0227157385134868
2026-01-30,PANW,long,cybersecurity,filtered_out,43.42,0.05,45.8,False,-0.0997343830860502,-0.1515511506991003,0.0227157385134868
2026-03-02,PANW,short,cybersecurity,filtered_out,43.84,0.1134,38.67,False,0.0995671849133608,0.0279721104079884,0.6548119302089483
2026-03-02,PANW,medium,cybersecurity,filtered_out,42.27,0.0609,39.5,False,0.0995671849133608,0.0279721104079884,0.6548119302089483
2026-03-02,PANW,long,cybersecurity,filtered_out,43.13,0.05,45.12,False,0.0995671849133608,0.0279721104079884,0.6548119302089483
2026-03-30,PANW,short,cybersecurity,filtered_out,44.77,0.1148,41.58,False,0.1005506213149309,0.1725947414072803,0.8988661143383974
2026-03-30,PANW,medium,cybersecurity,filtered_out,43.52,0.0635,43.4,False,0.1005506213149309,0.1725947414072803,0.8988661143383974
2026-03-30,PANW,long,cybersecurity,filtered_out,43.22,0.05,45.39,False,0.1005506213149309,0.1725947414072803,0.8988661143383974
2025-03-17,PLTR,short,saas_software,early_watchlist,50.14,0.6239,46.5,False,0.1076130702928841,0.0603320476762487,0.5614195967050448
2025-03-17,PLTR,medium,saas_software,early_watchlist,48.71,0.5581,44.9,False,0.1076130702928841,0.0603320476762487,0.5614195967050448
2025-03-17,PLTR,long,saas_software,early_watchlist,52.08,0.05,61.38,False,0.1076130702928841,0.0603320476762487,0.5614195967050448
2025-04-14,PLTR,short,saas_software,early_watchlist,54.4,0.6798,55.48,False,0.0147915685225787,0.3830706359835745,0.5342258895447891
2025-04-14,PLTR,medium,saas_software,early_watchlist,46.39,0.5362,49.83,False,0.0147915685225787,0.3830706359835745,0.5342258895447891
2025-04-14,PLTR,long,saas_software,early_watchlist,53.53,0.1198,61.63,False,0.0147915685225787,0.3830706359835745,0.5342258895447891
2025-05-13,PLTR,short,saas_software,near_watchlist,73.5,0.6796,66.86,False,-0.0195941424358457,0.0647150108598262,0.4594847603893766
2025-05-13,PLTR,medium,saas_software,early_watchlist,71.65,0.6222,62.15,False,-0.0195941424358457,0.0647150108598262,0.4594847603893766
2025-05-13,PLTR,long,saas_software,early_watchlist,67.72,0.2079,59.73,False,-0.0195941424358457,0.0647150108598262,0.4594847603893766
2025-06-11,PLTR,short,saas_software,early_watchlist,56.57,0.7409,54.4,False,0.026174993329384,0.04186528879991,0.1445121108737472
2025-06-11,PLTR,medium,saas_software,early_watchlist,61.29,0.6425,59.23,False,0.026174993329384,0.04186528879991,0.1445121108737472
2025-06-11,PLTR,long,saas_software,early_watchlist,59.57,0.3343,61.39,False,0.026174993329384,0.04186528879991,0.1445121108737472
2025-07-11,PLTR,short,saas_software,early_watchlist,54.31,0.6529,47.23,False,0.0803659231416653,0.3156931645567444,0.2634059892194136
2025-07-11,PLTR,medium,saas_software,early_watchlist,56.5,0.661,56.31,False,0.0803659231416653,0.3156931645567444,0.2634059892194136
2025-07-11,PLTR,long,saas_software,early_watchlist,55.94,0.4387,61.38,False,0.0803659231416653,0.3156931645567444,0.2634059892194136
2025-08-08,PLTR,short,saas_software,near_watchlist,63.77,0.783,65.7,False,-0.0523641858865836,-0.1650620426944101,0.1081513972817711
2025-08-08,PLTR,medium,saas_software,near_watchlist,67.64,0.7792,62.95,False,-0.0523641858865836,-0.1650620426944101,0.1081513972817711
2025-08-08,PLTR,long,saas_software,early_watchlist,61.92,0.6496,61.38,False,-0.0523641858865836,-0.1650620426944101,0.1081513972817711
2025-09-08,PLTR,short,saas_software,early_watchlist,48.5,0.7246,34.5,False,0.0967969251732865,0.1500960394597548,0.0934656999834802
2025-09-08,PLTR,medium,saas_software,early_watchlist,50.0,0.6116,44.9,False,0.0967969251732865,0.1500960394597548,0.0934656999834802
2025-09-08,PLTR,long,saas_software,early_watchlist,59.79,0.3285,61.38,False,0.0967969251732865,0.1500960394597548,0.0934656999834802
2025-10-06,PLTR,short,saas_software,early_watchlist,56.58,0.6277,44.55,False,-0.012922587206619,0.1540132238873102,-0.0099147707424935
2025-10-06,PLTR,medium,saas_software,early_watchlist,62.0,0.6483,59.31,False,-0.012922587206619,0.1540132238873102,-0.0099147707424935
2025-10-06,PLTR,long,saas_software,early_watchlist,59.58,0.3656,61.38,False,-0.012922587206619,0.1540132238873102,-0.0099147707424935
2025-11-03,PLTR,short,saas_software,near_watchlist,75.24,0.6885,63.12,False,-0.065498564268537,-0.1761269983799964,-0.2924510014473681
2025-11-03,PLTR,medium,saas_software,near_watchlist,76.31,0.7135,64.29,False,-0.065498564268537,-0.1761269983799964,-0.2924510014473681
2025-11-03,PLTR,long,saas_software,early_watchlist,72.57,0.3963,62.38,False,-0.065498564268537,-0.1761269983799964,-0.2924510014473681
2025-12-02,PLTR,short,saas_software,early_watchlist,51.88,0.7178,39.7,False,0.0653230636651487,0.0413615177082047,-0.149510831961124
2025-12-02,PLTR,medium,saas_software,early_watchlist,52.17,0.5918,41.7,False,0.0653230636651487,0.0413615177082047,-0.149510831961124
2025-12-02,PLTR,long,saas_software,early_watchlist,50.71,0.2443,53.13,False,0.0653230636651487,0.0413615177082047,-0.149510831961124
2025-12-31,PLTR,short,saas_software,early_watchlist,52.62,0.7179,41.7,False,-0.0050070289150404,-0.1753024116011778,-0.2261603203839223
2025-12-31,PLTR,medium,saas_software,early_watchlist,52.82,0.5857,43.73,False,-0.0050070289150404,-0.1753024116011778,-0.2261603203839223
2025-12-31,PLTR,long,saas_software,early_watchlist,50.0,0.3368,47.74,False,-0.0050070289150404,-0.1753024116011778,-0.2261603203839223
2026-01-30,PLTR,short,saas_software,early_watchlist,50.47,0.7117,35.32,False,-0.0729245017290657,-0.0096868695301158,-0.0369056811328332
2026-01-30,PLTR,medium,saas_software,early_watchlist,51.3,0.54,40.21,False,-0.0729245017290657,-0.0096868695301158,-0.0369056811328332
2026-01-30,PLTR,long,saas_software,early_watchlist,47.33,0.114,46.26,False,-0.0729245017290657,-0.0096868695301158,-0.0369056811328332
2026-03-02,PLTR,short,saas_software,early_watchlist,58.44,0.7302,54.54,False,0.077564198173591,-0.0524901509492308,-0.0872081271736049
2026-03-02,PLTR,medium,saas_software,early_watchlist,53.05,0.5467,39.99,False,0.077564198173591,-0.0524901509492308,-0.0872081271736049
2026-03-02,PLTR,long,saas_software,early_watchlist,49.0,0.1218,45.86,False,0.077564198173591,-0.0524901509492308,-0.0872081271736049
2026-03-30,PLTR,short,saas_software,early_watchlist,52.51,0.7151,41.7,False,0.0910214757883347,0.0263903274699131,-0.2201381732961324
2026-03-30,PLTR,medium,saas_software,early_watchlist,51.08,0.5398,39.5,False,0.0910214757883347,0.0263903274699131,-0.2201381732961324
2026-03-30,PLTR,long,saas_software,early_watchlist,46.94,0.1131,45.12,False,0.0910214757883347,0.0263903274699131,-0.2201381732961324
2025-03-17,AMD,short,ai_infrastructure,filtered_out,43.79,0.2269,45.35,False,0.0885362124530046,-0.0964719064076995,0.1582369598550421
2025-03-17,AMD,medium,ai_infrastructure,filtered_out,40.09,0.454,40.35,False,0.0885362124530046,-0.0964719064076995,0.1582369598550421
2025-03-17,AMD,long,ai_infrastructure,filtered_out,41.77,0.4584,45.39,False,0.0885362124530046,-0.0964719064076995,0.1582369598550421
2025-04-14,AMD,short,ai_infrastructure,filtered_out,44.08,0.2256,46.5,False,-0.0871957445901537,0.1900529003647899,0.5494179700417494
2025-04-14,AMD,medium,ai_infrastructure,filtered_out,39.76,0.4527,39.5,False,-0.0871957445901537,0.1900529003647899,0.5494179700417494
2025-04-14,AMD,long,ai_infrastructure,filtered_out,41.55,0.4568,45.12,False,-0.0871957445901537,0.1900529003647899,0.5494179700417494
2025-05-13,AMD,short,ai_infrastructure,early_watchlist,56.69,0.259,66.66,False,0.0093366802445828,0.0771830017414096,0.5361906092233724
2025-05-13,AMD,medium,ai_infrastructure,early_watchlist,47.19,0.474,58.84,False,0.0093366802445828,0.0771830017414096,0.5361906092233724
2025-05-13,AMD,long,ai_infrastructure,filtered_out,43.89,0.4664,48.52,False,0.0093366802445828,0.0771830017414096,0.5361906092233724
2025-06-11,AMD,short,ai_infrastructure,early_watchlist,49.66,0.2985,49.67,False,0.0466402637803027,0.2086841580540497,0.2498762128526768
2025-06-11,AMD,medium,ai_infrastructure,early_watchlist,49.46,0.4687,59.48,False,0.0466402637803027,0.2086841580540497,0.2498762128526768
2025-06-11,AMD,long,ai_infrastructure,filtered_out,42.36,0.4526,57.62,False,0.0466402637803027,0.2086841580540497,0.2498762128526768
2025-07-11,AMD,short,ai_infrastructure,early_watchlist,56.76,0.4227,58.65,False,0.0721896425105992,0.1798934344166463,0.3912717474481755
2025-07-11,AMD,medium,ai_infrastructure,early_watchlist,58.04,0.5111,62.9,False,0.0721896425105992,0.1798934344166463,0.3912717474481755
2025-07-11,AMD,long,ai_infrastructure,early_watchlist,60.14,0.7219,60.34,False,0.0721896425105992,0.1798934344166463,0.3912717474481755
2025-08-08,AMD,short,ai_infrastructure,early_watchlist,50.86,0.2014,47.34,False,0.0274947913349929,-0.1235817985852144,0.5029520846981173
2025-08-08,AMD,medium,ai_infrastructure,early_watchlist,55.33,0.3693,62.95,False,0.0274947913349929,-0.1235817985852144,0.5029520846981173
2025-08-08,AMD,long,ai_infrastructure,early_watchlist,58.29,0.6256,61.73,False,0.0274947913349929,-0.1235817985852144,0.5029520846981173
2025-09-08,AMD,short,ai_infrastructure,filtered_out,41.43,0.2586,34.5,False,0.0643946883573054,0.3454197330875963,0.4215705718725127
2025-09-08,AMD,medium,ai_infrastructure,filtered_out,42.79,0.1814,44.9,False,0.0643946883573054,0.3454197330875963,0.4215705718725127
2025-09-08,AMD,long,ai_infrastructure,early_watchlist,56.35,0.1897,61.38,False,0.0643946883573054,0.3454197330875963,0.4215705718725127
2025-10-06,AMD,short,ai_infrastructure,early_watchlist,57.62,0.2867,65.58,False,0.0623925729526417,0.2746059856607385,0.051298397741061
2025-10-06,AMD,medium,ai_infrastructure,early_watchlist,61.43,0.2199,64.79,False,0.0623925729526417,0.2746059856607385,0.051298397741061
2025-10-06,AMD,long,ai_infrastructure,early_watchlist,63.79,0.3537,63.88,False,0.0623925729526417,0.2746059856607385,0.051298397741061
2025-11-03,AMD,short,ai_infrastructure,early_watchlist,52.45,0.2988,51.93,False,-0.060350466155576,-0.1710378950404497,-0.0882726697774655
2025-11-03,AMD,medium,ai_infrastructure,early_watchlist,60.92,0.3999,62.9,False,-0.060350466155576,-0.1710378950404497,-0.0882726697774655
2025-11-03,AMD,long,ai_infrastructure,early_watchlist,63.02,0.6121,61.38,False,-0.060350466155576,-0.1710378950404497,-0.0882726697774655
2025-12-02,AMD,short,ai_infrastructure,filtered_out,41.46,0.1969,34.59,False,0.0296412816446711,-0.005017663090001,-0.0772161770666021
2025-12-02,AMD,medium,ai_infrastructure,filtered_out,43.16,0.182,44.9,False,0.0296412816446711,-0.005017663090001,-0.0772161770666021
2025-12-02,AMD,long,ai_infrastructure,early_watchlist,56.63,0.2349,61.38,False,0.0296412816446711,-0.005017663090001,-0.0772161770666021
2025-12-31,AMD,short,ai_infrastructure,filtered_out,40.44,0.1698,34.53,False,-0.0442660199113799,0.1053884557316289,-0.084609684656923
2025-12-31,AMD,medium,ai_infrastructure,filtered_out,41.51,0.1788,42.8,False,-0.0442660199113799,0.1053884557316289,-0.084609684656923
2025-12-31,AMD,long,ai_infrastructure,early_watchlist,54.71,0.2308,55.08,False,-0.0442660199113799,0.1053884557316289,-0.084609684656923
2026-01-30,AMD,short,ai_infrastructure,early_watchlist,47.03,0.1706,44.57,False,-0.1195032053254998,-0.160985093981135,0.3653106800503303
2026-01-30,AMD,medium,ai_infrastructure,early_watchlist,48.31,0.1962,53.89,False,-0.1195032053254998,-0.160985093981135,0.3653106800503303
2026-01-30,AMD,long,ai_infrastructure,early_watchlist,48.93,0.226,55.51,False,-0.1195032053254998,-0.160985093981135,0.3653106800503303
2026-03-02,AMD,short,ai_infrastructure,filtered_out,44.12,0.1467,35.53,False,0.0204410314087377,-0.0129896379744268,1.494915017254678
2026-03-02,AMD,medium,ai_infrastructure,filtered_out,43.71,0.1883,39.5,False,0.0204410314087377,-0.0129896379744268,1.494915017254678
2026-03-02,AMD,long,ai_infrastructure,early_watchlist,46.57,0.2203,48.34,False,0.0204410314087377,-0.0129896379744268,1.494915017254678
2026-03-30,AMD,short,ai_infrastructure,filtered_out,44.09,0.1467,35.43,False,0.1300245172726555,0.6486941569281357,1.7166395917331982
2026-03-30,AMD,medium,ai_infrastructure,filtered_out,43.96,0.1888,40.28,False,0.1300245172726555,0.6486941569281357,1.7166395917331982
2026-03-30,AMD,long,ai_infrastructure,early_watchlist,45.74,0.2201,45.53,False,0.1300245172726555,0.6486941569281357,1.7166395917331982
2025-03-17,INTC,short,semiconductor,early_watchlist,55.57,0.3831,62.83,False,-0.0572207547739955,-0.2094200450086751,-0.195017521398647
2025-03-17,INTC,medium,semiconductor,early_watchlist,55.38,0.1993,61.47,False,-0.0572207547739955,-0.2094200450086751,-0.195017521398647
2025-03-17,INTC,long,semiconductor,early_watchlist,53.85,0.05,58.44,False,-0.0572207547739955,-0.2094200450086751,-0.195017521398647
2025-04-14,INTC,short,semiconductor,filtered_out,42.5,0.3526,38.28,False,-0.0393894267895996,0.1107828684965255,0.1536189523030413
2025-04-14,INTC,medium,semiconductor,filtered_out,42.62,0.05,43.56,False,-0.0393894267895996,0.1107828684965255,0.1536189523030413
2025-04-14,INTC,long,semiconductor,filtered_out,42.21,0.05,46.82,False,-0.0393894267895996,0.1107828684965255,0.1536189523030413
2025-05-13,INTC,short,semiconductor,early_watchlist,55.78,0.3869,60.36,False,-0.057180808453748,-0.0833332981060011,-0.1156914346094335
2025-05-13,INTC,medium,semiconductor,early_watchlist,46.8,0.058,52.72,False,-0.057180808453748,-0.0833332981060011,-0.1156914346094335
2025-05-13,INTC,long,semiconductor,filtered_out,44.14,0.05,48.96,False,-0.057180808453748,-0.0833332981060011,-0.1156914346094335
2025-06-11,INTC,short,semiconductor,filtered_out,43.0,0.357,39.4,False,0.0391682521271363,0.1329787214418818,0.1837523781907046
2025-06-11,INTC,medium,semiconductor,filtered_out,42.66,0.05,43.26,False,0.0391682521271363,0.1329787214418818,0.1837523781907046
2025-06-11,INTC,long,semiconductor,filtered_out,42.74,0.05,48.11,False,0.0391682521271363,0.1329787214418818,0.1837523781907046
2025-07-11,INTC,short,semiconductor,early_watchlist,50.89,0.483,53.09,False,-0.0140845036025525,-0.1485275073371459,0.5616730548870292
2025-07-11,INTC,medium,semiconductor,early_watchlist,53.5,0.1875,61.42,False,-0.0140845036025525,-0.1485275073371459,0.5616730548870292
2025-07-11,INTC,long,semiconductor,early_watchlist,53.69,0.2159,57.35,False,-0.0140845036025525,-0.1485275073371459,0.5616730548870292
2025-08-08,INTC,short,semiconductor,filtered_out,42.93,0.2662,37.81,False,0.2310776203862004,0.227067599301155,0.97994979896833
2025-08-08,INTC,medium,semiconductor,filtered_out,42.76,0.05,40.57,False,0.2310776203862004,0.227067599301155,0.97994979896833
2025-08-08,INTC,long,semiconductor,filtered_out,42.89,0.05,45.12,False,0.2310776203862004,0.227067599301155,0.97994979896833
2025-09-08,INTC,short,semiconductor,early_watchlist,56.73,0.2957,44.96,False,0.0118464428492734,0.494689576666768,0.7757353771883282
2025-09-08,INTC,medium,semiconductor,early_watchlist,62.93,0.1849,60.89,False,0.0118464428492734,0.494689576666768,0.7757353771883282
2025-09-08,INTC,long,semiconductor,early_watchlist,61.13,0.05,58.82,False,0.0118464428492734,0.494689576666768,0.7757353771883282
2025-10-06,INTC,short,semiconductor,early_watchlist,59.67,0.626,59.82,False,0.0172178481959004,0.0795299217074831,0.0084722976769129
2025-10-06,INTC,medium,semiconductor,early_watchlist,59.55,0.4788,62.9,False,0.0172178481959004,0.0795299217074831,0.0084722976769129
2025-10-06,INTC,long,semiconductor,early_watchlist,60.34,0.4668,61.38,False,0.0172178481959004,0.0795299217074831,0.0084722976769129
2025-11-03,INTC,short,semiconductor,early_watchlist,48.59,0.4785,45.74,False,-0.0265822591660898,0.1005063600178006,0.1764557271064082
2025-11-03,INTC,medium,semiconductor,early_watchlist,59.24,0.5299,59.87,False,-0.0265822591660898,0.1005063600178006,0.1764557271064082
2025-11-03,INTC,long,semiconductor,early_watchlist,59.65,0.5569,61.38,False,-0.0265822591660898,0.1005063600178006,0.1764557271064082
2025-12-02,INTC,short,semiconductor,early_watchlist,52.07,0.3837,62.73,False,-0.0683230075293539,-0.1511387050915281,0.046698843392948
2025-12-02,INTC,medium,semiconductor,early_watchlist,62.93,0.2673,65.04,False,-0.0683230075293539,-0.1511387050915281,0.046698843392948
2025-12-02,INTC,long,semiconductor,early_watchlist,57.82,0.2459,63.25,False,-0.0683230075293539,-0.1511387050915281,0.046698843392948
2025-12-31,INTC,short,semiconductor,filtered_out,42.48,0.3663,36.01,False,0.1140921113924637,0.2593495745010346,0.1162600792257797
2025-12-31,INTC,medium,semiconductor,filtered_out,43.68,0.1876,42.36,False,0.1140921113924637,0.2593495745010346,0.1162600792257797
2025-12-31,INTC,long,semiconductor,early_watchlist,55.43,0.1531,55.55,False,0.1140921113924637,0.2593495745010346,0.1162600792257797
2026-01-30,INTC,short,semiconductor,early_watchlist,51.22,0.2459,46.57,False,0.0886593248043479,-0.020873707665645,0.8188077129942359
2026-01-30,INTC,medium,semiconductor,early_watchlist,55.3,0.129,62.9,False,0.0886593248043479,-0.020873707665645,0.8188077129942359
2026-01-30,INTC,long,semiconductor,early_watchlist,53.9,0.1066,61.38,False,0.0886593248043479,-0.020873707665645,0.8188077129942359
2026-03-02,INTC,short,semiconductor,filtered_out,42.54,0.2217,38.79,False,0.0017582820012018,-0.0947253049074948,1.6762636624849758
2026-03-02,INTC,medium,semiconductor,filtered_out,44.94,0.1499,47.17,False,0.0017582820012018,-0.0947253049074948,1.6762636624849758
2026-03-02,INTC,long,semiconductor,early_watchlist,55.86,0.1072,57.56,False,0.0017582820012018,-0.0947253049074948,1.6762636624849758
2026-03-30,INTC,short,semiconductor,filtered_out,44.42,0.2306,34.5,False,0.2845351204528441,1.0519543447680717,2.2257829460336547
2026-03-30,INTC,medium,semiconductor,early_watchlist,47.17,0.1556,44.19,False,0.2845351204528441,1.0519543447680717,2.2257829460336547
2026-03-30,INTC,long,semiconductor,early_watchlist,49.54,0.1035,53.69,False,0.2845351204528441,1.0519543447680717,2.2257829460336547
2025-03-17,QCOM,short,semiconductor,filtered_out,38.83,0.4512,36.42,False,0.0134852881811264,-0.1187717346994265,0.0157517898813996
2025-03-17,QCOM,medium,semiconductor,filtered_out,40.03,0.4539,40.17,False,0.0134852881811264,-0.1187717346994265,0.0157517898813996
2025-03-17,QCOM,long,semiconductor,filtered_out,41.71,0.4577,45.42,False,0.0134852881811264,-0.1187717346994265,0.0157517898813996
2025-04-14,QCOM,short,semiconductor,filtered_out,40.49,0.4544,41.8,False,-0.0032331053046867,0.0872905775773544,0.1380548689872218
2025-04-14,QCOM,medium,semiconductor,filtered_out,39.76,0.4527,39.5,False,-0.0032331053046867,0.0872905775773544,0.1380548689872218
2025-04-14,QCOM,long,semiconductor,filtered_out,41.55,0.4568,45.12,False,-0.0032331053046867,0.0872905775773544,0.1380548689872218
2025-05-13,QCOM,short,semiconductor,early_watchlist,49.45,0.4753,52.67,False,0.0163871623227627,0.0601164001601162,-0.0191197024282052
2025-05-13,QCOM,medium,semiconductor,filtered_out,42.81,0.4602,48.84,False,0.0163871623227627,0.0601164001601162,-0.0191197024282052
2025-05-13,QCOM,long,semiconductor,filtered_out,41.62,0.4575,45.12,False,0.0163871623227627,0.0601164001601162,-0.0191197024282052
2025-06-11,QCOM,short,semiconductor,early_watchlist,50.34,0.4779,53.77,False,-0.036681640705522,-0.0126661572197878,0.0104835531438349
2025-06-11,QCOM,medium,semiconductor,filtered_out,44.35,0.4643,53.46,False,-0.036681640705522,-0.0126661572197878,0.0104835531438349
2025-06-11,QCOM,long,semiconductor,filtered_out,42.75,0.4607,48.47,False,-0.036681640705522,-0.0126661572197878,0.0104835531438349
2025-07-11,QCOM,short,semiconductor,filtered_out,39.66,0.4536,38.82,False,-0.0168931461284301,-0.0628730350846917,0.0769694075609166
2025-07-11,QCOM,medium,semiconductor,filtered_out,42.72,0.4606,48.36,False,-0.0168931461284301,-0.0628730350846917,0.0769694075609166
2025-07-11,QCOM,long,semiconductor,filtered_out,44.54,0.4647,54.07,False,-0.0168931461284301,-0.0628730350846917,0.0769694075609166
2025-08-08,QCOM,short,semiconductor,filtered_out,39.28,0.4528,34.5,False,0.0697343170509587,0.0921110245885412,0.2316917919410825
2025-08-08,QCOM,medium,semiconductor,filtered_out,41.54,0.4579,41.57,False,0.0697343170509587,0.0921110245885412,0.2316917919410825
2025-08-08,QCOM,long,semiconductor,filtered_out,42.68,0.4605,45.12,False,0.0697343170509587,0.0921110245885412,0.2316917919410825
2025-09-08,QCOM,short,semiconductor,early_watchlist,52.5,0.4828,41.43,False,0.0061157777630176,0.0522965370545631,0.0652770836856162
2025-09-08,QCOM,medium,semiconductor,early_watchlist,56.65,0.4923,50.44,False,0.0061157777630176,0.0522965370545631,0.0652770836856162
2025-09-08,QCOM,long,semiconductor,early_watchlist,57.67,0.4946,50.42,False,0.0061157777630176,0.0522965370545631,0.0652770836856162
2025-10-06,QCOM,short,semiconductor,early_watchlist,53.38,0.4848,44.0,False,-0.0405645339931054,0.0717589400305747,0.0195944327551875
2025-10-06,QCOM,medium,semiconductor,early_watchlist,57.09,0.4933,51.65,False,-0.0405645339931054,0.0717589400305747,0.0195944327551875
2025-10-06,QCOM,long,semiconductor,early_watchlist,59.88,0.4996,56.82,False,-0.0405645339931054,0.0717589400305747,0.0195944327551875
2025-11-03,QCOM,short,semiconductor,filtered_out,39.8,0.2067,45.51,False,-0.0506307693507843,-0.0554448321027356,-0.1569025097642997
2025-11-03,QCOM,medium,semiconductor,early_watchlist,56.74,0.5999,57.49,False,-0.0506307693507843,-0.0554448321027356,-0.1569025097642997
2025-11-03,QCOM,long,semiconductor,early_watchlist,52.71,0.2666,59.61,False,-0.0506307693507843,-0.0554448321027356,-0.1569025097642997
2025-12-02,QCOM,short,semiconductor,filtered_out,37.61,0.05,38.85,False,0.0363168997671536,0.0071705354595175,-0.1695922211742804
2025-12-02,QCOM,medium,semiconductor,filtered_out,43.53,0.525,42.32,False,0.0363168997671536,0.0071705354595175,-0.1695922211742804
2025-12-02,QCOM,long,semiconductor,early_watchlist,53.36,0.4331,52.69,False,0.0363168997671536,0.0071705354595175,-0.1695922211742804
2025-12-31,QCOM,short,semiconductor,filtered_out,37.54,0.05,38.4,False,0.0632562560419383,-0.1137679419887411,-0.2523482009171131
2025-12-31,QCOM,medium,semiconductor,filtered_out,43.74,0.527,42.69,False,0.0632562560419383,-0.1137679419887411,-0.2523482009171131
2025-12-31,QCOM,long,semiconductor,early_watchlist,52.95,0.4369,49.88,False,0.0632562560419383,-0.1137679419887411,-0.2523482009171131
2026-01-30,QCOM,short,semiconductor,filtered_out,39.62,0.05,34.74,False,-0.094003599426532,-0.0696616132345016,-0.0041357817568048
2026-01-30,QCOM,medium,semiconductor,early_watchlist,45.98,0.5376,39.6,False,-0.094003599426532,-0.0696616132345016,-0.0041357817568048
2026-01-30,QCOM,long,semiconductor,filtered_out,43.04,0.2143,46.15,False,-0.094003599426532,-0.0696616132345016,-0.0041357817568048
2026-03-02,QCOM,short,semiconductor,filtered_out,39.68,0.05,34.94,False,-0.0144172786573673,-0.0932010970749586,0.6655925794977695
2026-03-02,QCOM,medium,semiconductor,early_watchlist,45.95,0.5375,39.5,False,-0.0144172786573673,-0.0932010970749586,0.6655925794977695
2026-03-02,QCOM,long,semiconductor,filtered_out,42.71,0.05,45.12,False,-0.0144172786573673,-0.0932010970749586,0.6655925794977695
2026-03-30,QCOM,short,semiconductor,filtered_out,39.54,0.05,34.5,False,-0.0236090328871286,0.1804516443564341,0.6184526603844878
2026-03-30,QCOM,medium,semiconductor,early_watchlist,45.95,0.5375,39.5,False,-0.0236090328871286,0.1804516443564341,0.6184526603844878
2026-03-30,QCOM,long,semiconductor,filtered_out,42.71,0.05,45.12,False,-0.0236090328871286,0.1804516443564341,0.6184526603844878
2025-03-17,AMAT,short,ai_infrastructure,filtered_out,39.73,0.05,38.15,False,-0.0032804996235135,-0.070307398233121,0.1146361347355779
2025-03-17,AMAT,medium,ai_infrastructure,filtered_out,39.82,0.4534,39.5,False,-0.0032804996235135,-0.070307398233121,0.1146361347355779
2025-03-17,AMAT,long,ai_infrastructure,filtered_out,41.62,0.4575,45.12,False,-0.0032804996235135,-0.070307398233121,0.1146361347355779
2025-04-14,AMAT,short,ai_infrastructure,filtered_out,41.3,0.05,43.29,False,-0.0431053726110325,0.1971909112346166,0.3733675160476772
2025-04-14,AMAT,medium,ai_infrastructure,filtered_out,39.76,0.4527,39.5,False,-0.0431053726110325,0.1971909112346166,0.3733675160476772
2025-04-14,AMAT,long,ai_infrastructure,filtered_out,41.62,0.4575,45.12,False,-0.0431053726110325,0.1971909112346166,0.3733675160476772
2025-05-13,AMAT,short,ai_infrastructure,early_watchlist,55.35,0.05,67.79,False,-0.0421892856035653,0.0014524467991472,0.0714653891121366
2025-05-13,AMAT,medium,ai_infrastructure,early_watchlist,47.05,0.4724,58.86,False,-0.0421892856035653,0.0014524467991472,0.0714653891121366
2025-05-13,AMAT,long,ai_infrastructure,filtered_out,44.55,0.4667,51.05,False,-0.0421892856035653,0.0014524467991472,0.0714653891121366
2025-06-11,AMAT,short,ai_infrastructure,early_watchlist,48.49,0.1317,50.7,False,0.0002892852377351,0.145494551438865,-0.0594683983454165
2025-06-11,AMAT,medium,ai_infrastructure,early_watchlist,47.43,0.4641,52.48,False,0.0002892852377351,0.145494551438865,-0.0594683983454165
2025-06-11,AMAT,long,ai_infrastructure,filtered_out,41.88,0.4515,56.11,False,0.0002892852377351,0.145494551438865,-0.0594683983454165
2025-07-11,AMAT,short,ai_infrastructure,early_watchlist,55.71,0.4267,54.9,False,-0.0378415847012485,-0.0659829866669275,0.1345007877175852
2025-07-11,AMAT,medium,ai_infrastructure,early_watchlist,61.29,0.7546,62.9,False,-0.0378415847012485,-0.0659829866669275,0.1345007877175852
2025-07-11,AMAT,long,ai_infrastructure,early_watchlist,54.86,0.4914,57.81,False,-0.0378415847012485,-0.0659829866669275,0.1345007877175852
2025-08-08,AMAT,short,ai_infrastructure,filtered_out,39.46,0.1876,37.21,False,-0.1250068073680706,-0.1209257122627159,0.2895078233391748
2025-08-08,AMAT,medium,ai_infrastructure,filtered_out,39.9,0.05,46.71,False,-0.1250068073680706,-0.1209257122627159,0.2895078233391748
2025-08-08,AMAT,long,ai_infrastructure,early_watchlist,52.58,0.4758,57.78,False,-0.1250068073680706,-0.1209257122627159,0.2895078233391748
2025-09-08,AMAT,short,ai_infrastructure,filtered_out,42.53,0.2032,36.19,False,0.054797764794165,0.381733977515907,0.6405435512730273
2025-09-08,AMAT,medium,ai_infrastructure,filtered_out,40.98,0.05,39.5,False,0.054797764794165,0.381733977515907,0.6405435512730273
2025-09-08,AMAT,long,ai_infrastructure,filtered_out,43.34,0.462,47.18,False,0.054797764794165,0.381733977515907,0.6405435512730273
2025-10-06,AMAT,short,ai_infrastructure,early_watchlist,59.43,0.3514,62.95,False,-0.0197847855172552,0.0616319167551848,0.1499876720285926
2025-10-06,AMAT,medium,ai_infrastructure,early_watchlist,55.82,0.05,58.15,False,-0.0197847855172552,0.0616319167551848,0.1499876720285926
2025-10-06,AMAT,long,ai_infrastructure,early_watchlist,61.27,0.5359,61.38,False,-0.0197847855172552,0.0616319167551848,0.1499876720285926
2025-11-03,AMAT,short,ai_infrastructure,early_watchlist,54.13,0.288,50.64,False,-0.0110639083118292,0.1183799180860067,0.3585957144288529
2025-11-03,AMAT,medium,ai_infrastructure,early_watchlist,54.54,0.05,58.52,False,-0.0110639083118292,0.1183799180860067,0.3585957144288529
2025-11-03,AMAT,long,ai_infrastructure,early_watchlist,63.6,0.7974,61.38,False,-0.0110639083118292,0.1183799180860067,0.3585957144288529
2025-12-02,AMAT,short,ai_infrastructure,early_watchlist,54.26,0.3127,62.16,False,0.0068217337071336,-0.031432576761944,0.4044554869855161
2025-12-02,AMAT,medium,ai_infrastructure,early_watchlist,61.33,0.5359,63.04,False,0.0068217337071336,-0.031432576761944,0.4044554869855161
2025-12-02,AMAT,long,ai_infrastructure,early_watchlist,63.4,0.6521,61.78,False,0.0068217337071336,-0.031432576761944,0.4044554869855161
2025-12-31,AMAT,short,ai_infrastructure,early_watchlist,45.5,0.2569,39.64,False,0.0959181992248678,0.2542122037362342,0.258893329568306
2025-12-31,AMAT,medium,ai_infrastructure,early_watchlist,48.44,0.4685,49.34,False,0.0959181992248678,0.2542122037362342,0.258893329568306
2025-12-31,AMAT,long,ai_infrastructure,early_watchlist,60.45,0.5455,61.38,False,0.0959181992248678,0.2542122037362342,0.258893329568306
2026-01-30,AMAT,short,ai_infrastructure,early_watchlist,49.68,0.5204,47.17,False,0.0005896239846736,0.1561311402712801,0.1838709934613622
2026-01-30,AMAT,medium,ai_infrastructure,early_watchlist,63.77,0.7446,63.79,False,0.0005896239846736,0.1561311402712801,0.1838709934613622
2026-01-30,AMAT,long,ai_infrastructure,early_watchlist,64.56,0.7824,62.25,False,0.0005896239846736,0.1561311402712801,0.1838709934613622
2026-03-02,AMAT,short,ai_infrastructure,early_watchlist,53.84,0.5735,49.5,False,-0.0893116281727476,-0.1318179325364937,0.2058875976031102
2026-03-02,AMAT,medium,ai_infrastructure,early_watchlist,63.97,0.6735,62.9,False,-0.0893116281727476,-0.1318179325364937,0.2058875976031102
2026-03-02,AMAT,long,ai_infrastructure,early_watchlist,65.57,0.7618,61.38,False,-0.0893116281727476,-0.1318179325364937,0.2058875976031102
2026-03-30,AMAT,short,ai_infrastructure,filtered_out,44.04,0.4471,34.5,False,0.0965276103207137,0.1794688340732966,1.0699134266679904
2026-03-30,AMAT,medium,ai_infrastructure,early_watchlist,46.43,0.484,44.9,False,0.0965276103207137,0.1794688340732966,1.0699134266679904
2026-03-30,AMAT,long,ai_infrastructure,early_watchlist,60.92,0.6294,59.72,False,0.0965276103207137,0.1794688340732966,1.0699134266679904
2025-03-17,MU,short,semiconductor,early_watchlist,49.15,0.4747,55.84,False,-0.0598390695656824,-0.3103242526160665,0.1267681104303957
2025-03-17,MU,medium,semiconductor,filtered_out,42.74,0.4601,48.64,False,-0.0598390695656824,-0.3103242526160665,0.1267681104303957
2025-03-17,MU,long,semiconductor,filtered_out,42.57,0.4597,48.08,False,-0.0598390695656824,-0.3103242526160665,0.1267681104303957
2025-04-14,MU,short,semiconductor,filtered_out,39.39,0.4519,38.37,False,-0.0114052904461643,0.3648266998755098,0.7551001461808018
2025-04-14,MU,medium,semiconductor,filtered_out,39.41,0.05,39.5,False,-0.0114052904461643,0.3648266998755098,0.7551001461808018
2025-04-14,MU,long,semiconductor,filtered_out,41.67,0.4571,45.48,False,-0.0114052904461643,0.3648266998755098,0.7551001461808018
2025-05-13,MU,short,semiconductor,early_watchlist,63.1,0.8204,68.33,False,0.012070684278211,0.197049426866209,0.2277098613606558
2025-05-13,MU,medium,semiconductor,early_watchlist,46.91,0.05,59.03,False,0.012070684278211,0.197049426866209,0.2277098613606558
2025-05-13,MU,long,semiconductor,filtered_out,44.45,0.4677,50.28,False,0.012070684278211,0.197049426866209,0.2277098613606558
2025-06-11,MU,short,semiconductor,early_watchlist,58.72,0.8308,65.92,False,0.0499010061811642,0.0742671840335764,0.1340493778557874
2025-06-11,MU,medium,semiconductor,early_watchlist,52.53,0.4523,61.21,False,0.0499010061811642,0.0742671840335764,0.1340493778557874
2025-06-11,MU,long,semiconductor,early_watchlist,55.18,0.4817,59.05,False,0.0499010061811642,0.0742671840335764,0.1340493778557874
2025-07-11,MU,short,semiconductor,early_watchlist,54.19,0.7871,45.81,False,-0.0814261449266824,-0.0452902632754549,0.5344060961301502
2025-07-11,MU,medium,semiconductor,early_watchlist,55.78,0.6528,59.47,False,-0.0814261449266824,-0.0452902632754549,0.5344060961301502
2025-07-11,MU,long,semiconductor,early_watchlist,57.9,0.6726,61.38,False,-0.0814261449266824,-0.0452902632754549,0.5344060961301502
2025-08-08,MU,short,semiconductor,early_watchlist,54.19,0.7237,55.93,False,0.0166540698625463,0.1057279904029899,0.9753298891856176
2025-08-08,MU,medium,semiconductor,early_watchlist,48.03,0.213,49.22,False,0.0166540698625463,0.1057279904029899,0.9753298891856176
2025-08-08,MU,long,semiconductor,early_watchlist,57.88,0.2324,61.02,False,0.0166540698625463,0.1057279904029899,0.9753298891856176
2025-09-08,MU,short,semiconductor,near_watchlist,64.39,0.8013,62.11,False,0.2001369054463047,0.4535188222318354,0.8229117123795144
2025-09-08,MU,medium,semiconductor,early_watchlist,61.41,0.4801,59.88,False,0.2001369054463047,0.4535188222318354,0.8229117123795144
2025-09-08,MU,long,semiconductor,early_watchlist,59.86,0.2516,61.54,False,0.2001369054463047,0.4535188222318354,0.8229117123795144
2025-10-06,MU,short,semiconductor,near_watchlist,67.7,0.9,66.1,False,0.0094784053621168,0.2290531712594055,0.4952099675865475
2025-10-06,MU,medium,semiconductor,near_watchlist,67.07,0.8495,63.57,False,0.0094784053621168,0.2290531712594055,0.4952099675865475
2025-10-06,MU,long,semiconductor,near_watchlist,67.33,0.8138,62.38,False,0.0094784053621168,0.2290531712594055,0.4952099675865475
2025-11-03,MU,short,semiconductor,near_watchlist,65.66,0.9,60.75,False,0.0792500820628665,0.0204090544301323,0.7684175494010648
2025-11-03,MU,medium,semiconductor,near_watchlist,66.53,0.8744,62.9,False,0.0792500820628665,0.0204090544301323,0.7684175494010648
2025-11-03,MU,long,semiconductor,near_watchlist,66.32,0.8391,61.38,False,0.0792500820628665,0.0204090544301323,0.7684175494010648
2025-12-02,MU,short,semiconductor,early_watchlist,58.07,0.8985,47.46,False,0.0539897661200063,0.1922222103882307,0.7238162360819238
2025-12-02,MU,medium,semiconductor,early_watchlist,58.28,0.7488,55.43,False,0.0539897661200063,0.1922222103882307,0.7238162360819238
2025-12-02,MU,long,semiconductor,early_watchlist,60.31,0.7872,61.38,False,0.0539897661200063,0.1922222103882307,0.7238162360819238
2025-12-31,MU,short,semiconductor,near_watchlist,65.54,0.9,57.05,False,0.1457902310379322,0.4536280818876745,0.1279743659696479
2025-12-31,MU,medium,semiconductor,near_watchlist,66.54,0.8063,62.9,False,0.1457902310379322,0.4536280818876745,0.1279743659696479
2025-12-31,MU,long,semiconductor,near_watchlist,67.28,0.8235,61.38,False,0.1457902310379322,0.4536280818876745,0.1279743659696479
2026-01-30,MU,short,semiconductor,early_watchlist,66.19,0.9,58.39,False,-0.0486646452720319,-0.0053267136670236,0.216018795628671
2026-01-30,MU,medium,semiconductor,early_watchlist,67.28,0.8794,64.2,False,-0.0486646452720319,-0.0053267136670236,0.216018795628671
2026-01-30,MU,long,semiconductor,early_watchlist,66.19,0.8666,62.44,False,-0.0486646452720319,-0.0053267136670236,0.216018795628671
2026-03-02,MU,short,semiconductor,early_watchlist,55.52,0.9,38.83,False,-0.0565828179345101,-0.2198727081755566,1.2507085847432575
2026-03-02,MU,medium,semiconductor,early_watchlist,59.71,0.8709,53.9,False,-0.0565828179345101,-0.2198727081755566,1.2507085847432575
2026-03-02,MU,long,semiconductor,early_watchlist,65.77,0.8632,61.38,False,-0.0565828179345101,-0.2198727081755566,1.2507085847432575
2026-03-30,MU,short,semiconductor,early_watchlist,52.78,0.8431,35.92,False,0.1733374940245391,0.5670915250893473,2.7711626159998177
2026-03-30,MU,medium,semiconductor,early_watchlist,55.94,0.7779,47.08,False,0.1733374940245391,0.5670915250893473,2.7711626159998177
2026-03-30,MU,long,semiconductor,early_watchlist,58.26,0.6628,57.19,False,0.1733374940245391,0.5670915250893473,2.7711626159998177
2025-03-17,TSM,short,ai_infrastructure,filtered_out,41.37,0.2749,37.77,False,0.03192152077835,-0.1123060283220985,0.2195539027358695
2025-03-17,TSM,medium,ai_infrastructure,filtered_out,39.58,0.05,39.5,False,0.03192152077835,-0.1123060283220985,0.2195539027358695
2025-03-17,TSM,long,ai_infrastructure,filtered_out,41.62,0.4575,45.12,False,0.03192152077835,-0.1123060283220985,0.2195539027358695
2025-04-14,TSM,short,ai_infrastructure,filtered_out,42.37,0.2755,41.11,False,-0.0284908123143929,0.2448022591628709,0.4838452308101661
2025-04-14,TSM,medium,ai_infrastructure,filtered_out,39.51,0.05,39.5,False,-0.0284908123143929,0.2448022591628709,0.4838452308101661
2025-04-14,TSM,long,ai_infrastructure,filtered_out,41.62,0.4575,45.12,False,-0.0284908123143929,0.2448022591628709,0.4838452308101661
2025-05-13,TSM,short,ai_infrastructure,early_watchlist,56.77,0.3126,67.0,False,-0.0027836637133091,0.1036652330499223,0.2511689990775396
2025-05-13,TSM,medium,ai_infrastructure,early_watchlist,46.8,0.05,58.36,False,-0.0027836637133091,0.1036652330499223,0.2511689990775396
2025-05-13,TSM,long,ai_infrastructure,filtered_out,43.76,0.4662,48.12,False,-0.0027836637133091,0.1036652330499223,0.2511689990775396
2025-06-11,TSM,short,ai_infrastructure,early_watchlist,56.31,0.5523,57.53,False,0.0008437705979611,0.0800674437909345,0.1587756119849994
2025-06-11,TSM,medium,ai_infrastructure,early_watchlist,54.57,0.05,62.35,False,0.0008437705979611,0.0800674437909345,0.1587756119849994
2025-06-11,TSM,long,ai_infrastructure,early_watchlist,46.84,0.4732,57.74,False,0.0008437705979611,0.0800674437909345,0.1587756119849994
2025-07-11,TSM,short,ai_infrastructure,early_watchlist,45.34,0.4686,45.87,False,0.0434028903074847,0.0496094635125197,0.3166408291019187
2025-07-11,TSM,medium,ai_infrastructure,early_watchlist,53.44,0.2648,59.9,False,0.0434028903074847,0.0496094635125197,0.3166408291019187
2025-07-11,TSM,long,ai_infrastructure,early_watchlist,54.15,0.2866,58.9,False,0.0434028903074847,0.0496094635125197,0.3166408291019187
2025-08-08,TSM,short,ai_infrastructure,early_watchlist,50.68,0.5922,41.59,False,-0.0121987504857988,0.0221643573305418,0.2646146029795322
2025-08-08,TSM,medium,ai_infrastructure,early_watchlist,54.63,0.4683,55.31,False,-0.0121987504857988,0.0221643573305418,0.2646146029795322
2025-08-08,TSM,long,ai_infrastructure,early_watchlist,56.37,0.5094,61.38,False,-0.0121987504857988,0.0221643573305418,0.2646146029795322
2025-09-08,TSM,short,ai_infrastructure,early_watchlist,46.03,0.5834,47.87,False,0.0574051983808163,0.2272098928996919,0.1853693551057713
2025-09-08,TSM,medium,ai_infrastructure,early_watchlist,52.22,0.342,51.66,False,0.0574051983808163,0.2272098928996919,0.1853693551057713
2025-09-08,TSM,long,ai_infrastructure,early_watchlist,57.77,0.4683,61.96,False,0.0574051983808163,0.2272098928996919,0.1853693551057713
2025-10-06,TSM,short,ai_infrastructure,near_watchlist,72.17,0.7142,66.0,False,0.0016203917725068,0.0081348122014657,0.0076401812812658
2025-10-06,TSM,medium,ai_infrastructure,early_watchlist,71.48,0.6181,63.89,False,0.0016203917725068,0.0081348122014657,0.0076401812812658
2025-10-06,TSM,long,ai_infrastructure,early_watchlist,75.18,0.7662,62.23,False,0.0016203917725068,0.0081348122014657,0.0076401812812658
2025-11-03,TSM,short,ai_infrastructure,early_watchlist,51.36,0.5984,43.13,False,-0.0314570343228824,-0.0418880960204915,0.0872282249266538
2025-11-03,TSM,medium,ai_infrastructure,early_watchlist,53.58,0.4513,54.51,False,-0.0314570343228824,-0.0418880960204915,0.0872282249266538
2025-11-03,TSM,long,ai_infrastructure,early_watchlist,59.61,0.6501,61.38,False,-0.0314570343228824,-0.0418880960204915,0.0872282249266538
2025-12-02,TSM,short,ai_infrastructure,filtered_out,43.65,0.5848,39.4,False,0.0387552092245724,0.0432073291124244,0.2670972871227179
2025-12-02,TSM,medium,ai_infrastructure,filtered_out,43.74,0.3653,45.38,False,0.0387552092245724,0.0432073291124244,0.2670972871227179
2025-12-02,TSM,long,ai_infrastructure,early_watchlist,60.02,0.6226,61.16,False,0.0387552092245724,0.0432073291124244,0.2670972871227179
2025-12-31,TSM,short,ai_infrastructure,early_watchlist,58.13,0.6143,42.96,False,0.0464641664297895,0.0877619240658431,0.0444298841348389
2025-12-31,TSM,medium,ai_infrastructure,early_watchlist,59.68,0.4815,47.24,False,0.0464641664297895,0.0877619240658431,0.0444298841348389
2025-12-31,TSM,long,ai_infrastructure,early_watchlist,65.26,0.6522,54.8,False,0.0464641664297895,0.0877619240658431,0.0444298841348389
2026-01-30,TSM,short,ai_infrastructure,filtered_out,42.89,0.505,41.85,False,0.0553304074806901,0.1166201966236821,0.190239379338645
2026-01-30,TSM,medium,ai_infrastructure,early_watchlist,54.75,0.4219,58.39,False,0.0553304074806901,0.1166201966236821,0.190239379338645
2026-01-30,TSM,long,ai_infrastructure,early_watchlist,58.33,0.5469,59.67,False,0.0553304074806901,0.1166201966236821,0.190239379338645
2026-03-02,TSM,short,ai_infrastructure,early_watchlist,46.07,0.3627,45.3,False,-0.0552950506825866,-0.1401158214554829,0.1484955618507397
2026-03-02,TSM,medium,ai_infrastructure,early_watchlist,59.2,0.38,62.64,False,-0.0552950506825866,-0.1401158214554829,0.1484955618507397
2026-03-02,TSM,long,ai_infrastructure,early_watchlist,61.47,0.5276,61.38,False,-0.0552950506825866,-0.1401158214554829,0.1484955618507397
2026-03-30,TSM,short,ai_infrastructure,filtered_out,43.25,0.3245,35.12,False,0.0910585172807816,0.2396208659241985,0.377594572101765
2026-03-30,TSM,medium,ai_infrastructure,early_watchlist,46.12,0.314,43.83,False,0.0910585172807816,0.2396208659241985,0.377594572101765
2026-03-30,TSM,long,ai_infrastructure,early_watchlist,48.6,0.3795,50.08,False,0.0910585172807816,0.2396208659241985,0.377594572101765
2025-03-17,ASML,short,ai_infrastructure,filtered_out,40.83,0.2358,43.14,False,-0.0034093354436127,-0.0786767118132759,0.0769355031260057
2025-03-17,ASML,medium,ai_infrastructure,filtered_out,40.38,0.2876,40.01,False,-0.0034093354436127,-0.0786767118132759,0.0769355031260057
2025-03-17,ASML,long,ai_infrastructure,filtered_out,42.42,0.4599,47.43,False,-0.0034093354436127,-0.0786767118132759,0.0769355031260057
2025-04-14,ASML,short,ai_infrastructure,filtered_out,41.03,0.2363,43.76,False,-0.0507973957549562,0.1388020388432225,0.1954961897092944
2025-04-14,ASML,medium,ai_infrastructure,filtered_out,39.56,0.05,39.5,False,-0.0507973957549562,0.1388020388432225,0.1954961897092944
2025-04-14,ASML,long,ai_infrastructure,filtered_out,41.62,0.4575,45.12,False,-0.0507973957549562,0.1388020388432225,0.1954961897092944
2025-05-13,ASML,short,ai_infrastructure,early_watchlist,55.28,0.2719,67.22,False,-0.0198192668778099,0.0264301717585513,-0.0520327020641352
2025-05-13,ASML,medium,ai_infrastructure,early_watchlist,46.74,0.05,58.19,False,-0.0198192668778099,0.0264301717585513,-0.0520327020641352
2025-05-13,ASML,long,ai_infrastructure,filtered_out,44.78,0.4685,51.3,False,-0.0198192668778099,0.0264301717585513,-0.0520327020641352
2025-06-11,ASML,short,ai_infrastructure,early_watchlist,47.12,0.2387,50.51,False,-0.0286318545700114,0.0227525021884194,0.0180843707699642
2025-06-11,ASML,medium,ai_infrastructure,early_watchlist,47.52,0.05,53.54,False,-0.0286318545700114,0.0227525021884194,0.0180843707699642
2025-06-11,ASML,long,ai_infrastructure,early_watchlist,51.16,0.4719,56.27,False,-0.0286318545700114,0.0227525021884194,0.0180843707699642
2025-07-11,ASML,short,ai_infrastructure,early_watchlist,52.41,0.2318,41.25,False,-0.0839848550165456,-0.0969882623309957,0.3042863739638834
2025-07-11,ASML,medium,ai_infrastructure,early_watchlist,56.79,0.2474,51.98,False,-0.0839848550165456,-0.0969882623309957,0.3042863739638834
2025-07-11,ASML,long,ai_infrastructure,early_watchlist,59.95,0.3021,58.74,False,-0.0839848550165456,-0.0969882623309957,0.3042863739638834
2025-08-08,ASML,short,ai_infrastructure,filtered_out,41.46,0.2089,39.21,False,0.0274670354206505,0.1023508066465079,0.479555704568801
2025-08-08,ASML,medium,ai_infrastructure,filtered_out,41.13,0.05,39.57,False,0.0274670354206505,0.1023508066465079,0.479555704568801
2025-08-08,ASML,long,ai_infrastructure,early_watchlist,45.52,0.4317,45.3,False,0.0274670354206505,0.1023508066465079,0.479555704568801
2025-09-08,ASML,short,ai_infrastructure,early_watchlist,48.66,0.2167,53.98,False,0.0892307151712814,0.3102668018888883,0.3949728742589766
2025-09-08,ASML,medium,ai_infrastructure,filtered_out,42.04,0.05,52.8,False,0.0892307151712814,0.3102668018888883,0.3949728742589766
2025-09-08,ASML,long,ai_infrastructure,early_watchlist,54.79,0.5046,52.61,False,0.0892307151712814,0.3102668018888883,0.3949728742589766
2025-10-06,ASML,short,ai_infrastructure,early_watchlist,60.11,0.6241,62.08,False,-0.0562062436652889,0.0243579894960683,0.027277029051248
2025-10-06,ASML,medium,ai_infrastructure,early_watchlist,59.96,0.5717,62.9,False,-0.0562062436652889,0.0243579894960683,0.027277029051248
2025-10-06,ASML,long,ai_infrastructure,early_watchlist,64.93,0.7651,61.38,False,-0.0562062436652889,0.0243579894960683,0.027277029051248
2025-11-03,ASML,short,ai_infrastructure,early_watchlist,51.37,0.4825,45.3,False,-0.0262742920854692,0.0393319213605003,0.3338707556848748
2025-11-03,ASML,medium,ai_infrastructure,early_watchlist,52.96,0.1387,55.73,False,-0.0262742920854692,0.0393319213605003,0.3338707556848748
2025-11-03,ASML,long,ai_infrastructure,early_watchlist,60.23,0.6251,61.38,False,-0.0262742920854692,0.0393319213605003,0.3338707556848748
2025-12-02,ASML,short,ai_infrastructure,early_watchlist,47.64,0.3876,56.02,False,0.0023988578109155,-0.0351016766373256,0.2855730130319196
2025-12-02,ASML,medium,ai_infrastructure,early_watchlist,53.92,0.1406,56.03,False,0.0023988578109155,-0.0351016766373256,0.2855730130319196
2025-12-02,ASML,long,ai_infrastructure,early_watchlist,64.77,0.5663,61.46,False,0.0023988578109155,-0.0351016766373256,0.2855730130319196
2025-12-31,ASML,short,ai_infrastructure,filtered_out,42.26,0.3823,37.23,False,0.116332969683313,0.3300805205416461,0.1736245647878693
2025-12-31,ASML,medium,ai_infrastructure,filtered_out,43.11,0.0932,44.84,False,0.116332969683313,0.3300805205416461,0.1736245647878693
2025-12-31,ASML,long,ai_infrastructure,early_watchlist,59.31,0.4592,56.55,False,0.116332969683313,0.3300805205416461,0.1736245647878693
2026-01-30,ASML,short,ai_infrastructure,early_watchlist,58.72,0.5653,53.14,False,-0.007020366828629,0.0016990506682441,-0.0236018858369143
2026-01-30,ASML,medium,ai_infrastructure,early_watchlist,62.48,0.5707,62.9,False,-0.007020366828629,0.0016990506682441,-0.0236018858369143
2026-01-30,ASML,long,ai_infrastructure,early_watchlist,66.4,0.7267,61.97,False,-0.007020366828629,0.0016990506682441,-0.0236018858369143
2026-03-02,ASML,short,ai_infrastructure,early_watchlist,45.9,0.529,38.41,False,-0.0464475417455009,-0.119125585757029,0.1249139755302064
2026-03-02,ASML,medium,ai_infrastructure,early_watchlist,57.48,0.52,52.55,False,-0.0464475417455009,-0.119125585757029,0.1249139755302064
2026-03-02,ASML,long,ai_infrastructure,early_watchlist,63.25,0.719,61.38,False,-0.0464475417455009,-0.119125585757029,0.1249139755302064
2026-03-30,ASML,short,ai_infrastructure,filtered_out,43.43,0.4995,35.48,False,0.0418593973962277,0.1065618008572053,0.4714995592217483
2026-03-30,ASML,medium,ai_infrastructure,filtered_out,44.68,0.303,45.85,False,0.0418593973962277,0.1065618008572053,0.4714995592217483
2026-03-30,ASML,long,ai_infrastructure,early_watchlist,59.41,0.4365,56.52,False,0.0418593973962277,0.1065618008572053,0.4714995592217483
2025-03-17,ANET,short,ai_infrastructure,early_watchlist,45.24,0.3453,44.21,False,0.0284405441590342,-0.135151022387329,0.1071806691631138
2025-03-17,ANET,medium,ai_infrastructure,filtered_out,42.43,0.1948,39.5,False,0.0284405441590342,-0.135151022387329,0.1071806691631138
2025-03-17,ANET,long,ai_infrastructure,filtered_out,41.55,0.4568,45.12,False,0.0284405441590342,-0.135151022387329,0.1071806691631138
2025-04-14,ANET,short,ai_infrastructure,filtered_out,44.07,0.2638,42.45,False,-0.0668568883514411,0.3215111406375641,0.4753363921411531
2025-04-14,ANET,medium,ai_infrastructure,filtered_out,42.21,0.1909,39.5,False,-0.0668568883514411,0.3215111406375641,0.4753363921411531
2025-04-14,ANET,long,ai_infrastructure,filtered_out,41.41,0.4552,45.12,False,-0.0668568883514411,0.3215111406375641,0.4753363921411531
2025-05-13,ANET,short,ai_infrastructure,early_watchlist,57.57,0.3712,60.9,False,-0.0162468054607165,-0.0312596495169906,0.4311567370260283
2025-05-13,ANET,medium,ai_infrastructure,early_watchlist,50.97,0.2174,57.89,False,-0.0162468054607165,-0.0312596495169906,0.4311567370260283
2025-05-13,ANET,long,ai_infrastructure,filtered_out,44.62,0.4711,46.21,False,-0.0162468054607165,-0.0312596495169906,0.4311567370260283
2025-06-11,ANET,short,ai_infrastructure,filtered_out,43.17,0.3114,38.08,False,-0.0421399135896759,0.1524254405042058,0.4861479234417258
2025-06-11,ANET,medium,ai_infrastructure,early_watchlist,47.01,0.2037,54.05,False,-0.0421399135896759,0.1524254405042058,0.4861479234417258
2025-06-11,ANET,long,ai_infrastructure,filtered_out,43.9,0.462,52.5,False,-0.0421399135896759,0.1524254405042058,0.4861479234417258
2025-07-11,ANET,short,ai_infrastructure,early_watchlist,60.39,0.3553,61.3,False,0.0295661701528555,0.2819378563783516,0.3769918063942576
2025-07-11,ANET,medium,ai_infrastructure,early_watchlist,62.06,0.3958,63.77,False,0.0295661701528555,0.2819378563783516,0.3769918063942576
2025-07-11,ANET,long,ai_infrastructure,early_watchlist,45.35,0.4674,58.21,False,0.0295661701528555,0.2819378563783516,0.3769918063942576
2025-08-08,ANET,short,ai_infrastructure,early_watchlist,63.66,0.4948,65.7,False,-0.0135076140462434,0.0059635139727889,0.1322747853924331
2025-08-08,ANET,medium,ai_infrastructure,early_watchlist,64.91,0.6168,62.9,False,-0.0135076140462434,0.0059635139727889,0.1322747853924331
2025-08-08,ANET,long,ai_infrastructure,early_watchlist,63.5,0.6006,61.38,False,-0.0135076140462434,0.0059635139727889,0.1322747853924331
2025-09-08,ANET,short,ai_infrastructure,early_watchlist,53.2,0.4798,46.81,False,0.0387115090464535,0.0677809146882062,-0.0913505734443004
2025-09-08,ANET,medium,ai_infrastructure,early_watchlist,56.85,0.5559,54.54,False,0.0387115090464535,0.0677809146882062,-0.0913505734443004
2025-09-08,ANET,long,ai_infrastructure,early_watchlist,60.45,0.7845,61.38,False,0.0387115090464535,0.0677809146882062,-0.0913505734443004
2025-10-06,ANET,short,ai_infrastructure,early_watchlist,53.21,0.4336,46.41,False,-0.0137123949950355,0.054113687878867,-0.1235451586669105
2025-10-06,ANET,medium,ai_infrastructure,early_watchlist,57.4,0.373,57.61,False,-0.0137123949950355,0.054113687878867,-0.1235451586669105
2025-10-06,ANET,long,ai_infrastructure,early_watchlist,58.08,0.5814,61.38,False,-0.0137123949950355,0.054113687878867,-0.1235451586669105
2025-11-03,ANET,short,ai_infrastructure,early_watchlist,52.62,0.3983,45.01,False,-0.1290056621834351,-0.1927152473058685,-0.1005773920493177
2025-11-03,ANET,medium,ai_infrastructure,early_watchlist,56.45,0.3226,56.02,False,-0.1290056621834351,-0.1927152473058685,-0.1005773920493177
2025-11-03,ANET,long,ai_infrastructure,early_watchlist,57.28,0.5213,61.38,False,-0.1290056621834351,-0.1927152473058685,-0.1005773920493177
2025-12-02,ANET,short,ai_infrastructure,early_watchlist,47.21,0.5497,38.63,False,0.0221662634677821,0.0299481018867788,0.0163496447971751
2025-12-02,ANET,medium,ai_infrastructure,early_watchlist,45.62,0.3099,39.5,False,0.0221662634677821,0.0299481018867788,0.0163496447971751
2025-12-02,ANET,long,ai_infrastructure,early_watchlist,46.54,0.2908,48.82,False,0.0221662634677821,0.0299481018867788,0.0163496447971751
2025-12-31,ANET,short,ai_infrastructure,early_watchlist,47.31,0.5503,39.09,False,-0.0557887325551036,0.0817370587929777,-0.1137144292504805
2025-12-31,ANET,medium,ai_infrastructure,early_watchlist,46.29,0.3111,41.75,False,-0.0557887325551036,0.0817370587929777,-0.1137144292504805
2025-12-31,ANET,long,ai_infrastructure,early_watchlist,45.68,0.2891,46.35,False,-0.0557887325551036,0.0817370587929777,-0.1137144292504805
2026-01-30,ANET,short,ai_infrastructure,near_watchlist,58.41,0.6043,50.42,False,-0.0299844774607757,-0.0877663465450212,0.1661491948658386
2026-01-30,ANET,medium,ai_infrastructure,early_watchlist,52.64,0.3265,53.56,False,-0.0299844774607757,-0.0877663465450212,0.1661491948658386
2026-01-30,ANET,long,ai_infrastructure,early_watchlist,48.41,0.3018,46.78,False,-0.0299844774607757,-0.0877663465450212,0.1661491948658386
2026-03-02,ANET,short,ai_infrastructure,early_watchlist,46.43,0.5282,35.97,False,0.0608661634295337,-0.1018561909319367,0.1934260937087883
2026-03-02,ANET,medium,ai_infrastructure,early_watchlist,45.86,0.2727,42.44,False,0.0608661634295337,-0.1018561909319367,0.1934260937087883
2026-03-02,ANET,long,ai_infrastructure,early_watchlist,45.64,0.289,45.98,False,0.0608661634295337,-0.1018561909319367,0.1934260937087883
2026-03-30,ANET,short,ai_infrastructure,early_watchlist,45.97,0.5257,35.05,False,0.1507793210226318,0.423318670415864,0.4246964682794101
2026-03-30,ANET,medium,ai_infrastructure,early_watchlist,45.18,0.2645,41.0,False,0.1507793210226318,0.423318670415864,0.4246964682794101
2026-03-30,ANET,long,ai_infrastructure,early_watchlist,45.27,0.2866,45.31,False,0.1507793210226318,0.423318670415864,0.4246964682794101
2025-03-17,MRVL,short,ai_infrastructure,early_watchlist,46.91,0.5695,41.7,False,0.0335227486595621,-0.2568270782470165,-0.029580578898551
2025-03-17,MRVL,medium,ai_infrastructure,filtered_out,42.85,0.3796,39.5,False,0.0335227486595621,-0.2568270782470165,-0.029580578898551
2025-03-17,MRVL,long,ai_infrastructure,filtered_out,42.12,0.4581,46.9,False,0.0335227486595621,-0.2568270782470165,-0.029580578898551
2025-04-14,MRVL,short,ai_infrastructure,early_watchlist,45.43,0.5675,37.09,False,-0.0313815533494531,0.2529661030595105,0.3924516281838124
2025-04-14,MRVL,medium,ai_infrastructure,filtered_out,42.85,0.3796,39.5,False,-0.0313815533494531,0.2529661030595105,0.3924516281838124
2025-04-14,MRVL,long,ai_infrastructure,filtered_out,41.55,0.4568,45.12,False,-0.0313815533494531,0.2529661030595105,0.3924516281838124
2025-05-13,MRVL,short,ai_infrastructure,early_watchlist,60.15,0.5964,61.11,False,-0.062003772436446,0.0421501135294244,0.1820906821754422
2025-05-13,MRVL,medium,ai_infrastructure,early_watchlist,50.17,0.4017,53.8,False,-0.062003772436446,0.0421501135294244,0.1820906821754422
2025-05-13,MRVL,long,ai_infrastructure,filtered_out,44.27,0.4703,45.12,False,-0.062003772436446,0.0421501135294244,0.1820906821754422
2025-06-11,MRVL,short,ai_infrastructure,early_watchlist,56.77,0.5821,50.28,False,0.09832945021528,0.0663763754258994,-0.0320335659243135
2025-06-11,MRVL,medium,ai_infrastructure,early_watchlist,49.35,0.4009,51.66,False,0.09832945021528,0.0663763754258994,-0.0320335659243135
2025-06-11,MRVL,long,ai_infrastructure,filtered_out,44.14,0.4705,45.12,False,0.09832945021528,0.0663763754258994,-0.0320335659243135
2025-07-11,MRVL,short,ai_infrastructure,filtered_out,43.56,0.509,41.7,False,0.0266813703897994,0.0636775637514679,0.2229404362548397
2025-07-11,MRVL,medium,ai_infrastructure,early_watchlist,52.04,0.3791,57.28,False,0.0266813703897994,0.0636775637514679,0.2229404362548397
2025-07-11,MRVL,long,ai_infrastructure,filtered_out,41.56,0.4502,55.3,False,0.0266813703897994,0.0636775637514679,0.2229404362548397
2025-08-08,MRVL,short,ai_infrastructure,early_watchlist,51.54,0.3271,45.01,False,-0.0148692653487054,-0.1466252594867075,0.1692506620839664
2025-08-08,MRVL,medium,ai_infrastructure,early_watchlist,54.07,0.2453,55.78,False,-0.0148692653487054,-0.1466252594867075,0.1692506620839664
2025-08-08,MRVL,long,ai_infrastructure,filtered_out,44.98,0.4628,57.62,False,-0.0148692653487054,-0.1466252594867075,0.1692506620839664
2025-09-08,MRVL,short,ai_infrastructure,early_watchlist,48.78,0.6829,39.48,False,0.021666711062263,0.3472727399070472,0.4083560233435905
2025-09-08,MRVL,medium,ai_infrastructure,filtered_out,43.67,0.2289,41.49,False,0.021666711062263,0.3472727399070472,0.4083560233435905
2025-09-08,MRVL,long,ai_infrastructure,filtered_out,43.49,0.4618,47.84,False,0.021666711062263,0.3472727399070472,0.4083560233435905
2025-10-06,MRVL,short,ai_infrastructure,early_watchlist,64.18,0.7183,61.62,False,0.0059512526978178,0.0169797798730217,-0.0436767327604636
2025-10-06,MRVL,medium,ai_infrastructure,early_watchlist,59.04,0.2671,59.32,False,0.0059512526978178,0.0169797798730217,-0.0436767327604636
2025-10-06,MRVL,long,ai_infrastructure,early_watchlist,67.19,0.8368,61.38,False,0.0059512526978178,0.0169797798730217,-0.0436767327604636
2025-11-03,MRVL,short,ai_infrastructure,early_watchlist,50.27,0.3146,43.31,False,0.0316475859637501,0.0278852045540782,-0.1260730385995092
2025-11-03,MRVL,medium,ai_infrastructure,early_watchlist,51.86,0.2397,55.17,False,0.0316475859637501,0.0278852045540782,-0.1260730385995092
2025-11-03,MRVL,long,ai_infrastructure,early_watchlist,62.29,0.8109,61.38,False,0.0316475859637501,0.0278852045540782,-0.1260730385995092
2025-12-02,MRVL,short,ai_infrastructure,early_watchlist,52.18,0.6459,58.36,False,-0.0429539697425322,-0.0851544303181234,-0.1288816453620577
2025-12-02,MRVL,medium,ai_infrastructure,early_watchlist,54.26,0.3153,57.27,False,-0.0429539697425322,-0.0851544303181234,-0.1288816453620577
2025-12-02,MRVL,long,ai_infrastructure,early_watchlist,62.67,0.8266,62.75,False,-0.0429539697425322,-0.0851544303181234,-0.1288816453620577
2025-12-31,MRVL,short,ai_infrastructure,early_watchlist,47.12,0.644,35.37,False,-0.0180042626819552,-0.070642658945623,0.0340454552441316
2025-12-31,MRVL,medium,ai_infrastructure,filtered_out,43.87,0.2274,40.77,False,-0.0180042626819552,-0.070642658945623,0.0340454552441316
2025-12-31,MRVL,long,ai_infrastructure,early_watchlist,47.44,0.4558,49.73,False,-0.0180042626819552,-0.070642658945623,0.0340454552441316
2026-01-30,MRVL,short,ai_infrastructure,early_watchlist,46.74,0.6413,34.5,False,0.0172325693704058,0.0245818102612558,0.9425582310598472
2026-01-30,MRVL,medium,ai_infrastructure,filtered_out,43.23,0.18,39.5,False,0.0172325693704058,0.0245818102612558,0.9425582310598472
2026-01-30,MRVL,long,ai_infrastructure,early_watchlist,45.52,0.3361,47.2,False,0.0172325693704058,0.0245818102612558,0.9425582310598472
2026-03-02,MRVL,short,ai_infrastructure,early_watchlist,49.52,0.6477,42.88,False,0.145807599399576,0.0859510634154299,1.45856376069922
2026-03-02,MRVL,medium,ai_infrastructure,filtered_out,44.01,0.1149,41.86,False,0.145807599399576,0.0859510634154299,1.45856376069922
2026-03-02,MRVL,long,ai_infrastructure,early_watchlist,45.14,0.3426,45.9,False,0.145807599399576,0.0859510634154299,1.45856376069922
2026-03-30,MRVL,short,ai_infrastructure,early_watchlist,47.83,0.6452,42.59,False,0.245643956878472,0.7458910953144187,2.2046554865862853
2026-03-30,MRVL,medium,ai_infrastructure,early_watchlist,52.88,0.1259,52.72,False,0.245643956878472,0.7458910953144187,2.2046554865862853
2026-03-30,MRVL,long,ai_infrastructure,early_watchlist,54.87,0.5697,49.28,False,0.245643956878472,0.7458910953144187,2.2046554865862853
2025-03-17,SMCI,short,ai_infrastructure,early_watchlist,45.7,0.3278,51.14,False,-0.005245527258214,-0.2103004287941799,0.0302813662219552
2025-03-17,SMCI,medium,ai_infrastructure,early_watchlist,47.9,0.5388,53.9,False,-0.005245527258214,-0.2103004287941799,0.0302813662219552
2025-03-17,SMCI,long,ai_infrastructure,early_watchlist,45.55,0.4659,57.62,False,-0.005245527258214,-0.2103004287941799,0.0302813662219552
2025-04-14,SMCI,short,ai_infrastructure,filtered_out,40.49,0.3167,34.86,False,-0.0766907937830108,0.1742149952851861,0.4867150744701032
2025-04-14,SMCI,medium,ai_infrastructure,filtered_out,41.51,0.2155,44.42,False,-0.0766907937830108,0.1742149952851861,0.4867150744701032
2025-04-14,SMCI,long,ai_infrastructure,filtered_out,42.98,0.2404,49.93,False,-0.0766907937830108,0.1742149952851861,0.4867150744701032
2025-05-13,SMCI,short,ai_infrastructure,early_watchlist,50.31,0.3409,62.03,False,0.099768607071462,0.1110825343950532,0.1468243552092345
2025-05-13,SMCI,medium,ai_infrastructure,early_watchlist,47.75,0.2314,60.41,False,0.099768607071462,0.1110825343950532,0.1468243552092345
2025-05-13,SMCI,long,ai_infrastructure,early_watchlist,52.55,0.7822,52.63,False,0.099768607071462,0.1110825343950532,0.1468243552092345
2025-06-11,SMCI,short,ai_infrastructure,filtered_out,40.91,0.2107,43.96,False,0.0291599667421249,0.1395510928432535,-0.0733626067139733
2025-06-11,SMCI,medium,ai_infrastructure,early_watchlist,50.39,0.2302,61.19,False,0.0291599667421249,0.1395510928432535,-0.0733626067139733
2025-06-11,SMCI,long,ai_infrastructure,early_watchlist,59.98,0.8127,56.7,False,0.0291599667421249,0.1395510928432535,-0.0733626067139733
2025-07-11,SMCI,short,ai_infrastructure,early_watchlist,54.37,0.5944,50.44,False,0.0513809645218445,-0.0942323933017822,0.1092607041029143
2025-07-11,SMCI,medium,ai_infrastructure,early_watchlist,54.35,0.2333,62.9,False,0.0513809645218445,-0.0942323933017822,0.1092607041029143
2025-07-11,SMCI,long,ai_infrastructure,early_watchlist,63.13,0.8274,61.38,False,0.0513809645218445,-0.0942323933017822,0.1092607041029143
2025-08-08,SMCI,short,ai_infrastructure,filtered_out,43.61,0.5255,41.7,False,0.017264584845456,-0.1022421012242783,0.1378924156117944
2025-08-08,SMCI,medium,ai_infrastructure,filtered_out,39.87,0.1061,44.9,False,0.017264584845456,-0.1022421012242783,0.1378924156117944
2025-08-08,SMCI,long,ai_infrastructure,early_watchlist,59.9,0.8094,58.06,False,0.017264584845456,-0.1022421012242783,0.1378924156117944
2025-09-08,SMCI,short,ai_infrastructure,filtered_out,44.74,0.5376,34.5,False,0.1333666341280492,0.36413580626826,-0.1778222423521704
2025-09-08,SMCI,medium,ai_infrastructure,filtered_out,41.59,0.1172,39.72,False,0.1333666341280492,0.36413580626826,-0.1778222423521704
2025-09-08,SMCI,long,ai_infrastructure,early_watchlist,48.94,0.6214,47.81,False,0.1333666341280492,0.36413580626826,-0.1778222423521704
2025-10-06,SMCI,short,ai_infrastructure,early_watchlist,59.44,0.5997,67.13,False,0.0023801001585033,-0.0708531491681452,-0.4641156896713682
2025-10-06,SMCI,medium,ai_infrastructure,early_watchlist,47.14,0.1285,58.66,False,0.0023801001585033,-0.0708531491681452,-0.4641156896713682
2025-10-06,SMCI,long,ai_infrastructure,early_watchlist,65.38,0.8755,61.92,False,0.0023801001585033,-0.0708531491681452,-0.4641156896713682
2025-11-03,SMCI,short,ai_infrastructure,filtered_out,41.48,0.3749,37.58,False,-0.2080788447939116,-0.3513300853409791,-0.4264039288600677
2025-11-03,SMCI,medium,ai_infrastructure,filtered_out,41.26,0.1978,46.8,False,-0.2080788447939116,-0.3513300853409791,-0.4264039288600677
2025-11-03,SMCI,long,ai_infrastructure,early_watchlist,60.66,0.8576,57.45,False,-0.2080788447939116,-0.3513300853409791,-0.4264039288600677
2025-12-02,SMCI,short,ai_infrastructure,filtered_out,43.72,0.384,34.5,False,0.0637910815802951,-0.1108747847569694,-0.0331105196192719
2025-12-02,SMCI,medium,ai_infrastructure,filtered_out,41.56,0.0911,39.5,False,0.0637910815802951,-0.1108747847569694,-0.0331105196192719
2025-12-02,SMCI,long,ai_infrastructure,early_watchlist,49.05,0.4938,45.12,False,0.0637910815802951,-0.1108747847569694,-0.0331105196192719
2025-12-31,SMCI,short,ai_infrastructure,filtered_out,43.89,0.3844,35.2,False,0.0215237154394885,-0.005466342497773,-0.2804920008002132
2025-12-31,SMCI,medium,ai_infrastructure,filtered_out,41.72,0.0907,40.25,False,0.0215237154394885,-0.005466342497773,-0.2804920008002132
2025-12-31,SMCI,long,ai_infrastructure,early_watchlist,49.08,0.4935,45.46,False,0.0215237154394885,-0.005466342497773,-0.2804920008002132
2026-01-30,SMCI,short,ai_infrastructure,filtered_out,44.47,0.3854,37.03,False,0.1810374561067391,0.0934386553185868,-0.0638955881605218
2026-01-30,SMCI,medium,ai_infrastructure,filtered_out,41.48,0.0903,39.5,False,0.1810374561067391,0.0934386553185868,-0.0638955881605218
2026-01-30,SMCI,long,ai_infrastructure,early_watchlist,48.98,0.4933,45.12,False,0.1810374561067391,0.0934386553185868,-0.0638955881605218
2026-03-02,SMCI,short,ai_infrastructure,early_watchlist,47.21,0.2321,39.78,False,0.0047125233707134,-0.3383600528928211,0.1998114583175412
2026-03-02,SMCI,medium,ai_infrastructure,filtered_out,41.64,0.0855,49.05,False,0.0047125233707134,-0.3383600528928211,0.1998114583175412
2026-03-02,SMCI,long,ai_infrastructure,early_watchlist,46.01,0.4813,45.12,False,0.0047125233707134,-0.3383600528928211,0.1998114583175412
2026-03-30,SMCI,short,ai_infrastructure,filtered_out,42.57,0.2226,34.5,False,0.0764482740351066,0.293922160067853,0.5042735569109464
2026-03-30,SMCI,medium,ai_infrastructure,filtered_out,41.56,0.0911,39.5,False,0.0764482740351066,0.293922160067853,0.5042735569109464
2026-03-30,SMCI,long,ai_infrastructure,early_watchlist,49.05,0.4938,45.12,False,0.0764482740351066,0.293922160067853,0.5042735569109464
2025-03-17,DELL,short,ai_infrastructure,filtered_out,40.6,0.4534,42.6,False,0.0220150524870319,-0.1276879270088793,0.1463585854506248
2025-03-17,DELL,medium,ai_infrastructure,filtered_out,39.61,0.4511,39.5,False,0.0220150524870319,-0.1276879270088793,0.1463585854506248
2025-03-17,DELL,long,ai_infrastructure,filtered_out,41.47,0.4559,45.12,False,0.0220150524870319,-0.1276879270088793,0.1463585854506248
2025-04-14,DELL,short,ai_infrastructure,filtered_out,41.85,0.4562,46.5,False,-0.0067002485840262,0.2741124995756585,0.4983374507798228
2025-04-14,DELL,medium,ai_infrastructure,filtered_out,39.86,0.4517,40.27,False,-0.0067002485840262,0.2741124995756585,0.4983374507798228
2025-04-14,DELL,long,ai_infrastructure,filtered_out,41.67,0.4558,45.94,False,-0.0067002485840262,0.2741124995756585,0.4983374507798228
2025-05-13,DELL,short,ai_infrastructure,early_watchlist,54.14,0.4879,66.43,False,0.0591563351563213,0.0314325393884342,0.2811543943893564
2025-05-13,DELL,medium,ai_infrastructure,early_watchlist,46.79,0.4712,58.25,False,0.0591563351563213,0.0314325393884342,0.2811543943893564
2025-05-13,DELL,long,ai_infrastructure,filtered_out,43.93,0.4647,49.29,False,0.0591563351563213,0.0314325393884342,0.2811543943893564
2025-06-11,DELL,short,ai_infrastructure,early_watchlist,46.62,0.7318,41.7,False,0.0478245094318221,0.1401474759454957,0.1102372352845213
2025-06-11,DELL,medium,ai_infrastructure,early_watchlist,51.29,0.4788,56.26,False,0.0478245094318221,0.1401474759454957,0.1102372352845213
2025-06-11,DELL,long,ai_infrastructure,early_watchlist,45.54,0.4657,57.62,False,0.0478245094318221,0.1401474759454957,0.1102372352845213
2025-07-11,DELL,short,ai_infrastructure,early_watchlist,54.1,0.7755,48.71,False,0.0347710050254417,0.0894307066330077,0.1539525879855356
2025-07-11,DELL,medium,ai_infrastructure,early_watchlist,56.88,0.7124,62.9,False,0.0347710050254417,0.0894307066330077,0.1539525879855356
2025-07-11,DELL,long,ai_infrastructure,early_watchlist,51.63,0.4756,59.67,False,0.0347710050254417,0.0894307066330077,0.1539525879855356
2025-08-08,DELL,short,ai_infrastructure,early_watchlist,58.64,0.7263,55.49,False,0.0048688019975675,-0.1061695483947349,0.1676512346675565
2025-08-08,DELL,medium,ai_infrastructure,early_watchlist,59.57,0.6204,60.96,False,0.0048688019975675,-0.1061695483947349,0.1676512346675565
2025-08-08,DELL,long,ai_infrastructure,early_watchlist,62.8,0.7687,61.71,False,0.0048688019975675,-0.1061695483947349,0.1676512346675565
2025-09-08,DELL,short,ai_infrastructure,filtered_out,42.44,0.6836,35.2,False,0.0308942957883655,0.185040537948911,0.1092227392813909
2025-09-08,DELL,medium,ai_infrastructure,filtered_out,39.39,0.05,44.9,False,0.0308942957883655,0.185040537948911,0.1092227392813909
2025-09-08,DELL,long,ai_infrastructure,early_watchlist,52.07,0.2528,57.76,False,0.0308942957883655,0.185040537948911,0.1092227392813909
2025-10-06,DELL,short,ai_infrastructure,early_watchlist,56.42,0.6421,63.54,False,0.0524149397163418,0.1023634098394385,-0.1333114484388463
2025-10-06,DELL,medium,ai_infrastructure,early_watchlist,52.11,0.1066,61.85,False,0.0524149397163418,0.1023634098394385,-0.1333114484388463
2025-10-06,DELL,long,ai_infrastructure,early_watchlist,58.25,0.5448,62.41,False,0.0524149397163418,0.1023634098394385,-0.1333114484388463
2025-11-03,DELL,short,ai_infrastructure,early_watchlist,49.19,0.5953,45.36,False,-0.1088000831105945,-0.1508962329278107,-0.2821144291552273
2025-11-03,DELL,medium,ai_infrastructure,early_watchlist,56.82,0.1939,61.58,False,-0.1088000831105945,-0.1508962329278107,-0.2821144291552273
2025-11-03,DELL,long,ai_infrastructure,early_watchlist,62.19,0.6746,61.38,False,-0.1088000831105945,-0.1508962329278107,-0.2821144291552273
2025-12-02,DELL,short,ai_infrastructure,early_watchlist,47.17,0.5861,42.88,False,0.0166973334382698,-0.0740713916110549,0.1344006319706974
2025-12-02,DELL,medium,ai_infrastructure,filtered_out,41.93,0.05,41.7,False,0.0166973334382698,-0.0740713916110549,0.1344006319706974
2025-12-02,DELL,long,ai_infrastructure,early_watchlist,46.6,0.1283,52.4,False,0.0166973334382698,-0.0740713916110549,0.1344006319706974
2025-12-31,DELL,short,ai_infrastructure,filtered_out,44.44,0.5815,34.53,False,-0.0586271935981643,-0.0869029199410899,0.313793907150254
2025-12-31,DELL,medium,ai_infrastructure,filtered_out,41.3,0.05,39.5,False,-0.0586271935981643,-0.0869029199410899,0.313793907150254
2025-12-31,DELL,long,ai_infrastructure,filtered_out,44.05,0.2435,45.43,False,-0.0586271935981643,-0.0869029199410899,0.313793907150254
2026-01-30,DELL,short,ai_infrastructure,early_watchlist,45.01,0.5825,36.29,False,0.0577595605502911,0.3417512331971186,0.8050259566067353
2026-01-30,DELL,medium,ai_infrastructure,filtered_out,41.8,0.05,41.07,False,0.0577595605502911,0.3417512331971186,0.8050259566067353
2026-01-30,DELL,long,ai_infrastructure,filtered_out,44.32,0.0628,46.72,False,0.0577595605502911,0.3417512331971186,0.8050259566067353
2026-03-02,DELL,short,ai_infrastructure,early_watchlist,63.46,0.7289,65.59,False,-0.0458483257547612,0.0723542722681878,0.994560015023904
2026-03-02,DELL,medium,ai_infrastructure,early_watchlist,50.15,0.05,58.65,False,-0.0458483257547612,0.0723542722681878,0.994560015023904
2026-03-02,DELL,long,ai_infrastructure,early_watchlist,51.08,0.0859,58.63,False,-0.0458483257547612,0.0723542722681878,0.994560015023904
2026-03-30,DELL,short,ai_infrastructure,early_watchlist,54.92,0.6748,47.78,False,0.0791327504175547,0.2545072110915616,1.4943330799994643
2026-03-30,DELL,medium,ai_infrastructure,early_watchlist,53.1,0.05,59.57,False,0.0791327504175547,0.2545072110915616,1.4943330799994643
2026-03-30,DELL,long,ai_infrastructure,early_watchlist,54.94,0.1136,57.92,False,0.0791327504175547,0.2545072110915616,1.4943330799994643
2025-03-17,ARM,short,ai_infrastructure,filtered_out,41.48,0.1648,38.79,False,0.0286726180175278,-0.1343825065411197,0.1566285054464646
2025-03-17,ARM,medium,ai_infrastructure,filtered_out,39.53,0.05,39.5,False,0.0286726180175278,-0.1343825065411197,0.1566285054464646
2025-03-17,ARM,long,ai_infrastructure,filtered_out,41.41,0.4552,45.12,False,0.0286726180175278,-0.1343825065411197,0.1566285054464646
2025-04-14,ARM,short,ai_infrastructure,early_watchlist,45.62,0.1771,46.5,False,-0.0429277994635459,0.205787200161738,0.3891110397181669
2025-04-14,ARM,medium,ai_infrastructure,filtered_out,41.21,0.05,39.5,False,-0.0429277994635459,0.205787200161738,0.3891110397181669
2025-04-14,ARM,long,ai_infrastructure,filtered_out,43.09,0.4638,45.12,False,-0.0429277994635459,0.205787200161738,0.3891110397181669
2025-05-13,ARM,short,ai_infrastructure,early_watchlist,55.28,0.1891,57.68,False,0.0344173742536602,0.1081465467684954,0.0933059651590582
2025-05-13,ARM,medium,ai_infrastructure,filtered_out,44.2,0.05,59.02,False,0.0344173742536602,0.1081465467684954,0.0933059651590582
2025-05-13,ARM,long,ai_infrastructure,filtered_out,40.03,0.4502,45.72,False,0.0344173742536602,0.1081465467684954,0.0933059651590582
2025-06-11,ARM,short,ai_infrastructure,early_watchlist,54.37,0.313,56.26,False,0.0403903545499841,0.0396067628237737,-0.0088332059412535
2025-06-11,ARM,medium,ai_infrastructure,early_watchlist,53.95,0.05,62.01,False,0.0403903545499841,0.0396067628237737,-0.0088332059412535
2025-06-11,ARM,long,ai_infrastructure,early_watchlist,46.46,0.4704,57.19,False,0.0403903545499841,0.0396067628237737,-0.0088332059412535
2025-07-11,ARM,short,ai_infrastructure,filtered_out,41.04,0.2967,41.7,False,0.0740030346107054,-0.050979870610824,0.0704398972682229
2025-07-11,ARM,medium,ai_infrastructure,early_watchlist,49.01,0.05,53.73,False,0.0740030346107054,-0.050979870610824,0.0704398972682229
2025-07-11,ARM,long,ai_infrastructure,filtered_out,42.22,0.451,57.62,False,0.0740030346107054,-0.050979870610824,0.0704398972682229
2025-08-08,ARM,short,ai_infrastructure,filtered_out,39.36,0.1755,35.17,False,0.0029603152498871,0.0046209342212883,0.2179060843016695
2025-08-08,ARM,medium,ai_infrastructure,filtered_out,39.48,0.05,44.9,False,0.0029603152498871,0.0046209342212883,0.2179060843016695
2025-08-08,ARM,long,ai_infrastructure,early_watchlist,51.47,0.4714,56.16,False,0.0029603152498871,0.0046209342212883,0.2179060843016695
2025-09-08,ARM,short,ai_infrastructure,filtered_out,43.57,0.2552,36.18,False,0.1057927359873069,0.1227540743566035,-0.0191174620797596
2025-09-08,ARM,medium,ai_infrastructure,filtered_out,41.25,0.05,39.85,False,0.1057927359873069,0.1227540743566035,-0.0191174620797596
2025-09-08,ARM,long,ai_infrastructure,early_watchlist,49.17,0.6957,49.61,False,0.1057927359873069,0.1227540743566035,-0.0191174620797596
2025-10-06,ARM,short,ai_infrastructure,early_watchlist,52.92,0.3084,58.32,False,0.1006273274732239,0.0797592584670063,-0.3002816751731827
2025-10-06,ARM,medium,ai_infrastructure,filtered_out,43.31,0.05,56.68,False,0.1006273274732239,0.0797592584670063,-0.3002816751731827
2025-10-06,ARM,long,ai_infrastructure,early_watchlist,60.02,0.7923,58.41,False,0.1006273274732239,0.0797592584670063,-0.3002816751731827
2025-11-03,ARM,short,ai_infrastructure,filtered_out,43.15,0.1963,41.86,False,-0.0820488317455194,-0.1908939906710429,-0.3753853142923514
2025-11-03,ARM,medium,ai_infrastructure,early_watchlist,52.67,0.05,59.48,False,-0.0820488317455194,-0.1908939906710429,-0.3753853142923514
2025-11-03,ARM,long,ai_infrastructure,early_watchlist,60.62,0.6835,61.38,False,-0.0820488317455194,-0.1908939906710429,-0.3753853142923514
2025-12-02,ARM,short,ai_infrastructure,filtered_out,43.42,0.2006,35.82,False,0.0399325697454024,-0.1990767806234838,-0.0887309009382791
2025-12-02,ARM,medium,ai_infrastructure,filtered_out,41.07,0.05,39.5,False,0.0399325697454024,-0.1990767806234838,-0.0887309009382791
2025-12-02,ARM,long,ai_infrastructure,filtered_out,44.05,0.0923,45.12,False,0.0399325697454024,-0.1990767806234838,-0.0887309009382791
2025-12-31,ARM,short,ai_infrastructure,filtered_out,43.0,0.2001,34.5,False,0.0344891076448894,-0.0361357335693366,0.2529504141691352
2025-12-31,ARM,medium,ai_infrastructure,filtered_out,41.07,0.05,39.5,False,0.0344891076448894,-0.0361357335693366,0.2529504141691352
2025-12-31,ARM,long,ai_infrastructure,early_watchlist,45.24,0.1963,45.12,False,0.0344891076448894,-0.0361357335693366,0.2529504141691352
2026-01-30,ARM,short,ai_infrastructure,filtered_out,43.0,0.2001,34.5,False,0.174069819966276,0.1804290245454187,0.8854403259842722
2026-01-30,ARM,medium,ai_infrastructure,filtered_out,41.07,0.05,39.5,False,0.174069819966276,0.1804290245454187,0.8854403259842722
2026-01-30,ARM,long,ai_infrastructure,filtered_out,44.05,0.0923,45.12,False,0.174069819966276,0.1804290245454187,0.8854403259842722
2026-03-02,ARM,short,ai_infrastructure,early_watchlist,48.85,0.1533,44.22,False,-0.054193176363416,0.1012302298725418,1.4339469708936488
2026-03-02,ARM,medium,ai_infrastructure,filtered_out,43.84,0.05,55.04,False,-0.054193176363416,0.1012302298725418,1.4339469708936488
2026-03-02,ARM,long,ai_infrastructure,filtered_out,41.85,0.0837,45.12,False,-0.054193176363416,0.1012302298725418,1.4339469708936488
2026-03-30,ARM,short,ai_infrastructure,early_watchlist,53.21,0.2479,48.74,False,0.0503796258633342,0.4504233656435057,1.538770257083176
2026-03-30,ARM,medium,ai_infrastructure,early_watchlist,53.47,0.05,61.88,False,0.0503796258633342,0.4504233656435057,1.538770257083176
2026-03-30,ARM,long,ai_infrastructure,early_watchlist,49.13,0.1055,57.72,False,0.0503796258633342,0.4504233656435057,1.538770257083176
2025-03-17,CRWD,short,cybersecurity,early_watchlist,46.27,0.2664,46.5,False,0.0214073085097814,0.0379081150093574,0.3074035264144819
2025-03-17,CRWD,medium,cybersecurity,filtered_out,43.77,0.2297,41.41,False,0.0214073085097814,0.0379081150093574,0.3074035264144819
2025-03-17,CRWD,long,cybersecurity,early_watchlist,45.57,0.4292,49.02,False,0.0214073085097814,0.0379081150093574,0.3074035264144819
2025-04-14,CRWD,short,cybersecurity,early_watchlist,51.08,0.272,53.85,False,-0.0269634800515895,0.1625204879040671,0.2635345892880931
2025-04-14,CRWD,medium,cybersecurity,filtered_out,42.43,0.2248,42.34,False,-0.0269634800515895,0.1625204879040671,0.2635345892880931
2025-04-14,CRWD,long,cybersecurity,early_watchlist,51.5,0.2454,50.31,False,-0.0269634800515895,0.1625204879040671,0.2635345892880931
2025-05-13,CRWD,short,cybersecurity,early_watchlist,48.38,0.4148,49.33,False,0.0046569462428924,0.0835529253961011,-0.0356883724148276
2025-05-13,CRWD,medium,cybersecurity,early_watchlist,49.13,0.2974,57.67,False,0.0046569462428924,0.0835529253961011,-0.0356883724148276
2025-05-13,CRWD,long,cybersecurity,early_watchlist,47.49,0.375,53.6,False,0.0046569462428924,0.0835529253961011,-0.0356883724148276
2025-06-11,CRWD,short,cybersecurity,early_watchlist,54.0,0.4141,49.15,False,0.0171495502691321,0.003081892714253,-0.1025619780723611
2025-06-11,CRWD,medium,cybersecurity,early_watchlist,56.63,0.4915,60.17,False,0.0171495502691321,0.003081892714253,-0.1025619780723611
2025-06-11,CRWD,long,cybersecurity,early_watchlist,58.29,0.5601,61.38,False,0.0171495502691321,0.003081892714253,-0.1025619780723611
2025-07-11,CRWD,short,cybersecurity,early_watchlist,45.42,0.4596,39.71,False,-0.005204348810583,-0.1127808978909735,0.0365764438363678
2025-07-11,CRWD,medium,cybersecurity,early_watchlist,53.92,0.48,47.49,False,-0.005204348810583,-0.1127808978909735,0.0365764438363678
2025-07-11,CRWD,long,cybersecurity,early_watchlist,59.51,0.5638,60.94,False,-0.005204348810583,-0.1127808978909735,0.0365764438363678
2025-08-08,CRWD,short,cybersecurity,early_watchlist,47.3,0.441,35.73,False,0.0080331780267106,0.0084101095581727,0.3001955184041511
2025-08-08,CRWD,medium,cybersecurity,early_watchlist,47.26,0.2976,42.64,False,0.0080331780267106,0.0084101095581727,0.3001955184041511
2025-08-08,CRWD,long,cybersecurity,early_watchlist,48.36,0.2768,48.83,False,0.0080331780267106,0.0084101095581727,0.3001955184041511
2025-09-08,CRWD,short,cybersecurity,early_watchlist,47.72,0.4415,37.03,False,0.0390365639171663,0.1585992969108134,0.2067233349041504
2025-09-08,CRWD,medium,cybersecurity,early_watchlist,46.45,0.2962,40.13,False,0.0390365639171663,0.1585992969108134,0.2067233349041504
2025-09-08,CRWD,long,cybersecurity,early_watchlist,47.75,0.2289,47.22,False,0.0390365639171663,0.1585992969108134,0.2067233349041504
2025-10-06,CRWD,short,cybersecurity,early_watchlist,53.52,0.4131,49.49,False,0.0255267120333215,0.1128540565087448,-0.0548240785808388
2025-10-06,CRWD,medium,cybersecurity,early_watchlist,48.69,0.2929,57.5,False,0.0255267120333215,0.1128540565087448,-0.0548240785808388
2025-10-06,CRWD,long,cybersecurity,early_watchlist,54.96,0.2344,53.63,False,0.0255267120333215,0.1128540565087448,-0.0548240785808388
2025-11-03,CRWD,short,cybersecurity,early_watchlist,60.67,0.5182,54.09,False,0.0101646009574398,-0.0640853678293891,-0.2002373306872084
2025-11-03,CRWD,medium,cybersecurity,early_watchlist,62.51,0.5074,62.36,False,0.0101646009574398,-0.0640853678293891,-0.2002373306872084
2025-11-03,CRWD,long,cybersecurity,early_watchlist,61.06,0.3672,59.41,False,0.0101646009574398,-0.0640853678293891,-0.2002373306872084
2025-12-02,CRWD,short,cybersecurity,early_watchlist,46.08,0.4034,41.22,False,0.0027683529369366,-0.092517624928292,-0.254941449140421
2025-12-02,CRWD,medium,cybersecurity,early_watchlist,45.99,0.2081,49.25,False,0.0027683529369366,-0.092517624928292,-0.254941449140421
2025-12-02,CRWD,long,cybersecurity,early_watchlist,57.1,0.224,59.83,False,0.0027683529369366,-0.092517624928292,-0.254941449140421
2025-12-31,CRWD,short,cybersecurity,early_watchlist,47.25,0.4118,34.5,False,-0.0104318084874229,-0.058356110624721,-0.189222652016285
2025-12-31,CRWD,medium,cybersecurity,early_watchlist,46.24,0.2157,39.66,False,-0.0104318084874229,-0.058356110624721,-0.189222652016285
2025-12-31,CRWD,long,cybersecurity,early_watchlist,47.3,0.1761,46.16,False,-0.0104318084874229,-0.058356110624721,-0.189222652016285
2026-01-30,CRWD,short,cybersecurity,early_watchlist,47.25,0.4118,34.5,False,-0.1039974601697917,-0.1281023404449639,0.0307767050501179
2026-01-30,CRWD,medium,cybersecurity,early_watchlist,46.19,0.2156,39.5,False,-0.1039974601697917,-0.1281023404449639,0.0307767050501179
2026-01-30,CRWD,long,cybersecurity,early_watchlist,47.28,0.112,46.34,False,-0.1039974601697917,-0.1281023404449639,0.0307767050501179
2026-03-02,CRWD,short,cybersecurity,early_watchlist,50.3,0.3937,44.35,False,0.1280206345334726,-0.0124720365215003,0.6768695367538355
2026-03-02,CRWD,medium,cybersecurity,early_watchlist,46.05,0.2042,39.5,False,0.1280206345334726,-0.0124720365215003,0.6768695367538355
2026-03-02,CRWD,long,cybersecurity,early_watchlist,46.82,0.1108,45.12,False,0.1280206345334726,-0.0124720365215003,0.6768695367538355
2026-03-30,CRWD,short,cybersecurity,early_watchlist,48.4,0.3919,38.41,False,0.1135873643768017,0.1971530630877018,0.7856391853221416
2026-03-30,CRWD,medium,cybersecurity,early_watchlist,46.08,0.2042,39.59,False,0.1135873643768017,0.1971530630877018,0.7856391853221416
2026-03-30,CRWD,long,cybersecurity,early_watchlist,46.82,0.1108,45.12,False,0.1135873643768017,0.1971530630877018,0.7856391853221416
2025-03-17,ZS,short,cybersecurity,filtered_out,41.05,0.05,40.7,False,0.0356279370252099,-0.0158400767419604,0.4796940260690752
2025-03-17,ZS,medium,cybersecurity,filtered_out,40.54,0.05,42.48,False,0.0356279370252099,-0.0158400767419604,0.4796940260690752
2025-03-17,ZS,long,cybersecurity,filtered_out,42.51,0.4583,48.36,False,0.0356279370252099,-0.0158400767419604,0.4796940260690752
2025-04-14,ZS,short,cybersecurity,filtered_out,39.12,0.05,45.27,False,-0.014640985425194,0.2284396159290005,0.452767682950155
2025-04-14,ZS,medium,cybersecurity,filtered_out,38.49,0.1806,41.31,False,-0.014640985425194,0.2284396159290005,0.452767682950155
2025-04-14,ZS,long,cybersecurity,early_watchlist,48.46,0.1522,49.28,False,-0.014640985425194,0.2284396159290005,0.452767682950155
2025-05-13,ZS,short,cybersecurity,early_watchlist,64.58,0.2073,59.94,False,0.0283673344826211,0.223918307557398,0.1007959482621172
2025-05-13,ZS,medium,cybersecurity,early_watchlist,67.47,0.4747,62.05,False,0.0283673344826211,0.223918307557398,0.1007959482621172
2025-05-13,ZS,long,cybersecurity,early_watchlist,66.45,0.3988,58.95,False,0.0283673344826211,0.223918307557398,0.1007959482621172
2025-06-11,ZS,short,cybersecurity,early_watchlist,58.25,0.5456,54.71,False,0.018508699331923,-0.0337490682703882,-0.060895018142012
2025-06-11,ZS,medium,cybersecurity,early_watchlist,64.55,0.7796,62.9,False,0.018508699331923,-0.0337490682703882,-0.060895018142012
2025-06-11,ZS,long,cybersecurity,early_watchlist,64.78,0.7416,61.38,False,0.018508699331923,-0.0337490682703882,-0.060895018142012
2025-07-11,ZS,short,cybersecurity,early_watchlist,48.57,0.6377,38.77,False,-0.0035203597986138,-0.069182658886478,0.0534962398095679
2025-07-11,ZS,medium,cybersecurity,early_watchlist,52.78,0.6534,48.55,False,-0.0035203597986138,-0.069182658886478,0.0534962398095679
2025-07-11,ZS,long,cybersecurity,early_watchlist,62.91,0.5752,61.38,False,-0.0035203597986138,-0.069182658886478,0.0534962398095679
2025-08-08,ZS,short,cybersecurity,filtered_out,43.77,0.6195,34.5,False,0.0195591084492823,0.0441424514951627,0.2468528518565373
2025-08-08,ZS,medium,cybersecurity,early_watchlist,47.94,0.6223,44.94,False,0.0195591084492823,0.0441424514951627,0.2468528518565373
2025-08-08,ZS,long,cybersecurity,early_watchlist,59.04,0.4361,57.25,False,0.0195591084492823,0.0441424514951627,0.2468528518565373
2025-09-08,ZS,short,cybersecurity,early_watchlist,48.71,0.6347,39.56,False,0.014417604654104,0.0839488054633399,-0.1417614082474837
2025-09-08,ZS,medium,cybersecurity,early_watchlist,50.67,0.6343,43.12,False,0.014417604654104,0.0839488054633399,-0.1417614082474837
2025-09-08,ZS,long,cybersecurity,early_watchlist,51.8,0.4309,51.3,False,0.014417604654104,0.0839488054633399,-0.1417614082474837
2025-10-06,ZS,short,cybersecurity,early_watchlist,53.07,0.4575,49.09,False,0.0255537234965763,0.1016577112175598,-0.263137185936079
2025-10-06,ZS,medium,cybersecurity,early_watchlist,50.5,0.6268,52.96,False,0.0255537234965763,0.1016577112175598,-0.263137185936079
2025-10-06,ZS,long,cybersecurity,early_watchlist,58.53,0.4353,55.88,False,0.0255537234965763,0.1016577112175598,-0.263137185936079
2025-11-03,ZS,short,cybersecurity,early_watchlist,59.11,0.4866,52.06,False,-0.0219168982007723,-0.2812918173737021,-0.4052100959306718
2025-11-03,ZS,medium,cybersecurity,early_watchlist,64.23,0.6613,61.52,False,-0.0219168982007723,-0.2812918173737021,-0.4052100959306718
2025-11-03,ZS,long,cybersecurity,early_watchlist,62.99,0.4533,59.86,False,-0.0219168982007723,-0.2812918173737021,-0.4052100959306718
2025-12-02,ZS,short,cybersecurity,early_watchlist,46.13,0.4258,34.74,False,0.0055031523972235,-0.0693478774195421,-0.3852200995786281
2025-12-02,ZS,medium,cybersecurity,early_watchlist,49.99,0.5593,43.2,False,0.0055031523972235,-0.0693478774195421,-0.3852200995786281
2025-12-02,ZS,long,cybersecurity,early_watchlist,49.28,0.3075,46.98,False,0.0055031523972235,-0.0693478774195421,-0.3852200995786281
2025-12-31,ZS,short,cybersecurity,early_watchlist,46.77,0.5037,34.5,False,-0.0204516756276662,-0.1107505062462191,-0.3897385931697583
2025-12-31,ZS,medium,cybersecurity,early_watchlist,49.02,0.5616,39.5,False,-0.0204516756276662,-0.1107505062462191,-0.3897385931697583
2025-12-31,ZS,long,cybersecurity,early_watchlist,48.83,0.3089,45.12,False,-0.0204516756276662,-0.1107505062462191,-0.3897385931697583
2026-01-30,ZS,short,cybersecurity,early_watchlist,46.16,0.4282,34.5,False,-0.1633917982766821,-0.2571371135857087,-0.3196839604954433
2026-01-30,ZS,medium,cybersecurity,early_watchlist,48.91,0.5594,39.5,False,-0.1633917982766821,-0.2571371135857087,-0.3196839604954433
2026-01-30,ZS,long,cybersecurity,early_watchlist,48.73,0.3068,45.12,False,-0.1633917982766821,-0.2571371135857087,-0.3196839604954433
2026-03-02,ZS,short,cybersecurity,early_watchlist,47.13,0.4249,38.2,False,0.0944945020400336,-0.0761879605916976,-0.1492125312675259
2026-03-02,ZS,medium,cybersecurity,early_watchlist,48.92,0.5555,40.17,False,0.0944945020400336,-0.0761879605916976,-0.1492125312675259
2026-03-02,ZS,long,cybersecurity,early_watchlist,48.92,0.3049,46.17,False,0.0944945020400336,-0.0761879605916976,-0.1492125312675259
2026-03-30,ZS,short,cybersecurity,early_watchlist,46.13,0.4258,34.74,False,0.0351887077397059,-0.0086695849500265,-0.0980620136510918
2026-03-30,ZS,medium,cybersecurity,early_watchlist,48.94,0.5575,39.89,False,0.0351887077397059,-0.0086695849500265,-0.0980620136510918
2026-03-30,ZS,long,cybersecurity,early_watchlist,48.69,0.3065,45.12,False,0.0351887077397059,-0.0086695849500265,-0.0980620136510918
2025-03-17,FTNT,short,cybersecurity,filtered_out,43.21,0.4594,35.16,False,0.0322747781698449,0.0018620079506073,0.0553429044735385
2025-03-17,FTNT,medium,cybersecurity,early_watchlist,45.79,0.4654,42.93,False,0.0322747781698449,0.0018620079506073,0.0553429044735385
2025-03-17,FTNT,long,cybersecurity,filtered_out,43.36,0.0654,48.88,False,0.0322747781698449,0.0018620079506073,0.0553429044735385
2025-04-14,FTNT,short,cybersecurity,early_watchlist,46.39,0.4619,45.41,False,-0.0256065644461701,0.0846670594406648,0.0228187828527759
2025-04-14,FTNT,medium,cybersecurity,filtered_out,44.64,0.4612,39.64,False,-0.0256065644461701,0.0846670594406648,0.0228187828527759
2025-04-14,FTNT,long,cybersecurity,filtered_out,43.31,0.05,48.42,False,-0.0256065644461701,0.0846670594406648,0.0228187828527759
2025-05-13,FTNT,short,cybersecurity,early_watchlist,48.23,0.4298,46.28,False,-0.0024750321625632,-0.0288434680691873,-0.291861044944504
2025-05-13,FTNT,medium,cybersecurity,early_watchlist,50.4,0.4785,52.07,False,-0.0024750321625632,-0.0288434680691873,-0.291861044944504
2025-05-13,FTNT,long,cybersecurity,early_watchlist,47.61,0.2873,49.11,False,-0.0024750321625632,-0.0288434680691873,-0.291861044944504
2025-06-11,FTNT,short,cybersecurity,filtered_out,42.42,0.5902,34.89,False,-0.0117623700032118,-0.0290139108201374,-0.2123112796062508
2025-06-11,FTNT,medium,cybersecurity,filtered_out,44.17,0.4621,42.67,False,-0.0117623700032118,-0.0290139108201374,-0.2123112796062508
2025-06-11,FTNT,long,cybersecurity,early_watchlist,53.13,0.2936,49.44,False,-0.0117623700032118,-0.0290139108201374,-0.2123112796062508
2025-07-11,FTNT,short,cybersecurity,early_watchlist,45.55,0.5666,35.58,False,0.0642035207661866,-0.2490409729149556,-0.1280032366008852
2025-07-11,FTNT,medium,cybersecurity,early_watchlist,46.72,0.3974,42.57,False,0.0642035207661866,-0.2490409729149556,-0.1280032366008852
2025-07-11,FTNT,long,cybersecurity,early_watchlist,46.2,0.2512,46.41,False,0.0642035207661866,-0.2490409729149556,-0.1280032366008852
2025-08-08,FTNT,short,cybersecurity,early_watchlist,46.5,0.5031,37.68,False,0.0634494052887426,0.0802527392080321,0.1765021825668282
2025-08-08,FTNT,medium,cybersecurity,early_watchlist,46.96,0.2966,43.1,False,0.0634494052887426,0.0802527392080321,0.1765021825668282
2025-08-08,FTNT,long,cybersecurity,early_watchlist,46.53,0.05,47.62,False,0.0634494052887426,0.0802527392080321,0.1765021825668282
2025-09-08,FTNT,short,cybersecurity,early_watchlist,47.46,0.5089,39.95,False,0.0079641536185601,0.074912849643395,0.0321055476786835
2025-09-08,FTNT,medium,cybersecurity,early_watchlist,47.9,0.3009,45.52,False,0.0079641536185601,0.074912849643395,0.0321055476786835
2025-09-08,FTNT,long,cybersecurity,early_watchlist,45.8,0.05,45.12,False,0.0079641536185601,0.074912849643395,0.0321055476786835
2025-10-06,FTNT,short,cybersecurity,early_watchlist,52.86,0.2945,47.6,False,-0.025237327789907,0.0131974927749065,-0.0806899029049552
2025-10-06,FTNT,medium,cybersecurity,early_watchlist,46.37,0.2949,48.22,False,-0.025237327789907,0.0131974927749065,-0.0806899029049552
2025-10-06,FTNT,long,cybersecurity,filtered_out,43.38,0.05,45.12,False,-0.025237327789907,0.0131974927749065,-0.0806899029049552
2025-11-03,FTNT,short,cybersecurity,early_watchlist,53.53,0.2657,43.22,False,-0.0598720071384355,-0.0523308315508601,-0.0715264482055013
2025-11-03,FTNT,medium,cybersecurity,filtered_out,44.63,0.288,47.14,False,-0.0598720071384355,-0.0523308315508601,-0.0715264482055013
2025-11-03,FTNT,long,cybersecurity,filtered_out,44.29,0.05,52.35,False,-0.0598720071384355,-0.0523308315508601,-0.0715264482055013
2025-12-02,FTNT,short,cybersecurity,early_watchlist,47.74,0.373,40.54,False,0.0067518391862764,-0.0425608714177537,-0.0453340007903515
2025-12-02,FTNT,medium,cybersecurity,early_watchlist,46.26,0.2673,40.52,False,0.0067518391862764,-0.0425608714177537,-0.0453340007903515
2025-12-02,FTNT,long,cybersecurity,early_watchlist,46.33,0.05,46.8,False,0.0067518391862764,-0.0425608714177537,-0.0453340007903515
2025-12-31,FTNT,short,cybersecurity,early_watchlist,45.84,0.3704,34.61,False,-0.0171263134067891,0.0232967937137096,-0.0045334415533258
2025-12-31,FTNT,medium,cybersecurity,early_watchlist,45.93,0.2668,39.5,False,-0.0171263134067891,0.0232967937137096,-0.0045334415533258
2025-12-31,FTNT,long,cybersecurity,early_watchlist,45.86,0.05,45.12,False,-0.0171263134067891,0.0232967937137096,-0.0045334415533258
2026-01-30,FTNT,short,cybersecurity,early_watchlist,47.14,0.3705,38.91,False,0.0184592660665363,-0.025596871478881,0.0548855398378598
2026-01-30,FTNT,medium,cybersecurity,early_watchlist,46.93,0.2671,42.82,False,0.0184592660665363,-0.025596871478881,0.0548855398378598
2026-01-30,FTNT,long,cybersecurity,early_watchlist,45.98,0.05,45.69,False,0.0184592660665363,-0.025596871478881,0.0548855398378598
2026-03-02,FTNT,short,cybersecurity,early_watchlist,48.06,0.3476,39.24,False,0.0584743272994825,-0.001641794050479,0.6156857768642032
2026-03-02,FTNT,medium,cybersecurity,early_watchlist,46.63,0.2745,39.5,False,0.0584743272994825,-0.001641794050479,0.6156857768642032
2026-03-02,FTNT,long,cybersecurity,early_watchlist,46.85,0.05,45.12,False,0.0584743272994825,-0.001641794050479,0.6156857768642032
2026-03-30,FTNT,short,cybersecurity,early_watchlist,47.29,0.3482,36.59,False,0.0590765083954221,0.0843769501764364,0.8966475254607507
2026-03-30,FTNT,medium,cybersecurity,early_watchlist,47.7,0.437,41.58,False,0.0590765083954221,0.0843769501764364,0.8966475254607507
2026-03-30,FTNT,long,cybersecurity,early_watchlist,47.0,0.05,45.39,False,0.0590765083954221,0.0843769501764364,0.8966475254607507
2025-03-17,OKTA,short,cybersecurity,early_watchlist,60.34,0.6658,63.64,False,0.0063991513980912,-0.1276375148230216,-0.1314423817750627
2025-03-17,OKTA,medium,cybersecurity,early_watchlist,57.57,0.3848,62.9,False,0.0063991513980912,-0.1276375148230216,-0.1314423817750627
2025-03-17,OKTA,long,cybersecurity,early_watchlist,59.71,0.5941,61.53,False,0.0063991513980912,-0.1276375148230216,-0.1314423817750627
2025-04-14,OKTA,short,cybersecurity,early_watchlist,45.44,0.6306,45.06,False,-0.0649285844636693,0.2296788900591966,-0.092386993939063
2025-04-14,OKTA,medium,cybersecurity,filtered_out,39.51,0.05,44.9,False,-0.0649285844636693,0.2296788900591966,-0.092386993939063
2025-04-14,OKTA,long,cybersecurity,early_watchlist,54.98,0.3619,60.62,False,-0.0649285844636693,0.2296788900591966,-0.092386993939063
2025-05-13,OKTA,short,cybersecurity,early_watchlist,58.63,0.6628,59.66,False,0.0120112682556554,-0.190326481495536,-0.2619911261625678
2025-05-13,OKTA,medium,cybersecurity,early_watchlist,54.84,0.05,62.9,False,0.0120112682556554,-0.190326481495536,-0.2619911261625678
2025-05-13,OKTA,long,cybersecurity,early_watchlist,61.76,0.6387,61.38,False,0.0120112682556554,-0.190326481495536,-0.2619911261625678
2025-06-11,OKTA,short,cybersecurity,filtered_out,43.49,0.5625,34.5,False,-0.0143369415213455,-0.0884110381020035,-0.0772600751454324
2025-06-11,OKTA,medium,cybersecurity,filtered_out,40.2,0.05,40.17,False,-0.0143369415213455,-0.0884110381020035,-0.0772600751454324
2025-06-11,OKTA,long,cybersecurity,early_watchlist,46.23,0.3618,48.88,False,-0.0143369415213455,-0.0884110381020035,-0.0772600751454324
2025-07-11,OKTA,short,cybersecurity,filtered_out,43.72,0.5656,34.86,False,0.0422673967865216,-0.0001091580067981,0.023481887103623
2025-07-11,OKTA,medium,cybersecurity,filtered_out,40.09,0.05,39.63,False,0.0422673967865216,-0.0001091580067981,0.023481887103623
2025-07-11,OKTA,long,cybersecurity,filtered_out,44.94,0.2566,45.73,False,0.0422673967865216,-0.0001091580067981,0.023481887103623
2025-08-08,OKTA,short,cybersecurity,filtered_out,44.49,0.5642,34.5,False,0.0051337364898051,0.0123429515647217,-0.0051338198256247
2025-08-08,OKTA,medium,cybersecurity,filtered_out,40.98,0.05,39.5,False,0.0051337364898051,0.0123429515647217,-0.0051338198256247
2025-08-08,OKTA,long,cybersecurity,early_watchlist,45.73,0.1926,45.12,False,0.0051337364898051,0.0123429515647217,-0.0051338198256247
2025-09-08,OKTA,short,cybersecurity,early_watchlist,45.32,0.5683,36.76,False,-0.0190979352313139,0.0111134956398932,-0.1166378671018417
2025-09-08,OKTA,medium,cybersecurity,filtered_out,41.35,0.05,40.43,False,-0.0190979352313139,0.0111134956398932,-0.1166378671018417
2025-09-08,OKTA,long,cybersecurity,early_watchlist,45.73,0.1926,45.12,False,-0.0190979352313139,0.0111134956398932,-0.1166378671018417
2025-10-06,OKTA,short,cybersecurity,early_watchlist,47.09,0.6639,38.8,False,-0.0380962515174728,-0.0280652788295006,-0.0772596087344233
2025-10-06,OKTA,medium,cybersecurity,filtered_out,41.98,0.05,42.4,False,-0.0380962515174728,-0.0280652788295006,-0.0772596087344233
2025-10-06,OKTA,long,cybersecurity,early_watchlist,46.13,0.1934,46.35,False,-0.0380962515174728,-0.0280652788295006,-0.0772596087344233
2025-11-03,OKTA,short,cybersecurity,filtered_out,44.89,0.5008,38.27,False,-0.0586846850378596,-0.1011198825133576,-0.0724637499059728
2025-11-03,OKTA,medium,cybersecurity,filtered_out,40.88,0.05,39.72,False,-0.0586846850378596,-0.1011198825133576,-0.0724637499059728
2025-11-03,OKTA,long,cybersecurity,early_watchlist,45.49,0.1895,45.12,False,-0.0586846850378596,-0.1011198825133576,-0.0724637499059728
2025-12-02,OKTA,short,cybersecurity,early_watchlist,46.33,0.5034,42.74,False,0.0723097345833723,0.0561866168291185,-0.0964944578093192
2025-12-02,OKTA,medium,cybersecurity,filtered_out,41.96,0.05,43.1,False,0.0723097345833723,0.0561866168291185,-0.0964944578093192
2025-12-02,OKTA,long,cybersecurity,early_watchlist,46.29,0.1911,47.62,False,0.0723097345833723,0.0561866168291185,-0.0964944578093192
2025-12-31,OKTA,short,cybersecurity,early_watchlist,46.14,0.5081,41.7,False,0.0862726839269032,-0.0230137369686201,-0.1272117479439368
2025-12-31,OKTA,medium,cybersecurity,filtered_out,42.3,0.05,43.92,False,0.0862726839269032,-0.0230137369686201,-0.1272117479439368
2025-12-31,OKTA,long,cybersecurity,early_watchlist,45.49,0.1895,45.12,False,0.0862726839269032,-0.0230137369686201,-0.1272117479439368
2026-01-30,OKTA,short,cybersecurity,filtered_out,43.46,0.4072,35.61,False,0.0267518278531229,-0.1244081642826766,-0.098011435602196
2026-01-30,OKTA,medium,cybersecurity,filtered_out,41.32,0.05,41.31,False,0.0267518278531229,-0.1244081642826766,-0.098011435602196
2026-01-30,OKTA,long,cybersecurity,early_watchlist,45.5,0.1882,45.39,False,0.0267518278531229,-0.1244081642826766,-0.098011435602196
2026-03-02,OKTA,short,cybersecurity,early_watchlist,45.42,0.4132,40.92,False,0.0775989964721399,0.0202784909455993,0.2099499597540937
2026-03-02,OKTA,medium,cybersecurity,filtered_out,41.06,0.05,39.58,False,0.0775989964721399,0.0202784909455993,0.2099499597540937
2026-03-02,OKTA,long,cybersecurity,early_watchlist,45.77,0.1913,45.48,False,0.0775989964721399,0.0202784909455993,0.2099499597540937
2026-03-30,OKTA,short,cybersecurity,filtered_out,44.52,0.4117,38.12,False,0.0512785882415736,0.0096726608683135,0.5802305579334581
2026-03-30,OKTA,medium,cybersecurity,filtered_out,41.79,0.05,41.85,False,0.0512785882415736,0.0096726608683135,0.5802305579334581
2026-03-30,OKTA,long,cybersecurity,early_watchlist,45.84,0.1915,45.7,False,0.0512785882415736,0.0096726608683135,0.5802305579334581
2025-03-17,S,short,cybersecurity,filtered_out,40.93,0.1601,38.57,False,0.0634585284305899,-0.0861977352680768,-0.0502380100795962
2025-03-17,S,medium,cybersecurity,filtered_out,39.3,0.05,39.5,False,0.0634585284305899,-0.0861977352680768,-0.0502380100795962
2025-03-17,S,long,cybersecurity,filtered_out,41.31,0.4535,45.33,False,0.0634585284305899,-0.0861977352680768,-0.0502380100795962
2025-04-14,S,short,cybersecurity,filtered_out,40.27,0.157,36.75,False,-0.0532407430403025,0.1770832953905632,0.0005787169261841
2025-04-14,S,medium,cybersecurity,filtered_out,39.24,0.05,39.5,False,-0.0532407430403025,0.1770832953905632,0.0005787169261841
2025-04-14,S,long,cybersecurity,filtered_out,41.18,0.4526,45.12,False,-0.0532407430403025,0.1770832953905632,0.0005787169261841
2025-05-13,S,short,cybersecurity,early_watchlist,54.66,0.1932,61.18,False,-0.0122910520218552,-0.1170108677611009,-0.2118977106002634
2025-05-13,S,medium,cybersecurity,early_watchlist,46.11,0.05,57.06,False,-0.0122910520218552,-0.1170108677611009,-0.2118977106002634
2025-05-13,S,long,cybersecurity,filtered_out,42.42,0.4597,45.12,False,-0.0122910520218552,-0.1170108677611009,-0.2118977106002634
2025-06-11,S,short,cybersecurity,filtered_out,39.28,0.0841,34.5,False,-0.0194876665903444,-0.0373050224442694,0.0261693343352931
2025-06-11,S,medium,cybersecurity,filtered_out,39.3,0.05,39.5,False,-0.0194876665903444,-0.0373050224442694,0.0261693343352931
2025-06-11,S,long,cybersecurity,filtered_out,41.3,0.454,45.12,False,-0.0194876665903444,-0.0373050224442694,0.0261693343352931
2025-07-11,S,short,cybersecurity,filtered_out,39.65,0.0855,35.43,False,0.0416425260398856,-0.0728745033061443,0.0358588142888975
2025-07-11,S,medium,cybersecurity,filtered_out,39.62,0.05,40.26,False,0.0416425260398856,-0.0728745033061443,0.0358588142888975
2025-07-11,S,long,cybersecurity,filtered_out,41.32,0.454,45.16,False,0.0416425260398856,-0.0728745033061443,0.0358588142888975
2025-08-08,S,short,cybersecurity,filtered_out,40.32,0.0606,34.5,False,0.0480348420107379,0.1497192461463645,0.1029319742889891
2025-08-08,S,medium,cybersecurity,filtered_out,40.3,0.05,39.5,False,0.0480348420107379,0.1497192461463645,0.1029319742889891
2025-08-08,S,long,cybersecurity,filtered_out,42.24,0.4556,45.12,False,0.0480348420107379,0.1497192461463645,0.1029319742889891
2025-09-08,S,short,cybersecurity,filtered_out,43.06,0.0665,42.85,False,-0.00705377460459,-0.028214891435332,-0.0987520165321483
2025-09-08,S,medium,cybersecurity,filtered_out,44.23,0.05,51.54,False,-0.00705377460459,-0.028214891435332,-0.0987520165321483
2025-09-08,S,long,cybersecurity,filtered_out,43.07,0.458,47.53,False,-0.00705377460459,-0.028214891435332,-0.0987520165321483
2025-10-06,S,short,cybersecurity,filtered_out,41.07,0.0626,36.63,False,-0.042434407334272,-0.0128419622666586,-0.1624790548411192
2025-10-06,S,medium,cybersecurity,filtered_out,41.44,0.22,41.12,False,-0.042434407334272,-0.0128419622666586,-0.1624790548411192
2025-10-06,S,long,cybersecurity,filtered_out,42.89,0.2415,46.99,False,-0.042434407334272,-0.0128419622666586,-0.1624790548411192
2025-11-03,S,short,cybersecurity,filtered_out,42.3,0.065,40.48,False,-0.0277149187025024,-0.0605203436852305,-0.2092760576399021
2025-11-03,S,medium,cybersecurity,filtered_out,41.46,0.05,41.81,False,-0.0277149187025024,-0.0605203436852305,-0.2092760576399021
2025-11-03,S,long,cybersecurity,filtered_out,44.1,0.05,51.83,False,-0.0277149187025024,-0.0605203436852305,-0.2092760576399021
2025-12-02,S,short,cybersecurity,filtered_out,43.23,0.0668,43.38,False,-0.1065623355041049,-0.0969295936899719,-0.209512364120075
2025-12-02,S,medium,cybersecurity,filtered_out,41.15,0.05,40.82,False,-0.1065623355041049,-0.0969295936899719,-0.209512364120075
2025-12-02,S,long,cybersecurity,filtered_out,42.3,0.05,46.21,False,-0.1065623355041049,-0.0969295936899719,-0.209512364120075
2025-12-31,S,short,cybersecurity,filtered_out,41.0,0.0631,36.19,False,0.021999994913737,-0.068000030517578,-0.1593333562215169
2025-12-31,S,medium,cybersecurity,filtered_out,40.79,0.05,39.5,False,0.021999994913737,-0.068000030517578,-0.1593333562215169
2025-12-31,S,long,cybersecurity,filtered_out,41.96,0.05,45.12,False,0.021999994913737,-0.068000030517578,-0.1593333562215169
2026-01-30,S,short,cybersecurity,filtered_out,40.39,0.0613,34.5,False,-0.0543633261869153,-0.0608011055527859,0.0479256150380937
2026-01-30,S,medium,cybersecurity,filtered_out,40.72,0.05,39.5,False,-0.0543633261869153,-0.0608011055527859,0.0479256150380937
2026-01-30,S,long,cybersecurity,filtered_out,41.96,0.05,45.12,False,-0.0543633261869153,-0.0608011055527859,0.0479256150380937
2026-03-02,S,short,cybersecurity,filtered_out,42.58,0.065,41.55,False,0.092917003533534,-0.0396039949148022,0.3670982944773395
2026-03-02,S,medium,cybersecurity,filtered_out,40.67,0.05,39.54,False,0.092917003533534,-0.0396039949148022,0.3670982944773395
2026-03-02,S,long,cybersecurity,filtered_out,41.91,0.05,45.16,False,0.092917003533534,-0.0396039949148022,0.3670982944773395
2026-03-30,S,short,cybersecurity,filtered_out,41.22,0.05,37.64,False,0.0610626866556607,0.1617763693413589,0.1863600670461045
2026-03-30,S,medium,cybersecurity,filtered_out,40.66,0.05,39.5,False,0.0610626866556607,0.1617763693413589,0.1863600670461045
2026-03-30,S,long,cybersecurity,filtered_out,41.9,0.05,45.15,False,0.0610626866556607,0.1617763693413589,0.1863600670461045
2025-03-17,QLYS,short,cybersecurity,filtered_out,40.71,0.05,39.08,False,-0.0020691567253791,-0.0555598691408923,0.0729556947882157
2025-03-17,QLYS,medium,cybersecurity,filtered_out,39.16,0.05,39.71,False,-0.0020691567253791,-0.0555598691408923,0.0729556947882157
2025-03-17,QLYS,long,cybersecurity,filtered_out,40.93,0.05,45.77,False,-0.0020691567253791,-0.0555598691408923,0.0729556947882157
2025-04-14,QLYS,short,cybersecurity,filtered_out,40.93,0.05,39.98,False,-0.0303472730330923,0.1096235180981139,0.1003732794628569
2025-04-14,QLYS,medium,cybersecurity,filtered_out,39.23,0.05,40.14,False,-0.0303472730330923,0.1096235180981139,0.1003732794628569
2025-04-14,QLYS,long,cybersecurity,filtered_out,40.87,0.05,45.78,False,-0.0303472730330923,0.1096235180981139,0.1003732794628569
2025-05-13,QLYS,short,cybersecurity,early_watchlist,54.58,0.2449,56.27,False,0.0097257903550616,0.023839082316899,-0.0606215231161448
2025-05-13,QLYS,medium,cybersecurity,early_watchlist,45.76,0.05,55.06,False,0.0097257903550616,0.023839082316899,-0.0606215231161448
2025-05-13,QLYS,long,cybersecurity,filtered_out,42.99,0.05,46.95,False,0.0097257903550616,0.023839082316899,-0.0606215231161448
2025-06-11,QLYS,short,cybersecurity,early_watchlist,47.49,0.3027,42.54,False,-0.0200699783504137,-0.0314262843305057,-0.0346403187987395
2025-06-11,QLYS,medium,cybersecurity,early_watchlist,47.55,0.05,51.32,False,-0.0200699783504137,-0.0314262843305057,-0.0346403187987395
2025-06-11,QLYS,long,cybersecurity,filtered_out,39.78,0.05,52.34,False,-0.0200699783504137,-0.0314262843305057,-0.0346403187987395
2025-07-11,QLYS,short,cybersecurity,filtered_out,39.21,0.281,36.43,False,0.0272841009629769,-0.0527246800700816,-0.0443182249080911
2025-07-11,QLYS,medium,cybersecurity,filtered_out,37.91,0.05,44.9,False,0.0272841009629769,-0.0527246800700816,-0.0443182249080911
2025-07-11,QLYS,long,cybersecurity,early_watchlist,48.18,0.05,51.7,False,0.0272841009629769,-0.0527246800700816,-0.0443182249080911
2025-08-08,QLYS,short,cybersecurity,filtered_out,42.91,0.2945,34.5,False,0.0053712217542856,0.0521562867668674,-0.0260003409055139
2025-08-08,QLYS,medium,cybersecurity,filtered_out,41.0,0.05,40.32,False,0.0053712217542856,0.0521562867668674,-0.0260003409055139
2025-08-08,QLYS,long,cybersecurity,filtered_out,42.05,0.05,45.62,False,0.0053712217542856,0.0521562867668674,-0.0260003409055139
2025-09-08,QLYS,short,cybersecurity,filtered_out,44.0,0.2986,37.67,False,-0.0227878199733885,-0.0411364117190568,0.0787954543350606
2025-09-08,QLYS,medium,cybersecurity,filtered_out,42.06,0.05,43.41,False,-0.0227878199733885,-0.0411364117190568,0.0787954543350606
2025-09-08,QLYS,long,cybersecurity,filtered_out,42.21,0.05,45.92,False,-0.0227878199733885,-0.0411364117190568,0.0787954543350606
2025-10-06,QLYS,short,cybersecurity,filtered_out,43.16,0.1421,36.07,False,-0.0130401416806754,-0.0345679255088559,0.0254628675737325
2025-10-06,QLYS,medium,cybersecurity,filtered_out,41.15,0.05,40.54,False,-0.0130401416806754,-0.0345679255088559,0.0254628675737325
2025-10-06,QLYS,long,cybersecurity,filtered_out,42.43,0.05,46.6,False,-0.0130401416806754,-0.0345679255088559,0.0254628675737325
2025-11-03,QLYS,short,cybersecurity,filtered_out,43.11,0.142,35.91,False,0.2147538535545312,0.1653612081028899,0.054187907617254
2025-11-03,QLYS,medium,cybersecurity,filtered_out,41.08,0.05,40.35,False,0.2147538535545312,0.1653612081028899,0.054187907617254
2025-11-03,QLYS,long,cybersecurity,filtered_out,42.15,0.05,45.72,False,0.2147538535545312,0.1653612081028899,0.054187907617254
2025-12-02,QLYS,short,cybersecurity,early_watchlist,59.46,0.1953,49.55,False,0.0289417823973785,-0.0885399072647367,-0.3512790760463483
2025-12-02,QLYS,medium,cybersecurity,early_watchlist,59.24,0.05,58.79,False,0.0289417823973785,-0.0885399072647367,-0.3512790760463483
2025-12-02,QLYS,long,cybersecurity,early_watchlist,57.97,0.05,54.75,False,0.0289417823973785,-0.0885399072647367,-0.3512790760463483
2025-12-31,QLYS,short,cybersecurity,filtered_out,43.27,0.1252,34.5,False,0.0034612997365934,-0.0075244548226156,-0.3384499457733152
2025-12-31,QLYS,medium,cybersecurity,filtered_out,42.58,0.05,43.74,False,0.0034612997365934,-0.0075244548226156,-0.3384499457733152
2025-12-31,QLYS,long,cybersecurity,filtered_out,42.95,0.05,47.35,False,0.0034612997365934,-0.0075244548226156,-0.3384499457733152
2026-01-30,QLYS,short,cybersecurity,filtered_out,44.57,0.1269,38.54,False,-0.1599696119871386,-0.2828658020096254,-0.3502653456110098
2026-01-30,QLYS,medium,cybersecurity,filtered_out,41.73,0.05,41.11,False,-0.1599696119871386,-0.2828658020096254,-0.3502653456110098
2026-01-30,QLYS,long,cybersecurity,filtered_out,43.46,0.05,48.94,False,-0.1599696119871386,-0.2828658020096254,-0.3502653456110098
2026-03-02,QLYS,short,cybersecurity,early_watchlist,46.13,0.1273,43.66,False,0.0187123833490614,-0.070514836950823,0.0394333809212701
2026-03-02,QLYS,medium,cybersecurity,filtered_out,41.15,0.05,39.5,False,0.0187123833490614,-0.070514836950823,0.0394333809212701
2026-03-02,QLYS,long,cybersecurity,filtered_out,42.12,0.05,45.16,False,0.0187123833490614,-0.070514836950823,0.0394333809212701
2026-03-30,QLYS,short,cybersecurity,filtered_out,43.21,0.1235,34.52,False,0.0036396690342204,-0.0252502418896463,0.3215423664834236
2026-03-30,QLYS,medium,cybersecurity,filtered_out,41.31,0.05,39.99,False,0.0036396690342204,-0.0252502418896463,0.3215423664834236
2026-03-30,QLYS,long,cybersecurity,filtered_out,42.17,0.05,45.12,False,0.0036396690342204,-0.0252502418896463,0.3215423664834236
2025-03-17,NET,short,cybersecurity,filtered_out,43.37,0.4593,34.5,False,0.0681779338991395,-0.0767108615238548,0.5489571790520047
2025-03-17,NET,medium,cybersecurity,early_watchlist,48.63,0.6869,44.9,False,0.0681779338991395,-0.0767108615238548,0.5489571790520047
2025-03-17,NET,long,cybersecurity,filtered_out,44.43,0.245,49.5,False,0.0681779338991395,-0.0767108615238548,0.5489571790520047
2025-04-14,NET,short,cybersecurity,early_watchlist,46.22,0.4635,43.4,False,-0.0028939990668378,0.4036594170564398,0.6933345289279895
2025-04-14,NET,medium,cybersecurity,early_watchlist,46.9,0.6838,39.5,False,-0.0028939990668378,0.4036594170564398,0.6933345289279895
2025-04-14,NET,long,cybersecurity,filtered_out,43.38,0.05,48.01,False,-0.0028939990668378,0.4036594170564398,0.6933345289279895
2025-05-13,NET,short,cybersecurity,early_watchlist,62.69,0.6328,66.94,False,0.0469539606939035,0.1951982308085667,0.3607342728983063
2025-05-13,NET,medium,cybersecurity,early_watchlist,56.24,0.7106,59.48,False,0.0469539606939035,0.1951982308085667,0.3607342728983063
2025-05-13,NET,long,cybersecurity,early_watchlist,48.23,0.05,54.03,False,0.0469539606939035,0.1951982308085667,0.3607342728983063
2025-06-11,NET,short,cybersecurity,early_watchlist,62.12,0.7719,57.06,False,0.0094039681680495,0.0093483535307865,0.2126202772665617
2025-06-11,NET,medium,cybersecurity,early_watchlist,63.01,0.6833,62.9,False,0.0094039681680495,0.0093483535307865,0.2126202772665617
2025-06-11,NET,long,cybersecurity,early_watchlist,57.81,0.0521,61.38,False,0.0094039681680495,0.0093483535307865,0.2126202772665617
2025-07-11,NET,short,cybersecurity,early_watchlist,49.03,0.6908,40.91,False,0.0879872471887663,0.1279563746180361,0.2185346464691073
2025-07-11,NET,medium,cybersecurity,early_watchlist,57.17,0.5592,53.86,False,0.0879872471887663,0.1279563746180361,0.2185346464691073
2025-07-11,NET,long,cybersecurity,early_watchlist,55.74,0.0925,61.38,False,0.0879872471887663,0.1279563746180361,0.2185346464691073
2025-08-08,NET,short,cybersecurity,early_watchlist,55.9,0.668,46.49,False,-0.0180352020104013,0.0651025985731914,0.2126588133375833
2025-08-08,NET,medium,cybersecurity,early_watchlist,58.93,0.5759,61.68,False,-0.0180352020104013,0.0651025985731914,0.2126588133375833
2025-08-08,NET,long,cybersecurity,early_watchlist,56.61,0.275,61.38,False,-0.0180352020104013,0.0651025985731914,0.2126588133375833
2025-09-08,NET,short,cybersecurity,near_watchlist,60.99,0.7101,49.46,False,0.0371236986319114,0.0142712951380463,-0.0764500908686384
2025-09-08,NET,medium,cybersecurity,early_watchlist,59.11,0.605,59.04,False,0.0371236986319114,0.0142712951380463,-0.0764500908686384
2025-09-08,NET,long,cybersecurity,early_watchlist,56.61,0.2774,61.38,False,0.0371236986319114,0.0142712951380463,-0.0764500908686384
2025-10-06,NET,short,cybersecurity,early_watchlist,59.63,0.6553,39.53,False,0.0069221317818701,0.1225173143039948,-0.108039655316911
2025-10-06,NET,medium,cybersecurity,early_watchlist,62.85,0.5775,50.47,False,0.0069221317818701,0.1225173143039948,-0.108039655316911
2025-10-06,NET,long,cybersecurity,early_watchlist,63.57,0.2944,61.38,False,0.0069221317818701,0.1225173143039948,-0.108039655316911
2025-11-03,NET,short,cybersecurity,early_watchlist,62.39,0.5647,60.78,False,-0.0305509726025063,-0.1888275603089937,-0.2851960595411957
2025-11-03,NET,medium,cybersecurity,early_watchlist,63.64,0.5716,63.66,False,-0.0305509726025063,-0.1888275603089937,-0.2851960595411957
2025-11-03,NET,long,cybersecurity,early_watchlist,61.21,0.3426,63.16,False,-0.0305509726025063,-0.1888275603089937,-0.2851960595411957
2025-12-02,NET,short,cybersecurity,early_watchlist,48.97,0.5222,38.25,False,0.0381098995244422,-0.0204213491132335,-0.1005663857040776
2025-12-02,NET,medium,cybersecurity,early_watchlist,48.39,0.5094,39.5,False,0.0381098995244422,-0.0204213491132335,-0.1005663857040776
2025-12-02,NET,long,cybersecurity,early_watchlist,47.8,0.2448,46.93,False,0.0381098995244422,-0.0204213491132335,-0.1005663857040776
2025-12-31,NET,short,cybersecurity,early_watchlist,48.62,0.5758,35.58,False,-0.0516864696834206,-0.1004310849908772,-0.0127820902444207
2025-12-31,NET,medium,cybersecurity,early_watchlist,48.48,0.5108,39.5,False,-0.0516864696834206,-0.1004310849908772,-0.0127820902444207
2025-12-31,NET,long,cybersecurity,early_watchlist,47.37,0.2464,45.34,False,-0.0516864696834206,-0.1004310849908772,-0.0127820902444207
2026-01-30,NET,short,cybersecurity,early_watchlist,48.25,0.5061,36.76,False,-0.0233436664627573,0.0206935328031689,0.1756413466278807
2026-01-30,NET,medium,cybersecurity,early_watchlist,48.29,0.5074,39.5,False,-0.0233436664627573,0.0206935328031689,0.1756413466278807
2026-01-30,NET,long,cybersecurity,early_watchlist,47.25,0.2438,45.22,False,-0.0233436664627573,0.0206935328031689,0.1756413466278807
2026-03-02,NET,short,cybersecurity,early_watchlist,54.05,0.5224,48.58,False,0.1130261350799821,0.0751850640212479,0.1557838707472196
2026-03-02,NET,medium,cybersecurity,early_watchlist,50.76,0.5181,41.05,False,0.1130261350799821,0.0751850640212479,0.1557838707472196
2026-03-02,NET,long,cybersecurity,early_watchlist,49.11,0.2521,45.12,False,0.1130261350799821,0.0751850640212479,0.1557838707472196
2026-03-30,NET,short,cybersecurity,early_watchlist,46.46,0.4605,41.78,False,0.1112880227093549,0.0712633960295006,0.1645172286408318
2026-03-30,NET,medium,cybersecurity,early_watchlist,55.37,0.5132,50.33,False,0.1112880227093549,0.0712633960295006,0.1645172286408318
2026-03-30,NET,long,cybersecurity,filtered_out,43.9,0.2306,45.12,False,0.1112880227093549,0.0712633960295006,0.1645172286408318
2025-03-17,PYPL,short,fintech_high_beta,filtered_out,43.67,0.5896,36.68,False,0.0189518451501589,-0.1059583697804642,0.0712131914361866
2025-03-17,PYPL,medium,fintech_high_beta,filtered_out,40.18,0.1294,39.5,False,0.0189518451501589,-0.1059583697804642,0.0712131914361866
2025-03-17,PYPL,long,fintech_high_beta,filtered_out,41.54,0.4566,45.12,False,0.0189518451501589,-0.1059583697804642,0.0712131914361866
2025-04-14,PYPL,short,fintech_high_beta,filtered_out,44.89,0.5893,40.89,False,-0.0136502806862524,0.1609120372229826,0.1459772423232233
2025-04-14,PYPL,medium,fintech_high_beta,filtered_out,40.11,0.1286,39.5,False,-0.0136502806862524,0.1609120372229826,0.1459772423232233
2025-04-14,PYPL,long,fintech_high_beta,filtered_out,41.47,0.4559,45.12,False,-0.0136502806862524,0.1609120372229826,0.1459772423232233
2025-05-13,PYPL,short,fintech_high_beta,early_watchlist,57.12,0.6531,59.58,False,0.0044267311798722,0.0320930558848198,-0.0641857924113878
2025-05-13,PYPL,medium,fintech_high_beta,early_watchlist,45.69,0.1412,56.72,False,0.0044267311798722,0.0320930558848198,-0.0641857924113878
2025-05-13,PYPL,long,fintech_high_beta,filtered_out,41.54,0.4566,45.12,False,0.0044267311798722,0.0320930558848198,-0.0641857924113878
2025-06-11,PYPL,short,fintech_high_beta,early_watchlist,45.92,0.4619,44.82,False,-0.0809542463597885,-0.043559797328937,-0.0832327693083959
2025-06-11,PYPL,medium,fintech_high_beta,early_watchlist,48.54,0.1407,53.08,False,-0.0809542463597885,-0.043559797328937,-0.0832327693083959
2025-06-11,PYPL,long,fintech_high_beta,filtered_out,40.25,0.447,51.28,False,-0.0809542463597885,-0.043559797328937,-0.0832327693083959
2025-07-11,PYPL,short,fintech_high_beta,filtered_out,44.32,0.4957,41.71,False,0.0393776980240461,-0.0519899191091546,-0.0009809133839246
2025-07-11,PYPL,medium,fintech_high_beta,filtered_out,43.06,0.1356,48.5,False,0.0393776980240461,-0.0519899191091546,-0.0009809133839246
2025-07-11,PYPL,long,fintech_high_beta,filtered_out,44.83,0.4641,55.41,False,0.0393776980240461,-0.0519899191091546,-0.0009809133839246
2025-08-08,PYPL,short,fintech_high_beta,filtered_out,42.6,0.4381,35.31,False,0.023355433489768,0.0110864795456386,0.0101993109228555
2025-08-08,PYPL,medium,fintech_high_beta,filtered_out,41.68,0.09,40.73,False,0.023355433489768,0.0110864795456386,0.0101993109228555
2025-08-08,PYPL,long,fintech_high_beta,filtered_out,42.6,0.459,45.33,False,0.023355433489768,0.0110864795456386,0.0101993109228555
2025-09-08,PYPL,short,fintech_high_beta,filtered_out,42.47,0.4411,34.5,False,-0.0188597476156424,0.0422514960035318,-0.078283557304462
2025-09-08,PYPL,medium,fintech_high_beta,filtered_out,41.63,0.0906,40.33,False,-0.0188597476156424,0.0422514960035318,-0.078283557304462
2025-09-08,PYPL,long,fintech_high_beta,filtered_out,42.79,0.4595,45.91,False,-0.0188597476156424,0.0422514960035318,-0.078283557304462
2025-10-06,PYPL,short,fintech_high_beta,early_watchlist,45.24,0.4433,43.56,False,-0.0340862060813735,-0.0413805468844958,-0.1791982939355739
2025-10-06,PYPL,medium,fintech_high_beta,filtered_out,43.64,0.0941,46.85,False,-0.0340862060813735,-0.0413805468844958,-0.1791982939355739
2025-10-06,PYPL,long,fintech_high_beta,filtered_out,43.06,0.4601,46.76,False,-0.0340862060813735,-0.0413805468844958,-0.1791982939355739
2025-11-03,PYPL,short,fintech_high_beta,filtered_out,43.96,0.527,35.95,False,-0.0305822308958602,-0.0774740953515373,-0.2272195671686514
2025-11-03,PYPL,medium,fintech_high_beta,filtered_out,41.53,0.0904,40.01,False,-0.0305822308958602,-0.0774740953515373,-0.2272195671686514
2025-11-03,PYPL,long,fintech_high_beta,filtered_out,42.79,0.4602,45.66,False,-0.0305822308958602,-0.0774740953515373,-0.2272195671686514
2025-12-02,PYPL,short,fintech_high_beta,early_watchlist,45.34,0.5658,38.36,False,-0.0337043356474517,-0.0718601009589643,-0.2745627681976149
2025-12-02,PYPL,medium,fintech_high_beta,filtered_out,41.41,0.0619,39.5,False,-0.0337043356474517,-0.0718601009589643,-0.2745627681976149
2025-12-02,PYPL,long,fintech_high_beta,filtered_out,42.54,0.4589,45.12,False,-0.0337043356474517,-0.0718601009589643,-0.2745627681976149
2025-12-31,PYPL,short,fintech_high_beta,filtered_out,44.21,0.5657,34.5,False,-0.0018841845283028,-0.0974648926460647,-0.2325240471236825
2025-12-31,PYPL,medium,fintech_high_beta,filtered_out,41.48,0.0627,39.5,False,-0.0018841845283028,-0.0974648926460647,-0.2325240471236825
2025-12-31,PYPL,long,fintech_high_beta,filtered_out,42.6,0.4596,45.12,False,-0.0018841845283028,-0.0974648926460647,-0.2325240471236825
2026-01-30,PYPL,short,fintech_high_beta,filtered_out,44.52,0.5662,35.47,False,-0.2328715554173206,-0.133991221695147,-0.0550333253700121
2026-01-30,PYPL,medium,fintech_high_beta,filtered_out,41.7,0.0632,40.19,False,-0.2328715554173206,-0.133991221695147,-0.0550333253700121
2026-01-30,PYPL,long,fintech_high_beta,filtered_out,42.71,0.4593,45.66,False,-0.2328715554173206,-0.133991221695147,-0.0550333253700121
2026-03-02,PYPL,short,fintech_high_beta,early_watchlist,47.03,0.5327,45.54,False,0.014678022893839,-0.0180748627290043,-0.0380782413967223
2026-03-02,PYPL,medium,fintech_high_beta,filtered_out,41.48,0.0628,39.5,False,0.014678022893839,-0.0180748627290043,-0.0380782413967223
2026-03-02,PYPL,long,fintech_high_beta,filtered_out,42.62,0.4598,45.12,False,0.014678022893839,-0.0180748627290043,-0.0380782413967223
2026-03-30,PYPL,short,fintech_high_beta,filtered_out,44.45,0.5641,35.6,False,0.0044773173075127,0.1112603540693748,-0.0481373513494154
2026-03-30,PYPL,medium,fintech_high_beta,filtered_out,41.41,0.0619,39.5,False,0.0044773173075127,0.1112603540693748,-0.0481373513494154
2026-03-30,PYPL,long,fintech_high_beta,filtered_out,42.54,0.4589,45.12,False,0.0044773173075127,0.1112603540693748,-0.0481373513494154
2025-03-17,XYZ,short,fintech_high_beta,early_watchlist,45.66,0.5693,41.64,False,0.0670076760942912,-0.06803071738551,0.0922420441937708
2025-03-17,XYZ,medium,fintech_high_beta,filtered_out,41.46,0.1275,39.5,False,0.0670076760942912,-0.06803071738551,0.0922420441937708
2025-03-17,XYZ,long,fintech_high_beta,filtered_out,41.41,0.4552,45.12,False,0.0670076760942912,-0.06803071738551,0.0922420441937708
2025-04-14,XYZ,short,fintech_high_beta,early_watchlist,45.91,0.5669,42.8,False,-0.0060372853508715,0.0642151176606595,0.1917306910262002
2025-04-14,XYZ,medium,fintech_high_beta,filtered_out,41.41,0.1269,39.5,False,-0.0060372853508715,0.0642151176606595,0.1917306910262002
2025-04-14,XYZ,long,fintech_high_beta,filtered_out,41.41,0.4552,45.12,False,-0.0060372853508715,0.0642151176606595,0.1917306910262002
2025-05-13,XYZ,short,fintech_high_beta,early_watchlist,52.17,0.5849,56.73,False,-0.0142684896421489,0.1012549351048952,0.2616469262470853
2025-05-13,XYZ,medium,fintech_high_beta,early_watchlist,46.86,0.1423,51.12,False,-0.0142684896421489,0.1012549351048952,0.2616469262470853
2025-05-13,XYZ,long,fintech_high_beta,filtered_out,43.81,0.466,47.16,False,-0.0142684896421489,0.1012549351048952,0.2616469262470853
2025-06-11,XYZ,short,fintech_high_beta,early_watchlist,53.57,0.5923,47.9,False,-0.0151420144079561,0.0168592237311098,0.1835779360664813
2025-06-11,XYZ,medium,fintech_high_beta,early_watchlist,54.26,0.1519,58.13,False,-0.0151420144079561,0.0168592237311098,0.1835779360664813
2025-06-11,XYZ,long,fintech_high_beta,filtered_out,43.08,0.4601,49.93,False,-0.0151420144079561,0.0168592237311098,0.1835779360664813
2025-07-11,XYZ,short,fintech_high_beta,filtered_out,44.95,0.5625,43.53,False,0.117899913680322,0.126650292866153,0.1940435908517539
2025-07-11,XYZ,medium,fintech_high_beta,early_watchlist,49.84,0.1172,55.28,False,0.117899913680322,0.126650292866153,0.1940435908517539
2025-07-11,XYZ,long,fintech_high_beta,filtered_out,44.16,0.4602,58.43,False,0.117899913680322,0.126650292866153,0.1940435908517539
2025-08-08,XYZ,short,fintech_high_beta,early_watchlist,46.77,0.5565,46.5,False,0.0328383115159052,0.0331107824687968,0.0123995594723731
2025-08-08,XYZ,medium,fintech_high_beta,early_watchlist,51.82,0.1576,60.09,False,0.0328383115159052,0.0331107824687968,0.0123995594723731
2025-08-08,XYZ,long,fintech_high_beta,early_watchlist,53.38,0.4803,61.91,False,0.0328383115159052,0.0331107824687968,0.0123995594723731
2025-09-08,XYZ,short,fintech_high_beta,filtered_out,43.87,0.5558,35.52,False,-0.0156950995277764,0.0258506870530421,-0.2072012549156615
2025-09-08,XYZ,medium,fintech_high_beta,early_watchlist,55.4,0.0884,49.04,False,-0.0156950995277764,0.0258506870530421,-0.2072012549156615
2025-09-08,XYZ,long,fintech_high_beta,early_watchlist,54.09,0.4828,61.38,False,-0.0156950995277764,0.0258506870530421,-0.2072012549156615
2025-10-06,XYZ,short,fintech_high_beta,early_watchlist,45.01,0.5278,41.52,False,-0.0354847284590741,-0.0447415245841499,-0.1631525153068531
2025-10-06,XYZ,medium,fintech_high_beta,early_watchlist,48.45,0.2135,45.81,False,-0.0354847284590741,-0.0447415245841499,-0.1631525153068531
2025-10-06,XYZ,long,fintech_high_beta,early_watchlist,51.49,0.4753,61.19,False,-0.0354847284590741,-0.0447415245841499,-0.1631525153068531
2025-11-03,XYZ,short,fintech_high_beta,filtered_out,42.03,0.4652,36.37,False,-0.10094212236809,-0.1909825283791901,-0.1866756685988304
2025-11-03,XYZ,medium,fintech_high_beta,filtered_out,40.19,0.1352,40.12,False,-0.10094212236809,-0.1909825283791901,-0.1866756685988304
2025-11-03,XYZ,long,fintech_high_beta,early_watchlist,52.95,0.4754,49.32,False,-0.10094212236809,-0.1909825283791901,-0.1866756685988304
2025-12-02,XYZ,short,fintech_high_beta,early_watchlist,45.92,0.4544,38.62,False,0.0242887883820988,0.082848039876437,0.0722009032411028
2025-12-02,XYZ,medium,fintech_high_beta,filtered_out,44.16,0.05,43.1,False,0.0242887883820988,0.082848039876437,0.0722009032411028
2025-12-02,XYZ,long,fintech_high_beta,filtered_out,42.93,0.05,47.62,False,0.0242887883820988,0.082848039876437,0.0722009032411028
2025-12-31,XYZ,short,fintech_high_beta,early_watchlist,53.98,0.4657,39.91,False,0.0778922662385734,-0.0715931217529065,-0.12382851455012
2025-12-31,XYZ,medium,fintech_high_beta,filtered_out,43.31,0.0918,45.71,False,0.0778922662385734,-0.0715931217529065,-0.12382851455012
2025-12-31,XYZ,long,fintech_high_beta,filtered_out,39.99,0.05,45.12,False,0.0778922662385734,-0.0715931217529065,-0.12382851455012
2026-01-30,XYZ,short,fintech_high_beta,filtered_out,43.98,0.3751,35.32,False,-0.0738043862642618,0.066523194154644,0.150752946621635
2026-01-30,XYZ,medium,fintech_high_beta,filtered_out,43.26,0.05,40.06,False,-0.0738043862642618,0.066523194154644,0.150752946621635
2026-01-30,XYZ,long,fintech_high_beta,filtered_out,42.33,0.05,45.76,False,-0.0738043862642618,0.066523194154644,0.150752946621635
2026-03-02,XYZ,short,fintech_high_beta,early_watchlist,55.53,0.4023,60.29,False,0.0169123975003522,-0.115127983247293,0.108145873556837
2026-03-02,XYZ,medium,fintech_high_beta,early_watchlist,50.36,0.05,51.11,False,0.0169123975003522,-0.115127983247293,0.108145873556837
2026-03-02,XYZ,long,fintech_high_beta,early_watchlist,47.73,0.05,51.27,False,0.0169123975003522,-0.115127983247293,0.108145873556837
2026-03-30,XYZ,short,fintech_high_beta,early_watchlist,45.32,0.375,39.67,False,0.051551858746901,0.21935827466249,0.2989655166878127
2026-03-30,XYZ,medium,fintech_high_beta,filtered_out,43.01,0.05,39.5,False,0.051551858746901,0.21935827466249,0.2989655166878127
2026-03-30,XYZ,long,fintech_high_beta,filtered_out,42.13,0.05,45.12,False,0.051551858746901,0.21935827466249,0.2989655166878127
2025-03-17,COIN,short,fintech_high_beta,filtered_out,43.41,0.4245,39.93,False,0.074513050762039,-0.0655165349436027,0.3266298887011238
2025-03-17,COIN,medium,fintech_high_beta,filtered_out,40.79,0.0603,39.5,False,0.074513050762039,-0.0655165349436027,0.3266298887011238
2025-03-17,COIN,long,fintech_high_beta,filtered_out,42.19,0.4583,47.12,False,0.074513050762039,-0.0655165349436027,0.3266298887011238
2025-04-14,COIN,short,fintech_high_beta,early_watchlist,45.52,0.4284,46.5,False,0.075999535789931,0.4548646009318593,1.1919809352415718
2025-04-14,COIN,medium,fintech_high_beta,filtered_out,40.79,0.0603,39.5,False,0.075999535789931,0.4548646009318593,1.1919809352415718
2025-04-14,COIN,long,fintech_high_beta,filtered_out,41.55,0.4568,45.12,False,0.075999535789931,0.4548646009318593,1.1919809352415718
2025-05-13,COIN,short,fintech_high_beta,early_watchlist,58.54,0.4587,70.5,False,0.0174387352774063,-0.0242117608738029,0.2087972593337284
2025-05-13,COIN,medium,fintech_high_beta,early_watchlist,48.89,0.0799,61.1,False,0.0174387352774063,-0.0242117608738029,0.2087972593337284
2025-05-13,COIN,long,fintech_high_beta,early_watchlist,45.54,0.4696,53.88,False,0.0174387352774063,-0.0242117608738029,0.2087972593337284
2025-06-11,COIN,short,fintech_high_beta,filtered_out,43.27,0.3135,41.7,False,0.1779560282931607,0.5440402460008069,0.2055210668443083
2025-06-11,COIN,medium,fintech_high_beta,early_watchlist,45.46,0.07,53.9,False,0.1779560282931607,0.5440402460008069,0.2055210668443083
2025-06-11,COIN,long,fintech_high_beta,early_watchlist,45.62,0.4666,57.62,False,0.1779560282931607,0.5440402460008069,0.2055210668443083
2025-07-11,COIN,short,fintech_high_beta,early_watchlist,62.05,0.5967,63.52,False,0.0845347011499164,-0.197695420597134,-0.0025577177714551
2025-07-11,COIN,medium,fintech_high_beta,early_watchlist,59.7,0.5654,62.9,False,0.0845347011499164,-0.197695420597134,-0.0025577177714551
2025-07-11,COIN,long,fintech_high_beta,early_watchlist,54.46,0.4971,61.06,False,0.0845347011499164,-0.197695420597134,-0.0025577177714551
2025-08-08,COIN,short,fintech_high_beta,early_watchlist,46.73,0.5118,34.5,False,0.0225735140566689,-0.0268564310826447,0.0640175318341846
2025-08-08,COIN,medium,fintech_high_beta,early_watchlist,47.24,0.2662,44.9,False,0.0225735140566689,-0.0268564310826447,0.0640175318341846
2025-08-08,COIN,long,fintech_high_beta,early_watchlist,55.32,0.05,61.38,False,0.0225735140566689,-0.0268564310826447,0.0640175318341846
2025-09-08,COIN,short,fintech_high_beta,filtered_out,42.71,0.4984,35.48,False,0.0821309589810239,0.2775314087668858,-0.12885506574609
2025-09-08,COIN,medium,fintech_high_beta,filtered_out,42.62,0.2498,44.14,False,0.0821309589810239,0.2775314087668858,-0.12885506574609
2025-09-08,COIN,long,fintech_high_beta,early_watchlist,48.65,0.05,57.11,False,0.0821309589810239,0.2775314087668858,-0.12885506574609
2025-10-06,COIN,short,fintech_high_beta,early_watchlist,64.53,0.5244,65.7,False,-0.0753231707673747,-0.1441448256552856,-0.414251314270736
2025-10-06,COIN,medium,fintech_high_beta,early_watchlist,53.86,0.2856,57.5,False,-0.0753231707673747,-0.1441448256552856,-0.414251314270736
2025-10-06,COIN,long,fintech_high_beta,early_watchlist,49.44,0.05,55.12,False,-0.0753231707673747,-0.1441448256552856,-0.414251314270736
2025-11-03,COIN,short,fintech_high_beta,early_watchlist,45.21,0.3829,34.5,False,-0.0378004365485712,-0.2032564642964577,-0.4106289038821937
2025-11-03,COIN,medium,fintech_high_beta,early_watchlist,45.38,0.2615,42.39,False,-0.0378004365485712,-0.2032564642964577,-0.4106289038821937
2025-11-03,COIN,long,fintech_high_beta,filtered_out,44.74,0.05,52.21,False,-0.0378004365485712,-0.2032564642964577,-0.4106289038821937
2025-12-02,COIN,short,fintech_high_beta,early_watchlist,45.97,0.372,37.35,False,0.0535591242987889,-0.1410013256818753,-0.2963610171629202
2025-12-02,COIN,medium,fintech_high_beta,filtered_out,44.39,0.2584,39.5,False,0.0535591242987889,-0.1410013256818753,-0.2963610171629202
2025-12-02,COIN,long,fintech_high_beta,filtered_out,42.76,0.05,45.12,False,0.0535591242987889,-0.1410013256818753,-0.2963610171629202
2025-12-31,COIN,short,fintech_high_beta,early_watchlist,45.17,0.3734,34.5,False,0.0860086539344551,-0.1388520119449585,-0.2889803054740214
2025-12-31,COIN,medium,fintech_high_beta,filtered_out,44.46,0.26,39.5,False,0.0860086539344551,-0.1388520119449585,-0.2889803054740214
2025-12-31,COIN,long,fintech_high_beta,filtered_out,42.83,0.05,45.12,False,0.0860086539344551,-0.1388520119449585,-0.2889803054740214
2026-01-30,COIN,short,fintech_high_beta,early_watchlist,45.21,0.3734,34.63,False,-0.1521002852031669,-0.0487829913321712,-0.0032864299660857
2026-01-30,COIN,medium,fintech_high_beta,filtered_out,44.5,0.26,39.64,False,-0.1521002852031669,-0.0487829913321712,-0.0032864299660857
2026-01-30,COIN,long,fintech_high_beta,filtered_out,42.93,0.05,45.45,False,-0.1521002852031669,-0.0487829913321712,-0.0032864299660857
2026-03-02,COIN,short,fintech_high_beta,early_watchlist,55.26,0.3873,58.5,False,0.0785466819342417,-0.1319909926688786,-0.0618657221659934
2026-03-02,COIN,medium,fintech_high_beta,early_watchlist,46.91,0.2697,39.5,False,0.0785466819342417,-0.1319909926688786,-0.0618657221659934
2026-03-02,COIN,long,fintech_high_beta,early_watchlist,45.28,0.05,45.12,False,0.0785466819342417,-0.1319909926688786,-0.0618657221659934
2026-03-30,COIN,short,fintech_high_beta,early_watchlist,46.99,0.3729,40.55,False,0.0894956153399473,0.2071647130310292,-0.113626405725135
2026-03-30,COIN,medium,fintech_high_beta,filtered_out,44.39,0.2584,39.5,False,0.0894956153399473,0.2071647130310292,-0.113626405725135
2026-03-30,COIN,long,fintech_high_beta,filtered_out,42.76,0.05,45.12,False,0.0894956153399473,0.2071647130310292,-0.113626405725135
2025-03-17,HOOD,short,fintech_high_beta,early_watchlist,51.15,0.7535,46.5,False,0.1508805350671171,0.050452139666578,0.7820084825720901
2025-03-17,HOOD,medium,fintech_high_beta,early_watchlist,50.16,0.6705,44.9,False,0.1508805350671171,0.050452139666578,0.7820084825720901
2025-03-17,HOOD,long,fintech_high_beta,filtered_out,43.1,0.05,50.2,False,0.1508805350671171,0.050452139666578,0.7820084825720901
2025-04-14,HOOD,short,fintech_high_beta,early_watchlist,55.75,0.766,53.0,False,-0.0464431188356859,0.4175351282287947,1.2279111395038438
2025-04-14,HOOD,medium,fintech_high_beta,early_watchlist,52.16,0.6809,43.28,False,-0.0464431188356859,0.4175351282287947,1.2279111395038438
2025-04-14,HOOD,long,fintech_high_beta,early_watchlist,46.69,0.1656,49.1,False,-0.0464431188356859,0.4175351282287947,1.2279111395038438
2025-05-13,HOOD,short,fintech_high_beta,early_watchlist,65.62,0.7941,66.44,False,0.0373981777001466,0.196739613530988,0.8320280935353777
2025-05-13,HOOD,medium,fintech_high_beta,early_watchlist,58.31,0.6957,58.72,False,0.0373981777001466,0.196739613530988,0.8320280935353777
2025-05-13,HOOD,long,fintech_high_beta,early_watchlist,50.27,0.1804,55.3,False,0.0373981777001466,0.196739613530988,0.8320280935353777
2025-06-11,HOOD,short,fintech_high_beta,early_watchlist,62.95,0.823,57.31,False,0.0463408299677086,0.3133012813165108,0.5662393573865083
2025-06-11,HOOD,medium,fintech_high_beta,early_watchlist,63.0,0.7243,62.9,False,0.0463408299677086,0.3133012813165108,0.5662393573865083
2025-06-11,HOOD,long,fintech_high_beta,early_watchlist,60.28,0.415,61.38,False,0.0463408299677086,0.3133012813165108,0.5662393573865083
2025-07-11,HOOD,short,fintech_high_beta,early_watchlist,64.07,0.8601,57.88,False,0.1159243639455624,0.1656498019336489,0.466951391895184
2025-07-11,HOOD,medium,fintech_high_beta,early_watchlist,65.19,0.8539,63.6,False,0.1159243639455624,0.1656498019336489,0.466951391895184
2025-07-11,HOOD,long,fintech_high_beta,early_watchlist,62.17,0.6847,62.01,False,0.1159243639455624,0.1656498019336489,0.466951391895184
2025-08-08,HOOD,short,fintech_high_beta,early_watchlist,67.88,0.8507,64.99,False,-0.004012903214642,0.0231178713196722,0.2830847540360484
2025-08-08,HOOD,medium,fintech_high_beta,early_watchlist,67.59,0.8251,62.9,False,-0.004012903214642,0.0231178713196722,0.2830847540360484
2025-08-08,HOOD,long,fintech_high_beta,early_watchlist,63.82,0.7535,61.38,False,-0.004012903214642,0.0231178713196722,0.2830847540360484
2025-09-08,HOOD,short,fintech_high_beta,early_watchlist,60.65,0.8081,61.9,False,-0.0208901515496492,0.2300477149416697,0.0739256331786031
2025-09-08,HOOD,medium,fintech_high_beta,early_watchlist,63.81,0.7821,59.24,False,-0.0208901515496492,0.2300477149416697,0.0739256331786031
2025-09-08,HOOD,long,fintech_high_beta,early_watchlist,66.27,0.7533,63.88,False,-0.0208901515496492,0.2300477149416697,0.0739256331786031
2025-10-06,HOOD,short,fintech_high_beta,early_watchlist,66.16,0.8358,59.22,False,-0.0248163175334451,0.0195480897795619,-0.2159988716153617
2025-10-06,HOOD,medium,fintech_high_beta,early_watchlist,68.45,0.8648,62.9,False,-0.0248163175334451,0.0195480897795619,-0.2159988716153617
2025-10-06,HOOD,long,fintech_high_beta,early_watchlist,67.69,0.8087,61.38,False,-0.0248163175334451,0.0195480897795619,-0.2159988716153617
2025-11-03,HOOD,short,fintech_high_beta,early_watchlist,60.28,0.8341,44.03,False,-0.0761490128420532,-0.1436633438928274,-0.3236333823873447
2025-11-03,HOOD,medium,fintech_high_beta,early_watchlist,64.68,0.7484,55.37,False,-0.0761490128420532,-0.1436633438928274,-0.3236333823873447
2025-11-03,HOOD,long,fintech_high_beta,early_watchlist,66.11,0.7193,61.38,False,-0.0761490128420532,-0.1436633438928274,-0.3236333823873447
2025-12-02,HOOD,short,fintech_high_beta,early_watchlist,51.43,0.8123,45.94,False,0.0774911472974133,-0.1020246032987334,-0.3745136904475616
2025-12-02,HOOD,medium,fintech_high_beta,early_watchlist,49.59,0.6328,43.54,False,0.0774911472974133,-0.1020246032987334,-0.3745136904475616
2025-12-02,HOOD,long,fintech_high_beta,early_watchlist,56.95,0.5613,55.43,False,0.0774911472974133,-0.1020246032987334,-0.3745136904475616
2025-12-31,HOOD,short,fintech_high_beta,early_watchlist,51.2,0.8213,34.5,False,0.0202475768914474,-0.1204243616351944,-0.4238726388929269
2025-12-31,HOOD,medium,fintech_high_beta,early_watchlist,51.53,0.6244,39.5,False,0.0202475768914474,-0.1204243616351944,-0.4238726388929269
2025-12-31,HOOD,long,fintech_high_beta,early_watchlist,52.5,0.4948,47.45,False,0.0202475768914474,-0.1204243616351944,-0.4238726388929269
2026-01-30,HOOD,short,fintech_high_beta,early_watchlist,51.39,0.8215,35.09,False,-0.1674708795729871,-0.2080820655319566,-0.1750100831786504
2026-01-30,HOOD,medium,fintech_high_beta,early_watchlist,51.65,0.6245,39.89,False,-0.1674708795729871,-0.2080820655319566,-0.1750100831786504
2026-01-30,HOOD,long,fintech_high_beta,early_watchlist,51.38,0.4523,45.92,False,-0.1674708795729871,-0.2080820655319566,-0.1750100831786504
2026-03-02,HOOD,short,fintech_high_beta,early_watchlist,54.37,0.8225,44.74,False,0.007235335156847,-0.1728864601197073,-0.0323685638725017
2026-03-02,HOOD,medium,fintech_high_beta,early_watchlist,51.43,0.6223,39.5,False,0.007235335156847,-0.1728864601197073,-0.0323685638725017
2026-03-02,HOOD,long,fintech_high_beta,early_watchlist,50.86,0.3957,45.12,False,0.007235335156847,-0.1728864601197073,-0.0323685638725017
2026-03-30,HOOD,short,fintech_high_beta,early_watchlist,51.24,0.8213,34.61,False,0.0689072684380536,0.2595149644312871,0.4344689375003219
2026-03-30,HOOD,medium,fintech_high_beta,early_watchlist,51.53,0.6244,39.5,False,0.0689072684380536,0.2595149644312871,0.4344689375003219
2026-03-30,HOOD,long,fintech_high_beta,early_watchlist,50.86,0.3957,45.12,False,0.0689072684380536,0.2595149644312871,0.4344689375003219
2025-03-17,SOFI,short,fintech_high_beta,early_watchlist,46.51,0.4762,44.7,False,0.1136364128964018,-0.1217532497691674,0.2224026617422392
2025-03-17,SOFI,medium,fintech_high_beta,filtered_out,41.9,0.2365,39.5,False,0.1136364128964018,-0.1217532497691674,0.2224026617422392
2025-03-17,SOFI,long,fintech_high_beta,filtered_out,42.61,0.4579,48.88,False,0.1136364128964018,-0.1217532497691674,0.2224026617422392
2025-04-14,SOFI,short,fintech_high_beta,early_watchlist,46.36,0.4759,44.23,False,0.0415897204835147,0.320702436682017,0.959334691393803
2025-04-14,SOFI,medium,fintech_high_beta,filtered_out,41.9,0.2365,39.5,False,0.0415897204835147,0.320702436682017,0.959334691393803
2025-04-14,SOFI,long,fintech_high_beta,filtered_out,41.41,0.4552,45.12,False,0.0415897204835147,0.320702436682017,0.959334691393803
2025-05-13,SOFI,short,fintech_high_beta,early_watchlist,60.94,0.5095,66.52,False,-0.0713785519112828,0.0538838670272343,0.5465360700115742
2025-05-13,SOFI,medium,fintech_high_beta,early_watchlist,50.63,0.2639,57.83,False,-0.0713785519112828,0.0538838670272343,0.5465360700115742
2025-05-13,SOFI,long,fintech_high_beta,early_watchlist,45.07,0.4721,47.61,False,-0.0713785519112828,0.0538838670272343,0.5465360700115742
2025-06-11,SOFI,short,fintech_high_beta,early_watchlist,62.39,0.6325,64.02,False,0.0199202675100711,0.407702534677554,0.7237714715238619
2025-06-11,SOFI,medium,fintech_high_beta,early_watchlist,57.33,0.2792,58.22,False,0.0199202675100711,0.407702534677554,0.7237714715238619
2025-06-11,SOFI,long,fintech_high_beta,early_watchlist,48.6,0.4807,58.45,False,0.0199202675100711,0.407702534677554,0.7237714715238619
2025-07-11,SOFI,short,fintech_high_beta,early_watchlist,65.93,0.8076,65.93,False,0.0287735226910601,0.0424528106670447,0.24339621045828
2025-07-11,SOFI,medium,fintech_high_beta,early_watchlist,65.11,0.8218,63.42,False,0.0287735226910601,0.0424528106670447,0.24339621045828
2025-07-11,SOFI,long,fintech_high_beta,early_watchlist,63.42,0.7841,59.57,False,0.0287735226910601,0.0424528106670447,0.24339621045828
2025-08-08,SOFI,short,fintech_high_beta,early_watchlist,53.65,0.7474,48.55,False,0.0755656130075996,0.1746605717816836,0.3859727887809927
2025-08-08,SOFI,medium,fintech_high_beta,early_watchlist,56.55,0.7608,57.08,False,0.0755656130075996,0.1746605717816836,0.3859727887809927
2025-08-08,SOFI,long,fintech_high_beta,early_watchlist,55.41,0.2761,61.38,False,0.0755656130075996,0.1746605717816836,0.3859727887809927
2025-09-08,SOFI,short,fintech_high_beta,early_watchlist,60.8,0.7869,50.64,False,0.0658706106366577,0.0154083798145492,0.1367488932822238
2025-09-08,SOFI,medium,fintech_high_beta,early_watchlist,63.28,0.7559,62.9,False,0.0658706106366577,0.0154083798145492,0.1367488932822238
2025-09-08,SOFI,long,fintech_high_beta,early_watchlist,59.48,0.3697,61.38,False,0.0658706106366577,0.0154083798145492,0.1367488932822238
2025-10-06,SOFI,short,fintech_high_beta,early_watchlist,47.25,0.6256,41.24,False,0.0295902413215638,0.1619878016519549,-0.0068285394919563
2025-10-06,SOFI,medium,fintech_high_beta,early_watchlist,54.49,0.6913,52.56,False,0.0295902413215638,0.1619878016519549,-0.0068285394919563
2025-10-06,SOFI,long,fintech_high_beta,early_watchlist,54.96,0.3448,62.52,False,0.0295902413215638,0.1619878016519549,-0.0068285394919563
2025-11-03,SOFI,short,fintech_high_beta,early_watchlist,59.37,0.681,52.23,False,-0.002938238579991,-0.0365654248309399,-0.255305253316517
2025-11-03,SOFI,medium,fintech_high_beta,early_watchlist,62.92,0.689,63.36,False,-0.002938238579991,-0.0365654248309399,-0.255305253316517
2025-11-03,SOFI,long,fintech_high_beta,early_watchlist,59.47,0.5967,61.88,False,-0.002938238579991,-0.0365654248309399,-0.255305253316517
2025-12-02,SOFI,short,fintech_high_beta,early_watchlist,52.0,0.5802,47.04,False,-0.0908166819515247,-0.1128431005719524,-0.3768214419852869
2025-12-02,SOFI,medium,fintech_high_beta,early_watchlist,51.87,0.6607,46.83,False,-0.0908166819515247,-0.1128431005719524,-0.3768214419852869
2025-12-02,SOFI,long,fintech_high_beta,early_watchlist,54.67,0.1582,61.38,False,-0.0908166819515247,-0.1128431005719524,-0.3768214419852869
2025-12-31,SOFI,short,fintech_high_beta,early_watchlist,47.51,0.7043,34.67,False,0.0588234908413753,-0.1287242475152741,-0.4213140014541894
2025-12-31,SOFI,medium,fintech_high_beta,early_watchlist,48.6,0.6558,39.5,False,0.0588234908413753,-0.1287242475152741,-0.4213140014541894
2025-12-31,SOFI,long,fintech_high_beta,filtered_out,44.53,0.0669,48.3,False,0.0588234908413753,-0.1287242475152741,-0.4213140014541894
2026-01-30,SOFI,short,fintech_high_beta,early_watchlist,48.51,0.5751,39.3,False,-0.0854887725228737,-0.1937746681184035,-0.1950898272590981
2026-01-30,SOFI,medium,fintech_high_beta,early_watchlist,49.66,0.656,43.1,False,-0.0854887725228737,-0.1937746681184035,-0.1950898272590981
2026-01-30,SOFI,long,fintech_high_beta,early_watchlist,45.28,0.1056,48.61,False,-0.0854887725228737,-0.1937746681184035,-0.1950898272590981
2026-03-02,SOFI,short,fintech_high_beta,early_watchlist,47.36,0.5736,35.71,False,0.0217510352993304,-0.1761827013948641,-0.1207177480714931
2026-03-02,SOFI,medium,fintech_high_beta,early_watchlist,48.6,0.6544,39.79,False,0.0217510352993304,-0.1761827013948641,-0.1207177480714931
2026-03-02,SOFI,long,fintech_high_beta,filtered_out,44.24,0.1031,45.57,False,0.0217510352993304,-0.1761827013948641,-0.1207177480714931
2026-03-30,SOFI,short,fintech_high_beta,early_watchlist,46.98,0.5732,34.5,False,0.0633664036959507,0.211881258920632,0.1419141698129526
2026-03-30,SOFI,medium,fintech_high_beta,early_watchlist,48.5,0.6543,39.5,False,0.0633664036959507,0.211881258920632,0.1419141698129526
2026-03-30,SOFI,long,fintech_high_beta,filtered_out,44.16,0.1035,45.12,False,0.0633664036959507,0.211881258920632,0.1419141698129526
2025-03-17,AFRM,short,fintech_high_beta,early_watchlist,46.19,0.4656,42.66,False,0.0954962868741482,-0.1497080992960309,0.3240200419553076
2025-03-17,AFRM,medium,fintech_high_beta,filtered_out,42.1,0.2377,43.1,False,0.0954962868741482,-0.1497080992960309,0.3240200419553076
2025-03-17,AFRM,long,fintech_high_beta,filtered_out,43.2,0.05,51.38,False,0.0954962868741482,-0.1497080992960309,0.3240200419553076
2025-04-14,AFRM,short,fintech_high_beta,early_watchlist,46.31,0.4658,43.04,False,0.0745463709300229,0.3227072153345223,0.5870525541447558
2025-04-14,AFRM,medium,fintech_high_beta,filtered_out,40.95,0.2354,39.5,False,0.0745463709300229,0.3227072153345223,0.5870525541447558
2025-04-14,AFRM,long,fintech_high_beta,filtered_out,41.2,0.05,45.12,False,0.0745463709300229,0.3227072153345223,0.5870525541447558
2025-05-13,AFRM,short,fintech_high_beta,early_watchlist,57.76,0.5369,59.46,False,-0.0778642390651176,0.1772339936352402,0.3409344396097127
2025-05-13,AFRM,medium,fintech_high_beta,early_watchlist,48.75,0.2561,58.63,False,-0.0778642390651176,0.1772339936352402,0.3409344396097127
2025-05-13,AFRM,long,fintech_high_beta,filtered_out,43.03,0.05,45.6,False,-0.0778642390651176,0.1772339936352402,0.3409344396097127
2025-06-11,AFRM,short,fintech_high_beta,early_watchlist,63.98,0.6588,68.56,False,-0.0286614125169167,0.019212617648868,0.3524409016286294
2025-06-11,AFRM,medium,fintech_high_beta,early_watchlist,58.01,0.3616,63.38,False,-0.0286614125169167,0.019212617648868,0.3524409016286294
2025-06-11,AFRM,long,fintech_high_beta,early_watchlist,48.22,0.05,58.11,False,-0.0286614125169167,0.019212617648868,0.3524409016286294
2025-07-11,AFRM,short,fintech_high_beta,early_watchlist,48.36,0.5894,43.57,False,0.0645859120261982,0.1175834435540341,0.172126068905031
2025-07-11,AFRM,medium,fintech_high_beta,early_watchlist,53.94,0.4025,57.01,False,0.0645859120261982,0.1175834435540341,0.172126068905031
2025-07-11,AFRM,long,fintech_high_beta,early_watchlist,53.19,0.05,58.92,False,0.0645859120261982,0.1175834435540341,0.172126068905031
2025-08-08,AFRM,short,fintech_high_beta,early_watchlist,60.05,0.4706,55.42,False,0.0883450743520499,0.1873357538966027,-0.0034563803908638
2025-08-08,AFRM,medium,fintech_high_beta,early_watchlist,59.06,0.211,65.37,False,0.0883450743520499,0.1873357538966027,-0.0034563803908638
2025-08-08,AFRM,long,fintech_high_beta,early_watchlist,57.49,0.05,62.01,False,0.0883450743520499,0.1873357538966027,-0.0034563803908638
2025-09-08,AFRM,short,fintech_high_beta,early_watchlist,53.68,0.4178,50.99,False,0.0413367858091835,-0.1166743940792058,-0.2196087705347585
2025-09-08,AFRM,medium,fintech_high_beta,early_watchlist,57.28,0.2769,62.9,False,0.0413367858091835,-0.1166743940792058,-0.2196087705347585
2025-09-08,AFRM,long,fintech_high_beta,early_watchlist,58.59,0.3092,61.38,False,0.0413367858091835,-0.1166743940792058,-0.2196087705347585
2025-10-06,AFRM,short,fintech_high_beta,filtered_out,43.76,0.4307,34.5,False,-0.035328239963263,-0.0498286151975204,-0.0188505179761446
2025-10-06,AFRM,medium,fintech_high_beta,filtered_out,42.33,0.1754,44.9,False,-0.035328239963263,-0.0498286151975204,-0.0188505179761446
2025-10-06,AFRM,long,fintech_high_beta,early_watchlist,50.14,0.1415,60.24,False,-0.035328239963263,-0.0498286151975204,-0.0188505179761446
2025-11-03,AFRM,short,fintech_high_beta,early_watchlist,45.96,0.4367,34.5,False,0.0556325527881478,-0.0701998482165443,-0.1634295545885916
2025-11-03,AFRM,medium,fintech_high_beta,filtered_out,42.8,0.1803,39.5,False,0.0556325527881478,-0.0701998482165443,-0.1634295545885916
2025-11-03,AFRM,long,fintech_high_beta,filtered_out,44.16,0.1879,48.88,False,0.0556325527881478,-0.0701998482165443,-0.1634295545885916
2025-12-02,AFRM,short,fintech_high_beta,early_watchlist,46.58,0.4353,36.77,False,0.0208893105938963,0.1105640709230919,-0.3036406967087847
2025-12-02,AFRM,medium,fintech_high_beta,filtered_out,42.91,0.1779,40.05,False,0.0208893105938963,0.1105640709230919,-0.3036406967087847
2025-12-02,AFRM,long,fintech_high_beta,filtered_out,43.29,0.05,46.61,False,0.0208893105938963,0.1105640709230919,-0.3036406967087847
2025-12-31,AFRM,short,fintech_high_beta,early_watchlist,51.09,0.4459,45.28,False,0.0964664822751115,-0.1898428188926482,-0.4218729194831856
2025-12-31,AFRM,medium,fintech_high_beta,early_watchlist,48.32,0.1948,51.49,False,0.0964664822751115,-0.1898428188926482,-0.4218729194831856
2025-12-31,AFRM,long,fintech_high_beta,early_watchlist,45.06,0.0714,45.75,False,0.0964664822751115,-0.1898428188926482,-0.4218729194831856
2026-01-30,AFRM,short,fintech_high_beta,early_watchlist,47.13,0.3729,34.59,False,-0.0542288639989554,-0.2260365048186965,0.0474295297933238
2026-01-30,AFRM,medium,fintech_high_beta,filtered_out,44.55,0.0861,39.78,False,-0.0542288639989554,-0.2260365048186965,0.0474295297933238
2026-01-30,AFRM,long,fintech_high_beta,early_watchlist,45.31,0.05,45.38,False,-0.0542288639989554,-0.2260365048186965,0.0474295297933238
2026-03-02,AFRM,short,fintech_high_beta,early_watchlist,47.1,0.3729,34.5,False,0.0887080215722078,-0.0779944189513709,0.5093208743315902
2026-03-02,AFRM,medium,fintech_high_beta,filtered_out,44.46,0.0859,39.5,False,0.0887080215722078,-0.0779944189513709,0.5093208743315902
2026-03-02,AFRM,long,fintech_high_beta,early_watchlist,45.22,0.05,45.12,False,0.0887080215722078,-0.0779944189513709,0.5093208743315902
2026-03-30,AFRM,short,fintech_high_beta,early_watchlist,47.1,0.3729,34.5,False,0.1015571199291918,0.467813191707559,0.7859632966361161
2026-03-30,AFRM,medium,fintech_high_beta,filtered_out,44.46,0.0859,39.5,False,0.1015571199291918,0.467813191707559,0.7859632966361161
2026-03-30,AFRM,long,fintech_high_beta,early_watchlist,45.22,0.05,45.12,False,0.1015571199291918,0.467813191707559,0.7859632966361161
2025-03-17,UPST,short,fintech_high_beta,filtered_out,42.61,0.3259,40.28,False,0.1019184328699436,-0.2014388818271759,0.1566746604545954
2025-03-17,UPST,medium,fintech_high_beta,filtered_out,41.05,0.1808,39.56,False,0.1019184328699436,-0.2014388818271759,0.1566746604545954
2025-03-17,UPST,long,fintech_high_beta,filtered_out,41.42,0.4518,48.88,False,0.1019184328699436,-0.2014388818271759,0.1566746604545954
2025-04-14,UPST,short,fintech_high_beta,filtered_out,42.61,0.3259,40.27,False,0.0492993309769271,0.3433433817578424,0.8923925044824603
2025-04-14,UPST,medium,fintech_high_beta,filtered_out,41.03,0.1808,39.5,False,0.0492993309769271,0.3433433817578424,0.8923925044824603
2025-04-14,UPST,long,fintech_high_beta,filtered_out,40.22,0.449,45.12,False,0.0492993309769271,0.3433433817578424,0.8923925044824603
2025-05-13,UPST,short,fintech_high_beta,early_watchlist,52.43,0.3451,58.14,False,-0.1311475572932988,0.0782414444683692,0.2809240265522257
2025-05-13,UPST,medium,fintech_high_beta,early_watchlist,46.79,0.1934,57.5,False,-0.1311475572932988,0.0782414444683692,0.2809240265522257
2025-05-13,UPST,long,fintech_high_beta,filtered_out,40.22,0.449,45.12,False,-0.1311475572932988,0.0782414444683692,0.2809240265522257
2025-06-11,UPST,short,fintech_high_beta,early_watchlist,55.69,0.3768,64.83,False,0.0207325629024652,0.3064962223754925,0.1786454727327908
2025-06-11,UPST,medium,fintech_high_beta,early_watchlist,47.6,0.199,56.3,False,0.0207325629024652,0.3064962223754925,0.1786454727327908
2025-06-11,UPST,long,fintech_high_beta,filtered_out,44.75,0.4631,55.59,False,0.0207325629024652,0.3064962223754925,0.1786454727327908
2025-07-11,UPST,short,fintech_high_beta,early_watchlist,54.53,0.5312,56.14,False,0.0362337710162723,-0.0907167463791401,-0.3042845979964012
2025-07-11,UPST,medium,fintech_high_beta,early_watchlist,56.53,0.6536,62.9,False,0.0362337710162723,-0.0907167463791401,-0.3042845979964012
2025-07-11,UPST,long,fintech_high_beta,early_watchlist,45.4,0.4646,57.62,False,0.0362337710162723,-0.0907167463791401,-0.3042845979964012
2025-08-08,UPST,short,fintech_high_beta,filtered_out,44.62,0.312,39.14,False,-0.067917476050792,-0.0078534162121965,-0.3086096649424339
2025-08-08,UPST,medium,fintech_high_beta,early_watchlist,46.29,0.2329,45.91,False,-0.067917476050792,-0.0078534162121965,-0.3086096649424339
2025-08-08,UPST,long,fintech_high_beta,early_watchlist,51.64,0.4782,61.38,False,-0.067917476050792,-0.0078534162121965,-0.3086096649424339
2025-09-08,UPST,short,fintech_high_beta,filtered_out,40.69,0.2984,37.23,False,-0.0181764561943927,-0.2288185331432434,-0.3740838463957542
2025-09-08,UPST,medium,fintech_high_beta,filtered_out,42.64,0.2185,44.9,False,-0.0181764561943927,-0.2288185331432434,-0.3740838463957542
2025-09-08,UPST,long,fintech_high_beta,early_watchlist,49.3,0.4663,61.38,False,-0.0181764561943927,-0.2288185331432434,-0.3740838463957542
2025-10-06,UPST,short,fintech_high_beta,filtered_out,41.65,0.2117,34.5,False,-0.0572134974588504,-0.096369504580972,-0.1687892219177812
2025-10-06,UPST,medium,fintech_high_beta,filtered_out,43.12,0.2235,39.5,False,-0.0572134974588504,-0.096369504580972,-0.1687892219177812
2025-10-06,UPST,long,fintech_high_beta,filtered_out,42.21,0.1245,48.47,False,-0.0572134974588504,-0.096369504580972,-0.1687892219177812
2025-11-03,UPST,short,fintech_high_beta,filtered_out,41.65,0.2117,34.5,False,-0.1844762366190709,-0.1018090041939201,-0.1743794858199023
2025-11-03,UPST,medium,fintech_high_beta,filtered_out,43.12,0.2235,39.5,False,-0.1844762366190709,-0.1018090041939201,-0.1743794858199023
2025-11-03,UPST,long,fintech_high_beta,filtered_out,41.17,0.05,45.21,False,-0.1844762366190709,-0.1018090041939201,-0.1743794858199023
2025-12-02,UPST,short,fintech_high_beta,early_watchlist,49.13,0.2276,52.62,False,0.0889929547813654,0.0241217508405957,-0.3377049137856099
2025-12-02,UPST,medium,fintech_high_beta,filtered_out,44.8,0.2315,39.5,False,0.0889929547813654,0.0241217508405957,-0.3377049137856099
2025-12-02,UPST,long,fintech_high_beta,filtered_out,42.82,0.05,45.12,False,0.0889929547813654,0.0241217508405957,-0.3377049137856099
2025-12-31,UPST,short,fintech_high_beta,filtered_out,43.78,0.2162,41.7,False,0.1573290907874405,-0.1024468234423224,-0.4461468198744944
2025-12-31,UPST,medium,fintech_high_beta,filtered_out,43.53,0.223,41.31,False,0.1573290907874405,-0.1024468234423224,-0.4461468198744944
2025-12-31,UPST,long,fintech_high_beta,filtered_out,40.97,0.05,45.12,False,0.1573290907874405,-0.1024468234423224,-0.4461468198744944
2026-01-30,UPST,short,fintech_high_beta,filtered_out,42.03,0.2352,36.71,False,-0.0257324413129478,-0.2794904283657196,-0.1628025322203423
2026-01-30,UPST,medium,fintech_high_beta,filtered_out,43.68,0.2233,41.79,False,-0.0257324413129478,-0.2794904283657196,-0.1628025322203423
2026-01-30,UPST,long,fintech_high_beta,filtered_out,40.97,0.05,45.31,False,-0.0257324413129478,-0.2794904283657196,-0.1628025322203423
2026-03-02,UPST,short,fintech_high_beta,filtered_out,42.64,0.2347,38.82,False,-0.012729865686374,-0.1435644015103665,0.0862800059216832
2026-03-02,UPST,medium,fintech_high_beta,filtered_out,42.88,0.2204,39.5,False,-0.012729865686374,-0.1435644015103665,0.0862800059216832
2026-03-02,UPST,long,fintech_high_beta,filtered_out,41.06,0.05,45.61,False,-0.012729865686374,-0.1435644015103665,0.0862800059216832
2026-03-30,UPST,short,fintech_high_beta,filtered_out,41.26,0.2324,34.5,False,0.0920727296782117,0.3567300388911705,0.3612717652937351
2026-03-30,UPST,medium,fintech_high_beta,filtered_out,42.88,0.2204,39.5,False,0.0920727296782117,0.3567300388911705,0.3612717652937351
2026-03-30,UPST,long,fintech_high_beta,filtered_out,40.91,0.05,45.12,False,0.0920727296782117,0.3567300388911705,0.3612717652937351
2025-03-17,COST,short,defensive_quality,filtered_out,40.15,0.186,34.5,False,0.0102879523000869,0.068415281743134,0.0888805538277139
2025-03-17,COST,medium,defensive_quality,early_watchlist,43.77,0.3582,40.91,False,0.0102879523000869,0.068415281743134,0.0888805538277139
2025-03-17,COST,long,defensive_quality,early_watchlist,42.19,0.05,46.91,False,0.0102879523000869,0.068415281743134,0.0888805538277139
2025-04-14,COST,short,defensive_quality,filtered_out,41.08,0.1791,48.03,False,-9.193828048303931e-05,0.0214553195959761,-0.0078889320304998
2025-04-14,COST,medium,defensive_quality,filtered_out,41.57,0.3444,44.63,False,-9.193828048303931e-05,0.0214553195959761,-0.0078889320304998
2025-04-14,COST,long,defensive_quality,early_watchlist,51.03,0.05,49.79,False,-9.193828048303931e-05,0.0214553195959761,-0.0078889320304998
2025-05-13,COST,short,defensive_quality,early_watchlist,42.82,0.1922,42.66,False,0.0378265331857585,-0.0022522061735074,-0.0167071698834238
2025-05-13,COST,medium,defensive_quality,early_watchlist,45.57,0.3639,46.3,False,0.0378265331857585,-0.0022522061735074,-0.0167071698834238
2025-05-13,COST,long,defensive_quality,early_watchlist,46.41,0.5608,47.66,False,0.0378265331857585,-0.0022522061735074,-0.0167071698834238
2025-06-11,COST,short,defensive_quality,filtered_out,38.08,0.2588,35.83,False,-0.0219506648685358,-0.0265354427728817,-0.0236598579529203
2025-06-11,COST,medium,defensive_quality,filtered_out,41.49,0.3482,43.91,False,-0.0219506648685358,-0.0265354427728817,-0.0236598579529203
2025-06-11,COST,long,defensive_quality,early_watchlist,56.14,0.5726,52.07,False,-0.0219506648685358,-0.0265354427728817,-0.0236598579529203
2025-07-11,COST,short,defensive_quality,filtered_out,40.97,0.2716,34.5,False,-0.0199726154185593,0.0123762595439933,-0.059905448172978
2025-07-11,COST,medium,defensive_quality,early_watchlist,43.73,0.3601,40.53,False,-0.0199726154185593,0.0123762595439933,-0.059905448172978
2025-07-11,COST,long,defensive_quality,early_watchlist,42.48,0.2414,45.12,False,-0.0199726154185593,0.0123762595439933,-0.059905448172978
2025-08-08,COST,short,defensive_quality,early_watchlist,44.18,0.2779,41.4,False,-0.0091134078050674,-0.0093071027109726,-0.0526280930967697
2025-08-08,COST,medium,defensive_quality,early_watchlist,44.77,0.3622,40.67,False,-0.0091134078050674,-0.0093071027109726,-0.0526280930967697
2025-08-08,COST,long,defensive_quality,early_watchlist,44.57,0.2681,45.54,False,-0.0091134078050674,-0.0093071027109726,-0.0526280930967697
2025-09-08,COST,short,defensive_quality,early_watchlist,43.23,0.276,38.44,False,-0.0120903062925106,-0.0626742799623729,-0.049920737758501
2025-09-08,COST,medium,defensive_quality,early_watchlist,44.69,0.3621,40.41,False,-0.0120903062925106,-0.0626742799623729,-0.049920737758501
2025-09-08,COST,long,defensive_quality,early_watchlist,43.62,0.174,45.62,False,-0.0120903062925106,-0.0626742799623729,-0.049920737758501
2025-10-06,COST,short,defensive_quality,filtered_out,41.97,0.2735,34.5,False,0.0270271070432179,0.0202131537128906,-0.0520120735921493
2025-10-06,COST,medium,defensive_quality,early_watchlist,44.4,0.3615,39.5,False,0.0270271070432179,0.0202131537128906,-0.0520120735921493
2025-10-06,COST,long,defensive_quality,early_watchlist,43.39,0.1573,45.22,False,0.0270271070432179,0.0202131537128906,-0.0520120735921493
2025-11-03,COST,short,defensive_quality,early_watchlist,42.73,0.275,36.87,False,-0.0134476636797332,-0.0064759466628395,0.0145409042529405
2025-11-03,COST,medium,defensive_quality,early_watchlist,45.3,0.3633,42.33,False,-0.0134476636797332,-0.0064759466628395,0.0145409042529405
2025-11-03,COST,long,defensive_quality,early_watchlist,43.59,0.1591,45.75,False,-0.0134476636797332,-0.0064759466628395,0.0145409042529405
2025-12-02,COST,short,defensive_quality,early_watchlist,43.57,0.2337,39.87,False,-0.0364305215747774,-0.0647375424121711,0.0890534113219851
2025-12-02,COST,medium,defensive_quality,early_watchlist,44.41,0.3615,39.55,False,-0.0364305215747774,-0.0647375424121711,0.0890534113219851
2025-12-02,COST,long,defensive_quality,early_watchlist,43.32,0.05,45.12,False,-0.0364305215747774,-0.0647375424121711,0.0890534113219851
2025-12-31,COST,short,defensive_quality,early_watchlist,42.13,0.2309,35.38,False,0.0614257603932639,0.0918366644400849,0.1572481977073945
2025-12-31,COST,medium,defensive_quality,early_watchlist,44.4,0.3615,39.5,False,0.0614257603932639,0.0918366644400849,0.1572481977073945
2025-12-31,COST,long,defensive_quality,early_watchlist,43.32,0.05,45.12,False,0.0614257603932639,0.0918366644400849,0.1572481977073945
2026-01-30,COST,short,defensive_quality,filtered_out,41.52,0.2334,41.84,False,0.0647806128104007,0.066492987105349,0.0571656470712131
2026-01-30,COST,medium,defensive_quality,early_watchlist,49.02,0.3639,50.67,False,0.0647806128104007,0.066492987105349,0.0571656470712131
2026-01-30,COST,long,defensive_quality,filtered_out,40.73,0.05,47.39,False,0.0647806128104007,0.066492987105349,0.0571656470712131
2026-03-02,COST,short,defensive_quality,early_watchlist,49.59,0.2082,39.8,False,0.0025229831876094,-0.0061729000847821,0.0023698035893764
2026-03-02,COST,medium,defensive_quality,early_watchlist,52.18,0.2984,54.79,False,0.0025229831876094,-0.0061729000847821,0.0023698035893764
2026-03-02,COST,long,defensive_quality,early_watchlist,48.82,0.05,55.61,False,0.0025229831876094,-0.0061729000847821,0.0023698035893764
2026-03-30,COST,short,defensive_quality,filtered_out,40.67,0.1352,40.12,False,0.0166870610707881,-0.0025888861650009,-0.0531545985788174
2026-03-30,COST,medium,defensive_quality,early_watchlist,42.84,0.2786,46.01,False,0.0166870610707881,-0.0025888861650009,-0.0531545985788174
2026-03-30,COST,long,defensive_quality,early_watchlist,48.9,0.05,56.51,False,0.0166870610707881,-0.0025888861650009,-0.0531545985788174
2025-03-17,WMT,short,defensive_quality,early_watchlist,43.57,0.4404,34.5,False,0.0030900011918626,0.0860981069189219,0.1010215889828036
2025-03-17,WMT,medium,defensive_quality,early_watchlist,44.0,0.5037,39.69,False,0.0030900011918626,0.0860981069189219,0.1010215889828036
2025-03-17,WMT,long,defensive_quality,early_watchlist,42.51,0.4601,47.7,False,0.0030900011918626,0.0860981069189219,0.1010215889828036
2025-04-14,WMT,short,defensive_quality,early_watchlist,47.38,0.44,57.06,False,0.0012667904068772,0.0145868542307754,-0.0010741789999837
2025-04-14,WMT,medium,defensive_quality,early_watchlist,43.26,0.4931,48.06,False,0.0012667904068772,0.0145868542307754,-0.0010741789999837
2025-04-14,WMT,long,defensive_quality,early_watchlist,44.43,0.4573,49.46,False,0.0012667904068772,0.0145868542307754,-0.0010741789999837
2025-05-13,WMT,short,defensive_quality,early_watchlist,46.37,0.4484,42.94,False,0.0200251432602567,-0.0008342305236419,0.0818733429928728
2025-05-13,WMT,medium,defensive_quality,early_watchlist,46.2,0.5103,46.24,False,0.0200251432602567,-0.0008342305236419,0.0818733429928728
2025-05-13,WMT,long,defensive_quality,early_watchlist,48.44,0.7236,47.67,False,0.0200251432602567,-0.0008342305236419,0.0818733429928728
2025-06-11,WMT,short,defensive_quality,filtered_out,37.92,0.2083,34.92,False,-0.0074114732001427,-0.0146138331920641,0.0701344339348015
2025-06-11,WMT,medium,defensive_quality,early_watchlist,42.53,0.4951,45.16,False,-0.0074114732001427,-0.0146138331920641,0.0701344339348015
2025-06-11,WMT,long,defensive_quality,early_watchlist,58.17,0.7367,52.32,False,-0.0074114732001427,-0.0146138331920641,0.0701344339348015
2025-07-11,WMT,short,defensive_quality,filtered_out,41.1,0.2225,34.5,False,0.0068856425579668,0.0988348170281743,0.0904646510909608
2025-07-11,WMT,medium,defensive_quality,early_watchlist,44.83,0.5073,41.98,False,0.0068856425579668,0.0988348170281743,0.0904646510909608
2025-07-11,WMT,long,defensive_quality,early_watchlist,45.63,0.5647,45.39,False,0.0068856425579668,0.0988348170281743,0.0904646510909608
2025-08-08,WMT,short,defensive_quality,early_watchlist,50.2,0.3272,49.08,False,-0.0337072310123108,-0.0116757178176847,-0.0183431172389568
2025-08-08,WMT,medium,defensive_quality,early_watchlist,55.66,0.5309,53.05,False,-0.0337072310123108,-0.0116757178176847,-0.0183431172389568
2025-08-08,WMT,long,defensive_quality,early_watchlist,61.65,0.8279,55.92,False,-0.0337072310123108,-0.0116757178176847,-0.0183431172389568
2025-09-08,WMT,short,defensive_quality,filtered_out,40.89,0.1437,43.31,False,0.0137856691535456,0.0041063519721684,0.0990418687162031
2025-09-08,WMT,medium,defensive_quality,early_watchlist,44.34,0.5947,44.44,False,0.0137856691535456,0.0041063519721684,0.0990418687162031
2025-09-08,WMT,long,defensive_quality,early_watchlist,54.76,0.7783,54.03,False,0.0137856691535456,0.0041063519721684,0.0990418687162031
2025-10-06,WMT,short,defensive_quality,filtered_out,37.67,0.1328,37.63,False,-0.00564747885026,-0.0108081357116811,0.0870215604445849
2025-10-06,WMT,medium,defensive_quality,early_watchlist,54.17,0.6444,44.33,False,-0.00564747885026,-0.0108081357116811,0.0870215604445849
2025-10-06,WMT,long,defensive_quality,early_watchlist,53.3,0.7736,53.48,False,-0.00564747885026,-0.0108081357116811,0.0870215604445849
2025-11-03,WMT,short,defensive_quality,filtered_out,41.24,0.05,36.01,False,0.0081701167290129,0.1065065452728653,0.1751437608874133
2025-11-03,WMT,medium,defensive_quality,early_watchlist,45.64,0.4884,41.35,False,0.0081701167290129,0.1065065452728653,0.1751437608874133
2025-11-03,WMT,long,defensive_quality,early_watchlist,47.82,0.5009,47.13,False,0.0081701167290129,0.1065065452728653,0.1751437608874133
2025-12-02,WMT,short,defensive_quality,early_watchlist,52.1,0.0706,53.26,False,0.023574321752785,-0.0068756390072052,0.1329871718556747
2025-12-02,WMT,medium,defensive_quality,early_watchlist,56.07,0.4373,56.3,False,0.023574321752785,-0.0068756390072052,0.1329871718556747
2025-12-02,WMT,long,defensive_quality,early_watchlist,59.93,0.6355,57.86,False,0.023574321752785,-0.0068756390072052,0.1329871718556747
2025-12-31,WMT,short,defensive_quality,filtered_out,38.85,0.05,38.91,False,0.0148998282372985,0.0693832486299306,0.1107929581898796
2025-12-31,WMT,medium,defensive_quality,early_watchlist,43.04,0.3841,46.51,False,0.0148998282372985,0.0693832486299306,0.1107929581898796
2025-12-31,WMT,long,defensive_quality,early_watchlist,53.67,0.578,55.96,False,0.0148998282372985,0.0693832486299306,0.1107929581898796
2026-01-30,WMT,short,defensive_quality,early_watchlist,47.65,0.0852,41.33,False,0.1010575822648098,0.0668122174446073,0.0731227752464582
2026-01-30,WMT,medium,defensive_quality,early_watchlist,49.04,0.4061,54.46,False,0.1010575822648098,0.0668122174446073,0.0731227752464582
2026-01-30,WMT,long,defensive_quality,early_watchlist,56.06,0.62,60.07,False,0.1010575822648098,0.0668122174446073,0.0731227752464582
2026-03-02,WMT,short,defensive_quality,early_watchlist,45.81,0.2334,40.19,False,-0.021715235485777,-0.0263300642753036,-0.06365096138751
2026-03-02,WMT,medium,defensive_quality,early_watchlist,56.88,0.4446,54.96,False,-0.021715235485777,-0.0263300642753036,-0.06365096138751
2026-03-02,WMT,long,defensive_quality,early_watchlist,63.42,0.7498,61.09,False,-0.021715235485777,-0.0263300642753036,-0.06365096138751
2026-03-30,WMT,short,defensive_quality,filtered_out,40.16,0.1336,36.8,False,-0.0081781032816519,0.0331173879981119,-0.0607209778221327
2026-03-30,WMT,medium,defensive_quality,early_watchlist,42.75,0.4101,42.94,False,-0.0081781032816519,0.0331173879981119,-0.0607209778221327
2026-03-30,WMT,long,defensive_quality,early_watchlist,56.05,0.7269,56.9,False,-0.0081781032816519,0.0331173879981119,-0.0607209778221327
2025-03-17,PG,short,defensive_quality,filtered_out,35.57,0.4366,36.61,False,-0.0242106209294458,-0.0037109758090119,-0.0391111895183426
2025-03-17,PG,medium,defensive_quality,early_watchlist,49.23,0.4676,45.13,False,-0.0242106209294458,-0.0037109758090119,-0.0391111895183426
2025-03-17,PG,long,defensive_quality,filtered_out,38.75,0.4438,46.52,False,-0.0242106209294458,-0.0037109758090119,-0.0391111895183426
2025-04-14,PG,short,defensive_quality,filtered_out,37.29,0.4405,41.97,False,-0.0012035573445529,-0.0556412022498405,-0.0656363224584809
2025-04-14,PG,medium,defensive_quality,filtered_out,36.94,0.4397,40.88,False,-0.0012035573445529,-0.0556412022498405,-0.0656363224584809
2025-04-14,PG,long,defensive_quality,early_watchlist,51.21,0.4721,48.78,False,-0.0012035573445529,-0.0556412022498405,-0.0656363224584809
2025-05-13,PG,short,defensive_quality,filtered_out,38.33,0.4506,34.64,False,0.0435329502570847,0.0212939509087091,-0.0262724652977045
2025-05-13,PG,medium,defensive_quality,filtered_out,39.88,0.4541,39.5,False,0.0435329502570847,0.0212939509087091,-0.0262724652977045
2025-05-13,PG,long,defensive_quality,filtered_out,41.68,0.4582,45.12,False,0.0435329502570847,0.0212939509087091,-0.0262724652977045
2025-06-11,PG,short,defensive_quality,filtered_out,39.09,0.4523,37.03,False,-0.0252298641769781,-0.0312133241818896,-0.0124149702022897
2025-06-11,PG,medium,defensive_quality,filtered_out,40.39,0.4553,41.1,False,-0.0252298641769781,-0.0312133241818896,-0.0124149702022897
2025-06-11,PG,long,defensive_quality,filtered_out,41.74,0.4584,45.3,False,-0.0252298641769781,-0.0312133241818896,-0.0124149702022897
2025-07-11,PG,short,defensive_quality,filtered_out,38.28,0.4505,34.5,False,-0.0056626787460084,-0.0158562601371824,-0.0357301605087004
2025-07-11,PG,medium,defensive_quality,filtered_out,39.88,0.4541,39.5,False,-0.0056626787460084,-0.0158562601371824,-0.0357301605087004
2025-07-11,PG,long,defensive_quality,filtered_out,41.68,0.4582,45.12,False,-0.0056626787460084,-0.0158562601371824,-0.0357301605087004
2025-08-08,PG,short,defensive_quality,filtered_out,39.89,0.4541,36.4,False,0.0055371763924674,0.0358283821652116,-0.0290201303210351
2025-08-08,PG,medium,defensive_quality,filtered_out,40.88,0.4564,39.5,False,0.0055371763924674,0.0358283821652116,-0.0290201303210351
2025-08-08,PG,long,defensive_quality,early_watchlist,42.68,0.4605,45.12,False,0.0055371763924674,0.0358283821652116,-0.0290201303210351
2025-09-08,PG,short,defensive_quality,early_watchlist,46.75,0.4573,40.38,False,-0.0137098052812111,-0.0540847175622053,-0.0762845754076549
2025-09-08,PG,medium,defensive_quality,filtered_out,37.52,0.4363,44.2,False,-0.0137098052812111,-0.0540847175622053,-0.0762845754076549
2025-09-08,PG,long,defensive_quality,filtered_out,37.84,0.437,45.19,False,-0.0137098052812111,-0.0540847175622053,-0.0762845754076549
2025-10-06,PG,short,defensive_quality,filtered_out,39.28,0.4528,34.5,False,-0.0194133777374112,-0.0090079341468506,-0.0405413529906515
2025-10-06,PG,medium,defensive_quality,filtered_out,40.88,0.4564,39.5,False,-0.0194133777374112,-0.0090079341468506,-0.0405413529906515
2025-10-06,PG,long,defensive_quality,early_watchlist,42.68,0.4605,45.12,False,-0.0194133777374112,-0.0090079341468506,-0.0405413529906515
2025-11-03,PG,short,defensive_quality,filtered_out,39.53,0.4533,35.26,False,-0.0170248490077833,-0.0145926978353415,0.0326142769533175
2025-11-03,PG,medium,defensive_quality,filtered_out,41.09,0.4569,40.14,False,-0.0170248490077833,-0.0145926978353415,0.0326142769533175
2025-11-03,PG,long,defensive_quality,early_watchlist,42.84,0.4609,45.63,False,-0.0170248490077833,-0.0145926978353415,0.0326142769533175
2025-12-02,PG,short,defensive_quality,filtered_out,40.3,0.4556,37.48,False,-0.0427121999084786,-0.0174824703465785,0.1289656206814085
2025-12-02,PG,medium,defensive_quality,filtered_out,41.76,0.459,42.04,False,-0.0427121999084786,-0.0174824703465785,0.1289656206814085
2025-12-02,PG,long,defensive_quality,early_watchlist,43.41,0.4627,47.19,False,-0.0427121999084786,-0.0174824703465785,0.1289656206814085
2025-12-31,PG,short,defensive_quality,filtered_out,39.37,0.4535,34.59,False,-0.0124207370031265,0.0665520173663656,0.0170086536885647
2025-12-31,PG,medium,defensive_quality,filtered_out,40.95,0.4571,39.5,False,-0.0124207370031265,0.0665520173663656,0.0170086536885647
2025-12-31,PG,long,defensive_quality,early_watchlist,42.74,0.4612,45.12,False,-0.0124207370031265,0.0665520173663656,0.0170086536885647
2026-01-30,PG,short,defensive_quality,early_watchlist,45.04,0.4624,43.87,False,0.0487578988057408,0.0773538496820622,-0.009730186054342
2026-01-30,PG,medium,defensive_quality,early_watchlist,42.7,0.4571,49.35,False,0.0487578988057408,0.0773538496820622,-0.009730186054342
2026-01-30,PG,long,defensive_quality,early_watchlist,42.65,0.457,49.2,False,0.0487578988057408,0.0773538496820622,-0.009730186054342
2026-03-02,PG,short,defensive_quality,early_watchlist,42.52,0.2745,43.7,False,-0.0507002639411552,-0.1149165114034764,-0.0911833386863718
2026-03-02,PG,medium,defensive_quality,early_watchlist,53.22,0.2983,57.78,False,-0.0507002639411552,-0.1149165114034764,-0.0911833386863718
2026-03-02,PG,long,defensive_quality,early_watchlist,54.24,0.3006,58.38,False,-0.0507002639411552,-0.1149165114034764,-0.0911833386863718
2026-03-30,PG,short,defensive_quality,filtered_out,39.64,0.05,35.01,False,-0.0236318405317647,0.038510600642525,0.0338461224672772
2026-03-30,PG,medium,defensive_quality,filtered_out,41.64,0.05,41.58,False,-0.0236318405317647,0.038510600642525,0.0338461224672772
2026-03-30,PG,long,defensive_quality,early_watchlist,43.03,0.05,46.12,False,-0.0236318405317647,0.038510600642525,0.0338461224672772
2025-03-17,KO,short,defensive_quality,filtered_out,36.57,0.4388,39.71,False,-0.0166858037872342,0.0332286144086177,0.0278094100545942
2025-03-17,KO,medium,defensive_quality,early_watchlist,46.84,0.4622,52.84,False,-0.0166858037872342,0.0332286144086177,0.0278094100545942
2025-03-17,KO,long,defensive_quality,early_watchlist,47.46,0.4636,57.0,False,-0.0166858037872342,0.0332286144086177,0.0278094100545942
2025-04-14,KO,short,defensive_quality,early_watchlist,43.7,0.4551,45.06,False,0.0200139834072727,-0.0481709949758104,-0.0287538855975812
2025-04-14,KO,medium,defensive_quality,early_watchlist,43.78,0.4552,51.68,False,0.0200139834072727,-0.0481709949758104,-0.0287538855975812
2025-04-14,KO,long,defensive_quality,early_watchlist,49.9,0.4692,59.01,False,0.0200139834072727,-0.0481709949758104,-0.0287538855975812
2025-05-13,KO,short,defensive_quality,filtered_out,35.02,0.4353,34.88,False,0.0395880352962016,0.0450985123522269,0.0272637652505149
2025-05-13,KO,medium,defensive_quality,filtered_out,37.33,0.4406,42.1,False,0.0395880352962016,0.0450985123522269,0.0272637652505149
2025-05-13,KO,long,defensive_quality,early_watchlist,44.42,0.4567,49.05,False,0.0395880352962016,0.0450985123522269,0.0272637652505149
2025-06-11,KO,short,defensive_quality,early_watchlist,50.44,0.4723,36.9,False,-0.0328558964872069,-0.023632915580661,-0.0577296377091713
2025-06-11,KO,medium,defensive_quality,early_watchlist,54.91,0.4825,44.63,False,-0.0328558964872069,-0.023632915580661,-0.0577296377091713
2025-06-11,KO,long,defensive_quality,early_watchlist,50.96,0.4735,51.11,False,-0.0328558964872069,-0.023632915580661,-0.0577296377091713
2025-07-11,KO,short,defensive_quality,filtered_out,38.28,0.4505,34.5,False,-0.0002862185488035,0.0067267534731929,-0.0467020189804781
2025-07-11,KO,medium,defensive_quality,filtered_out,39.88,0.4541,39.5,False,-0.0002862185488035,0.0067267534731929,-0.0467020189804781
2025-07-11,KO,long,defensive_quality,early_watchlist,42.17,0.4593,46.66,False,-0.0002862185488035,0.0067267534731929,-0.0467020189804781
2025-08-08,KO,short,defensive_quality,filtered_out,40.37,0.454,38.36,False,-0.0059709856096948,-0.0413704958983074,-0.0262826426390654
2025-08-08,KO,medium,defensive_quality,filtered_out,41.01,0.4554,40.34,False,-0.0059709856096948,-0.0413704958983074,-0.0262826426390654
2025-08-08,KO,long,defensive_quality,early_watchlist,42.99,0.4599,46.55,False,-0.0059709856096948,-0.0413704958983074,-0.0262826426390654
2025-09-08,KO,short,defensive_quality,filtered_out,39.46,0.4532,35.04,False,-0.0105623487016645,-0.0122062546379928,0.0635053347534211
2025-09-08,KO,medium,defensive_quality,filtered_out,41.3,0.4574,40.81,False,-0.0105623487016645,-0.0122062546379928,0.0635053347534211
2025-09-08,KO,long,defensive_quality,early_watchlist,43.04,0.4613,46.24,False,-0.0105623487016645,-0.0122062546379928,0.0635053347534211
2025-10-06,KO,short,defensive_quality,filtered_out,39.31,0.4528,34.59,False,0.0105900400760248,0.0282905591891695,0.0650686512763927
2025-10-06,KO,medium,defensive_quality,filtered_out,40.88,0.4564,39.5,False,0.0105900400760248,0.0282905591891695,0.0650686512763927
2025-10-06,KO,long,defensive_quality,early_watchlist,42.68,0.4605,45.12,False,0.0105900400760248,0.0282905591891695,0.0650686512763927
2025-11-03,KO,short,defensive_quality,filtered_out,40.49,0.05,38.09,False,0.0375164074145304,0.0470262073044966,0.1083632195794592
2025-11-03,KO,medium,defensive_quality,filtered_out,41.73,0.4583,42.16,False,0.0375164074145304,0.0470262073044966,0.1083632195794592
2025-11-03,KO,long,defensive_quality,early_watchlist,42.69,0.4605,45.14,False,0.0375164074145304,0.0470262073044966,0.1083632195794592
2025-12-02,KO,short,defensive_quality,filtered_out,37.03,0.05,37.66,False,-0.0082073494615444,-0.0107542315658467,0.1351350700852067
2025-12-02,KO,medium,defensive_quality,early_watchlist,44.82,0.4582,48.89,False,-0.0082073494615444,-0.0107542315658467,0.1351350700852067
2025-12-02,KO,long,defensive_quality,early_watchlist,46.68,0.4624,51.39,False,-0.0082073494615444,-0.0107542315658467,0.1351350700852067
2025-12-31,KO,short,defensive_quality,filtered_out,36.11,0.05,34.56,False,-0.0077241512325199,0.0700901143604362,0.0984755185855614
2025-12-31,KO,medium,defensive_quality,filtered_out,38.42,0.4442,41.97,False,-0.0077241512325199,0.0700901143604362,0.0984755185855614
2025-12-31,KO,long,defensive_quality,early_watchlist,52.76,0.4768,50.07,False,-0.0077241512325199,0.0700901143604362,0.0984755185855614
2026-01-30,KO,short,defensive_quality,early_watchlist,45.89,0.05,48.01,False,0.0564096161837721,0.0723164989727742,0.0545211415014557
2026-01-30,KO,medium,defensive_quality,early_watchlist,54.34,0.7429,52.33,False,0.0564096161837721,0.0723164989727742,0.0545211415014557
2026-01-30,KO,long,defensive_quality,early_watchlist,55.71,0.7637,57.94,False,0.0564096161837721,0.0723164989727742,0.0545211415014557
2026-03-02,KO,short,defensive_quality,early_watchlist,43.48,0.05,43.71,False,-0.0301670174507956,-0.0427022412339788,0.0244480378480622
2026-03-02,KO,medium,defensive_quality,early_watchlist,61.12,0.7912,57.3,False,-0.0301670174507956,-0.0427022412339788,0.0244480378480622
2026-03-02,KO,long,defensive_quality,early_watchlist,63.81,0.8226,60.44,False,-0.0301670174507956,-0.0427022412339788,0.0244480378480622
2026-03-30,KO,short,defensive_quality,filtered_out,36.75,0.05,36.56,False,-0.0047199501607412,0.0272715502643179,0.061219612086584
2026-03-30,KO,medium,defensive_quality,early_watchlist,46.27,0.7477,44.02,False,-0.0047199501607412,0.0272715502643179,0.061219612086584
2026-03-30,KO,long,defensive_quality,early_watchlist,55.86,0.7945,55.06,False,-0.0047199501607412,0.0272715502643179,0.061219612086584
2025-03-17,PEP,short,defensive_quality,filtered_out,39.48,0.4521,38.64,False,-0.0323114272211119,-0.0303291109194293,-0.1322497546874305
2025-03-17,PEP,medium,defensive_quality,filtered_out,41.98,0.4578,46.45,False,-0.0323114272211119,-0.0303291109194293,-0.1322497546874305
2025-03-17,PEP,long,defensive_quality,filtered_out,41.55,0.4568,45.12,False,-0.0323114272211119,-0.0303291109194293,-0.1322497546874305
2025-04-14,PEP,short,defensive_quality,filtered_out,38.95,0.4509,36.99,False,-0.0224190954903469,-0.1120272315005388,-0.0681830053702843
2025-04-14,PEP,medium,defensive_quality,filtered_out,39.78,0.4528,39.56,False,-0.0224190954903469,-0.1120272315005388,-0.0681830053702843
2025-04-14,PEP,long,defensive_quality,filtered_out,41.73,0.4572,45.66,False,-0.0224190954903469,-0.1120272315005388,-0.0681830053702843
2025-05-13,PEP,short,defensive_quality,filtered_out,38.52,0.4505,35.45,False,0.0114343004152741,0.0077916135500468,0.1265698618642781
2025-05-13,PEP,medium,defensive_quality,filtered_out,39.94,0.4537,39.87,False,0.0114343004152741,0.0077916135500468,0.1265698618642781
2025-05-13,PEP,long,defensive_quality,filtered_out,41.58,0.4569,45.19,False,0.0114343004152741,0.0077916135500468,0.1265698618642781
2025-06-11,PEP,short,defensive_quality,filtered_out,38.35,0.4501,34.9,False,-0.0063894363435803,0.0412625274655091,0.1015877943173613
2025-06-11,PEP,medium,defensive_quality,filtered_out,40.02,0.4539,40.14,False,-0.0063894363435803,0.0412625274655091,0.1015877943173613
2025-06-11,PEP,long,defensive_quality,filtered_out,41.69,0.4577,45.35,False,-0.0063894363435803,0.0412625274655091,0.1015877943173613
2025-07-11,PEP,short,defensive_quality,filtered_out,39.88,0.4536,39.68,False,0.0589976171605719,0.0735620458877783,0.0429291075364479
2025-07-11,PEP,medium,defensive_quality,filtered_out,41.77,0.4579,45.58,False,0.0589976171605719,0.0735620458877783,0.0429291075364479
2025-07-11,PEP,long,defensive_quality,filtered_out,41.62,0.4575,45.12,False,0.0589976171605719,0.0735620458877783,0.0429291075364479
2025-08-08,PEP,short,defensive_quality,early_watchlist,46.76,0.05,45.54,False,0.0357413346287889,-0.0145565061850758,-0.0014135818120305
2025-08-08,PEP,medium,defensive_quality,early_watchlist,52.37,0.482,55.24,False,0.0357413346287889,-0.0145565061850758,-0.0014135818120305
2025-08-08,PEP,long,defensive_quality,early_watchlist,45.88,0.4672,55.32,False,0.0357413346287889,-0.0145565061850758,-0.0014135818120305
2025-09-08,PEP,short,defensive_quality,filtered_out,37.01,0.05,38.26,False,-0.0075506606952819,-0.0141838861298332,0.0486910251862362
2025-09-08,PEP,medium,defensive_quality,filtered_out,39.61,0.4458,46.08,False,-0.0075506606952819,-0.0141838861298332,0.0486910251862362
2025-09-08,PEP,long,defensive_quality,early_watchlist,47.49,0.4637,54.23,False,-0.0075506606952819,-0.0141838861298332,0.0486910251862362
2025-10-06,PEP,short,defensive_quality,filtered_out,35.73,0.05,34.5,False,0.0657838600673574,0.0279169220216242,0.037392736861636
2025-10-06,PEP,medium,defensive_quality,filtered_out,37.89,0.4411,40.99,False,0.0657838600673574,0.0279169220216242,0.037392736861636
2025-10-06,PEP,long,defensive_quality,early_watchlist,52.19,0.4736,49.29,False,0.0657838600673574,0.0279169220216242,0.037392736861636
2025-11-03,PEP,short,defensive_quality,filtered_out,41.1,0.05,40.47,False,-0.0068245533830625,0.034888647561549,0.0803110256510395
2025-11-03,PEP,medium,defensive_quality,early_watchlist,42.2,0.2445,43.62,False,-0.0068245533830625,0.034888647561549,0.0803110256510395
2025-11-03,PEP,long,defensive_quality,early_watchlist,43.73,0.4623,48.61,False,-0.0068245533830625,0.034888647561549,0.0803110256510395
2025-12-02,PEP,short,defensive_quality,filtered_out,35.9,0.05,38.96,False,-0.0171946564239952,-0.024804778673053,0.1366405525900969
2025-12-02,PEP,medium,defensive_quality,early_watchlist,48.89,0.2827,44.14,False,-0.0171946564239952,-0.024804778673053,0.1366405525900969
2025-12-02,PEP,long,defensive_quality,early_watchlist,44.47,0.4534,50.94,False,-0.0171946564239952,-0.024804778673053,0.1366405525900969
2025-12-31,PEP,short,defensive_quality,filtered_out,39.19,0.05,34.5,False,-0.0289158883245759,0.0704431840082866,0.1024321171446849
2025-12-31,PEP,medium,defensive_quality,filtered_out,41.25,0.2495,40.49,False,-0.0289158883245759,0.0704431840082866,0.1024321171446849
2025-12-31,PEP,long,defensive_quality,early_watchlist,43.58,0.4625,47.92,False,-0.0289158883245759,0.0704431840082866,0.1024321171446849
2026-01-30,PEP,short,defensive_quality,early_watchlist,49.86,0.05,51.69,False,0.1097441349038195,0.0888497629881108,0.026402995855393
2026-01-30,PEP,medium,defensive_quality,early_watchlist,44.58,0.05,51.46,False,0.1097441349038195,0.0888497629881108,0.026402995855393
2026-01-30,PEP,long,defensive_quality,early_watchlist,45.71,0.4674,54.6,False,0.1097441349038195,0.0888497629881108,0.026402995855393
2026-03-02,PEP,short,defensive_quality,early_watchlist,43.16,0.2321,42.47,False,-0.0257464760334562,-0.0541543410297883,-0.1089196008874459
2026-03-02,PEP,medium,defensive_quality,early_watchlist,54.82,0.2569,59.67,False,-0.0257464760334562,-0.0541543410297883,-0.1089196008874459
2026-03-02,PEP,long,defensive_quality,early_watchlist,55.79,0.3168,60.33,False,-0.0257464760334562,-0.0541543410297883,-0.1089196008874459
2026-03-30,PEP,short,defensive_quality,filtered_out,38.03,0.05,40.9,False,-0.0230200466001524,-0.0033798236895021,-0.1009571644170069
2026-03-30,PEP,medium,defensive_quality,filtered_out,39.76,0.05,45.72,False,-0.0230200466001524,-0.0033798236895021,-0.1009571644170069
2026-03-30,PEP,long,defensive_quality,early_watchlist,47.43,0.05,55.44,False,-0.0230200466001524,-0.0033798236895021,-0.1009571644170069
2025-03-17,MCD,short,defensive_quality,filtered_out,35.55,0.4365,36.53,False,0.0055928352637462,0.0398065378083876,-0.0017724451024453
2025-03-17,MCD,medium,defensive_quality,filtered_out,37.87,0.4418,43.77,False,0.0055928352637462,0.0398065378083876,-0.0017724451024453
2025-03-17,MCD,long,defensive_quality,early_watchlist,44.73,0.4574,48.73,False,0.0055928352637462,0.0398065378083876,-0.0017724451024453
2025-04-14,MCD,short,defensive_quality,early_watchlist,43.06,0.4536,43.26,False,0.0095231938384481,-0.0233492895298773,-0.045746279567283
2025-04-14,MCD,medium,defensive_quality,early_watchlist,43.22,0.454,49.05,False,0.0095231938384481,-0.0233492895298773,-0.045746279567283
2025-04-14,MCD,long,defensive_quality,early_watchlist,46.97,0.4625,56.03,False,0.0095231938384481,-0.0233492895298773,-0.045746279567283
2025-05-13,MCD,short,defensive_quality,filtered_out,35.29,0.4352,35.97,False,0.0359907012760489,-0.0170357119798872,-0.0048837852991932
2025-05-13,MCD,medium,defensive_quality,filtered_out,37.0,0.4391,41.33,False,0.0359907012760489,-0.0170357119798872,-0.0048837852991932
2025-05-13,MCD,long,defensive_quality,early_watchlist,44.17,0.4554,48.02,False,0.0359907012760489,-0.0170357119798872,-0.0048837852991932
2025-06-11,MCD,short,defensive_quality,filtered_out,38.17,0.4489,34.59,False,-0.0400702239013632,-0.0059989304385139,0.0426085158394349
2025-06-11,MCD,medium,defensive_quality,filtered_out,40.14,0.4534,40.75,False,-0.0400702239013632,-0.0059989304385139,0.0426085158394349
2025-06-11,MCD,long,defensive_quality,filtered_out,41.99,0.4576,46.55,False,-0.0400702239013632,-0.0059989304385139,0.0426085158394349
2025-07-11,MCD,short,defensive_quality,filtered_out,39.84,0.454,39.37,False,-0.0094694448957955,0.0184722755360826,-0.0072997980436804
2025-07-11,MCD,medium,defensive_quality,filtered_out,39.95,0.4543,39.7,False,-0.0094694448957955,0.0184722755360826,-0.0072997980436804
2025-07-11,MCD,long,defensive_quality,filtered_out,41.85,0.4586,45.66,False,-0.0094694448957955,0.0184722755360826,-0.0072997980436804
2025-08-08,MCD,short,defensive_quality,early_watchlist,46.67,0.4584,39.29,False,0.0113928900506801,0.0298766338200493,-0.0242181548614371
2025-08-08,MCD,medium,defensive_quality,filtered_out,37.19,0.4368,42.72,False,0.0113928900506801,0.0298766338200493,-0.0242181548614371
2025-08-08,MCD,long,defensive_quality,filtered_out,38.0,0.4386,45.25,False,0.0113928900506801,0.0298766338200493,-0.0242181548614371
2025-09-08,MCD,short,defensive_quality,early_watchlist,53.68,0.4802,38.6,False,-0.0343030266295105,-0.0535804690756555,-0.0328498032807572
2025-09-08,MCD,medium,defensive_quality,early_watchlist,50.06,0.472,46.55,False,-0.0343030266295105,-0.0535804690756555,-0.0328498032807572
2025-09-08,MCD,long,defensive_quality,early_watchlist,51.98,0.4764,49.38,False,-0.0343030266295105,-0.0535804690756555,-0.0328498032807572
2025-10-06,MCD,short,defensive_quality,filtered_out,39.75,0.4531,36.21,False,0.0137480694747607,0.0011146913101953,0.0385894015607988
2025-10-06,MCD,medium,defensive_quality,filtered_out,41.44,0.4569,41.51,False,0.0137480694747607,0.0011146913101953,0.0385894015607988
2025-10-06,MCD,long,defensive_quality,early_watchlist,42.79,0.46,45.73,False,0.0137480694747607,0.0011146913101953,0.0385894015607988
2025-11-03,MCD,short,defensive_quality,filtered_out,40.1,0.4539,37.31,False,0.0092114220248769,0.0207664694296212,0.0692386243138207
2025-11-03,MCD,medium,defensive_quality,filtered_out,41.34,0.4567,41.17,False,0.0092114220248769,0.0207664694296212,0.0692386243138207
2025-11-03,MCD,long,defensive_quality,early_watchlist,42.88,0.4597,46.18,False,0.0092114220248769,0.0207664694296212,0.0692386243138207
2025-12-02,MCD,short,defensive_quality,filtered_out,39.65,0.4523,36.11,False,0.0334862800054247,0.0163274510851474,0.1133945120021699
2025-12-02,MCD,medium,defensive_quality,filtered_out,41.45,0.4564,41.74,False,0.0334862800054247,0.0163274510851474,0.1133945120021699
2025-12-02,MCD,long,defensive_quality,early_watchlist,42.97,0.4599,46.47,False,0.0334862800054247,0.0163274510851474,0.1133945120021699
2025-12-31,MCD,short,defensive_quality,filtered_out,36.6,0.44,36.31,False,0.0106338767906986,0.0306580191442535,0.0151278401408629
2025-12-31,MCD,medium,defensive_quality,filtered_out,38.59,0.4446,42.51,False,0.0106338767906986,0.0306580191442535,0.0151278401408629
2025-12-31,MCD,long,defensive_quality,early_watchlist,52.12,0.4753,47.94,False,0.0106338767906986,0.0306580191442535,0.0151278401408629
2026-01-30,MCD,short,defensive_quality,filtered_out,36.01,0.4334,39.27,False,0.038603166731614,0.0629206233810766,-0.0665924635079255
2026-01-30,MCD,medium,defensive_quality,early_watchlist,48.48,0.4618,44.32,False,0.038603166731614,0.0629206233810766,-0.0665924635079255
2026-01-30,MCD,long,defensive_quality,filtered_out,39.67,0.4417,50.72,False,0.038603166731614,0.0629206233810766,-0.0665924635079255
2026-03-02,MCD,short,defensive_quality,early_watchlist,47.34,0.4605,43.26,False,-0.0064873502990143,-0.073372215172259,-0.1562950081093032
2026-03-02,MCD,medium,defensive_quality,early_watchlist,46.63,0.4588,52.79,False,-0.0064873502990143,-0.073372215172259,-0.1562950081093032
2026-03-02,MCD,long,defensive_quality,early_watchlist,47.25,0.4603,58.0,False,-0.0064873502990143,-0.073372215172259,-0.1562950081093032
2026-03-30,MCD,short,defensive_quality,filtered_out,39.4,0.4536,34.66,False,-0.0119275357440683,-0.0523125023526644,-0.1367641438203446
2026-03-30,MCD,medium,defensive_quality,filtered_out,41.62,0.4586,41.6,False,-0.0119275357440683,-0.0523125023526644,-0.1367641438203446
2026-03-30,MCD,long,defensive_quality,early_watchlist,43.38,0.4626,47.1,False,-0.0119275357440683,-0.0523125023526644,-0.1367641438203446
2025-03-17,MDLZ,short,defensive_quality,filtered_out,40.38,0.4529,41.89,False,-0.0021508870179843,0.056650027597864,0.0357642001096043
2025-03-17,MDLZ,medium,defensive_quality,early_watchlist,49.9,0.4745,54.12,False,-0.0021508870179843,0.056650027597864,0.0357642001096043
2025-03-17,MDLZ,long,defensive_quality,early_watchlist,43.36,0.4596,51.2,False,-0.0021508870179843,0.056650027597864,0.0357642001096043
2025-04-14,MDLZ,short,defensive_quality,early_watchlist,47.51,0.2779,44.59,False,-0.0001465369614752,-0.0609078727128041,-0.0095302565071896
2025-04-14,MDLZ,medium,defensive_quality,early_watchlist,49.58,0.4738,55.43,False,-0.0001465369614752,-0.0609078727128041,-0.0095302565071896
2025-04-14,MDLZ,long,defensive_quality,early_watchlist,45.47,0.465,57.62,False,-0.0001465369614752,-0.0609078727128041,-0.0095302565071896
2025-05-13,MDLZ,short,defensive_quality,filtered_out,35.14,0.2141,36.38,False,0.0269723039454909,0.0438101789236076,-0.0292837943145393
2025-05-13,MDLZ,medium,defensive_quality,filtered_out,38.02,0.4408,44.7,False,0.0269723039454909,0.0438101789236076,-0.0292837943145393
2025-05-13,MDLZ,long,defensive_quality,early_watchlist,44.61,0.4558,51.22,False,0.0269723039454909,0.0438101789236076,-0.0292837943145393
2025-06-11,MDLZ,short,defensive_quality,filtered_out,33.89,0.2081,36.56,False,-0.0089616729786098,0.010442223901713,-0.0683716730201683
2025-06-11,MDLZ,medium,defensive_quality,early_watchlist,47.62,0.4587,44.1,False,-0.0089616729786098,0.010442223901713,-0.0683716730201683
2025-06-11,MDLZ,long,defensive_quality,early_watchlist,43.13,0.4485,51.55,False,-0.0089616729786098,0.010442223901713,-0.0683716730201683
2025-07-11,MDLZ,short,defensive_quality,filtered_out,33.77,0.2079,36.18,False,0.0391485918366196,-0.0796367556118774,-0.0729802599541611
2025-07-11,MDLZ,medium,defensive_quality,early_watchlist,46.86,0.457,41.96,False,0.0391485918366196,-0.0796367556118774,-0.0729802599541611
2025-07-11,MDLZ,long,defensive_quality,filtered_out,37.93,0.4366,48.79,False,0.0391485918366196,-0.0796367556118774,-0.0729802599541611
2025-08-08,MDLZ,short,defensive_quality,filtered_out,38.95,0.2306,34.5,False,0.0040433525327037,0.0017790214890245,-0.076404718036234
2025-08-08,MDLZ,medium,defensive_quality,filtered_out,40.89,0.4546,40.18,False,0.0040433525327037,0.0017790214890245,-0.076404718036234
2025-08-08,MDLZ,long,defensive_quality,early_watchlist,42.68,0.4586,45.76,False,0.0040433525327037,0.0017790214890245,-0.076404718036234
2025-09-08,MDLZ,short,defensive_quality,filtered_out,39.21,0.2312,35.32,False,-0.005489196599358,0.0054437597118957,-0.0887860997026783
2025-09-08,MDLZ,medium,defensive_quality,filtered_out,40.72,0.4542,39.63,False,-0.005489196599358,0.0054437597118957,-0.0887860997026783
2025-09-08,MDLZ,long,defensive_quality,early_watchlist,42.47,0.4582,45.12,False,-0.005489196599358,0.0054437597118957,-0.0887860997026783
2025-10-06,MDLZ,short,defensive_quality,filtered_out,39.69,0.2323,36.82,False,-0.0098737951211597,-0.0830366242603399,-0.1206607248794487
2025-10-06,MDLZ,medium,defensive_quality,filtered_out,40.89,0.4546,40.16,False,-0.0098737951211597,-0.0830366242603399,-0.1206607248794487
2025-10-06,MDLZ,long,defensive_quality,early_watchlist,42.55,0.4584,45.35,False,-0.0098737951211597,-0.0830366242603399,-0.1206607248794487
2025-11-03,MDLZ,short,defensive_quality,filtered_out,39.03,0.2315,34.5,False,-0.007060905450375,-0.011650462888722,0.041629295309844
2025-11-03,MDLZ,medium,defensive_quality,filtered_out,40.8,0.4549,39.69,False,-0.007060905450375,-0.011650462888722,0.041629295309844
2025-11-03,MDLZ,long,defensive_quality,early_watchlist,42.63,0.4591,45.41,False,-0.007060905450375,-0.011650462888722,0.041629295309844
2025-12-02,MDLZ,short,defensive_quality,filtered_out,39.03,0.2315,34.5,False,-0.0335773715044056,-0.0297270634797637,0.0894165938869515
2025-12-02,MDLZ,medium,defensive_quality,filtered_out,40.74,0.4548,39.5,False,-0.0335773715044056,-0.0297270634797637,0.0894165938869515
2025-12-02,MDLZ,long,defensive_quality,early_watchlist,42.54,0.4589,45.12,False,-0.0335773715044056,-0.0297270634797637,0.0894165938869515
2025-12-31,MDLZ,short,defensive_quality,filtered_out,39.13,0.2317,34.83,False,0.0029722945988888,0.086197264151195,0.0821102779895879
2025-12-31,MDLZ,medium,defensive_quality,filtered_out,40.74,0.4548,39.5,False,0.0029722945988888,0.086197264151195,0.0821102779895879
2025-12-31,MDLZ,long,defensive_quality,early_watchlist,42.54,0.4589,45.12,False,0.0029722945988888,0.086197264151195,0.0821102779895879
2026-01-30,MDLZ,short,defensive_quality,early_watchlist,48.72,0.462,44.62,False,0.0265093290658671,0.0336924961094053,0.0098655737522159
2026-01-30,MDLZ,medium,defensive_quality,early_watchlist,43.05,0.4561,51.1,False,0.0265093290658671,0.0336924961094053,0.0098655737522159
2026-01-30,MDLZ,long,defensive_quality,early_watchlist,42.12,0.4539,48.18,False,0.0265093290658671,0.0336924961094053,0.0098655737522159
2026-03-02,MDLZ,short,defensive_quality,early_watchlist,47.86,0.4876,37.46,False,-0.0375579741717028,-0.0362343267440269,0.0388642888089683
2026-03-02,MDLZ,medium,defensive_quality,early_watchlist,45.48,0.4544,50.88,False,-0.0375579741717028,-0.0362343267440269,0.0388642888089683
2026-03-02,MDLZ,long,defensive_quality,filtered_out,40.38,0.4428,53.13,False,-0.0375579741717028,-0.0362343267440269,0.0388642888089683
2026-03-30,MDLZ,short,defensive_quality,early_watchlist,43.55,0.4894,39.23,False,-0.0041558721143458,0.0136797013036857,0.0597402619893967
2026-03-30,MDLZ,medium,defensive_quality,filtered_out,41.43,0.4564,41.65,False,-0.0041558721143458,0.0136797013036857,0.0597402619893967
2026-03-30,MDLZ,long,defensive_quality,early_watchlist,44.43,0.4632,51.05,False,-0.0041558721143458,0.0136797013036857,0.0597402619893967
2025-03-17,CL,short,defensive_quality,filtered_out,39.64,0.4517,39.39,False,0.002094617210981,0.0470731724237205,0.0211134466533817
2025-03-17,CL,medium,defensive_quality,filtered_out,41.54,0.4561,45.32,False,0.002094617210981,0.0470731724237205,0.0211134466533817
2025-03-17,CL,long,defensive_quality,filtered_out,41.57,0.4561,45.41,False,0.002094617210981,0.0470731724237205,0.0211134466533817
2025-04-14,CL,short,defensive_quality,filtered_out,38.15,0.4411,45.1,False,0.01438062872341,-0.0695775535547837,-0.0515788893963743
2025-04-14,CL,medium,defensive_quality,early_watchlist,43.84,0.4541,49.21,False,0.01438062872341,-0.0695775535547837,-0.0515788893963743
2025-04-14,CL,long,defensive_quality,filtered_out,40.36,0.4462,52.03,False,0.01438062872341,-0.0695775535547837,-0.0515788893963743
2025-05-13,CL,short,defensive_quality,filtered_out,38.44,0.4496,35.43,False,0.046768252970208,0.048133938473033,-0.030520752269029
2025-05-13,CL,medium,defensive_quality,filtered_out,40.4,0.454,41.56,False,0.046768252970208,0.048133938473033,-0.030520752269029
2025-05-13,CL,long,defensive_quality,filtered_out,41.99,0.4576,46.54,False,0.046768252970208,0.048133938473033,-0.030520752269029
2025-06-11,CL,short,defensive_quality,early_watchlist,44.86,0.457,39.02,False,-0.042557891145954,-0.0274672179393361,-0.0805035472623096
2025-06-11,CL,medium,defensive_quality,filtered_out,37.84,0.441,43.94,False,-0.042557891145954,-0.0274672179393361,-0.0805035472623096
2025-06-11,CL,long,defensive_quality,early_watchlist,50.92,0.4708,48.02,False,-0.042557891145954,-0.0274672179393361,-0.0805035472623096
2025-07-11,CL,short,defensive_quality,filtered_out,38.16,0.4489,34.56,False,-0.0247744036599432,-0.04891904728099,-0.1302253295739837
2025-07-11,CL,medium,defensive_quality,filtered_out,39.74,0.4525,39.5,False,-0.0247744036599432,-0.04891904728099,-0.1302253295739837
2025-07-11,CL,long,defensive_quality,filtered_out,41.7,0.457,45.62,False,-0.0247744036599432,-0.04891904728099,-0.1302253295739837
2025-08-08,CL,short,defensive_quality,filtered_out,39.59,0.4522,35.91,False,0.0044867859292909,-0.0059040039530797,-0.108717681190397
2025-08-08,CL,medium,defensive_quality,filtered_out,40.74,0.4548,39.5,False,0.0044867859292909,-0.0059040039530797,-0.108717681190397
2025-08-08,CL,long,defensive_quality,early_watchlist,42.54,0.4589,45.12,False,0.0044867859292909,-0.0059040039530797,-0.108717681190397
2025-09-08,CL,short,defensive_quality,filtered_out,39.18,0.4512,34.64,False,-0.0244684439262555,-0.0800569404299588,-0.0575074144840671
2025-09-08,CL,medium,defensive_quality,filtered_out,40.74,0.4548,39.5,False,-0.0244684439262555,-0.0800569404299588,-0.0575074144840671
2025-09-08,CL,long,defensive_quality,early_watchlist,42.54,0.4589,45.12,False,-0.0244684439262555,-0.0800569404299588,-0.0575074144840671
2025-10-06,CL,short,defensive_quality,filtered_out,39.52,0.452,35.68,False,-0.0060683833362966,-0.0254008702048652,0.0271115027413391
2025-10-06,CL,medium,defensive_quality,filtered_out,41.07,0.4555,40.55,False,-0.0060683833362966,-0.0254008702048652,0.0271115027413391
2025-10-06,CL,long,defensive_quality,early_watchlist,42.82,0.4595,46.0,False,-0.0060683833362966,-0.0254008702048652,0.0271115027413391
2025-11-03,CL,short,defensive_quality,filtered_out,39.68,0.4529,35.99,False,0.0465457391574506,0.0512136118852442,0.2115615401239889
2025-11-03,CL,medium,defensive_quality,filtered_out,41.41,0.4569,41.41,False,0.0465457391574506,0.0512136118852442,0.2115615401239889
2025-11-03,CL,long,defensive_quality,early_watchlist,43.03,0.46,46.65,False,0.0465457391574506,0.0512136118852442,0.2115615401239889
2025-12-02,CL,short,defensive_quality,filtered_out,40.72,0.4553,39.25,False,-0.0233442174302928,0.0025374341106443,0.242017455124291
2025-12-02,CL,medium,defensive_quality,early_watchlist,42.68,0.4598,45.36,False,-0.0233442174302928,0.0025374341106443,0.242017455124291
2025-12-02,CL,long,defensive_quality,early_watchlist,42.84,0.4601,45.87,False,-0.0233442174302928,0.0025374341106443,0.242017455124291
2025-12-31,CL,short,defensive_quality,filtered_out,34.7,0.4304,35.17,False,0.0234119083451938,0.1496189260334419,0.0915587226708343
2025-12-31,CL,medium,defensive_quality,early_watchlist,47.17,0.4588,40.48,False,0.0234119083451938,0.1496189260334419,0.0915587226708343
2025-12-31,CL,long,defensive_quality,filtered_out,38.33,0.4387,46.54,False,0.0234119083451938,0.1496189260334419,0.0915587226708343
2026-01-30,CL,short,defensive_quality,early_watchlist,59.16,0.7761,59.58,False,0.0456308077714584,0.0776387428839229,-0.045271666730718
2026-01-30,CL,medium,defensive_quality,early_watchlist,62.82,0.7898,63.56,False,0.0456308077714584,0.0776387428839229,-0.045271666730718
2026-01-30,CL,long,defensive_quality,early_watchlist,48.52,0.4763,60.12,False,0.0456308077714584,0.0776387428839229,-0.045271666730718
2026-03-02,CL,short,defensive_quality,early_watchlist,53.36,0.7703,44.17,False,-0.0441932548852281,-0.1189105463111233,-0.055936801157849
2026-03-02,CL,medium,defensive_quality,early_watchlist,56.47,0.7891,59.72,False,-0.0441932548852281,-0.1189105463111233,-0.055936801157849
2026-03-02,CL,long,defensive_quality,early_watchlist,55.45,0.7145,60.61,False,-0.0441932548852281,-0.1189105463111233,-0.055936801157849
2026-03-30,CL,short,defensive_quality,early_watchlist,42.9,0.6735,37.07,False,-0.0303278292171856,0.0055105037878109,0.0687730358006339
2026-03-30,CL,medium,defensive_quality,early_watchlist,45.64,0.6528,45.76,False,-0.0303278292171856,0.0055105037878109,0.0687730358006339
2026-03-30,CL,long,defensive_quality,early_watchlist,54.11,0.2483,53.99,False,-0.0303278292171856,0.0055105037878109,0.0687730358006339
2025-03-17,CLX,short,defensive_quality,filtered_out,37.86,0.4451,34.75,False,-0.0304519246325946,-0.0504614152915343,-0.1419932291008007
2025-03-17,CLX,medium,defensive_quality,filtered_out,39.46,0.4487,39.76,False,-0.0304519246325946,-0.0504614152915343,-0.1419932291008007
2025-03-17,CLX,long,defensive_quality,filtered_out,41.18,0.4526,45.12,False,-0.0304519246325946,-0.0504614152915343,-0.1419932291008007
2025-04-14,CLX,short,defensive_quality,filtered_out,38.31,0.4461,36.16,False,0.0077337594589221,-0.0243281434845992,-0.0943922426395987
2025-04-14,CLX,medium,defensive_quality,filtered_out,39.48,0.4487,39.81,False,0.0077337594589221,-0.0243281434845992,-0.0943922426395987
2025-04-14,CLX,long,defensive_quality,filtered_out,41.18,0.4526,45.12,False,0.0077337594589221,-0.0243281434845992,-0.0943922426395987
2025-05-13,CLX,short,defensive_quality,filtered_out,38.15,0.4463,35.45,False,-0.0060148388326847,-0.0738649509485693,-0.084060770669502
2025-05-13,CLX,medium,defensive_quality,filtered_out,39.44,0.4492,39.5,False,-0.0060148388326847,-0.0738649509485693,-0.084060770669502
2025-05-13,CLX,long,defensive_quality,filtered_out,41.24,0.4533,45.12,False,-0.0060148388326847,-0.0738649509485693,-0.084060770669502
2025-06-11,CLX,short,defensive_quality,filtered_out,37.84,0.4456,34.5,False,-0.0422144448558291,0.0022176250704986,0.007078693073226
2025-06-11,CLX,medium,defensive_quality,filtered_out,39.44,0.4492,39.5,False,-0.0422144448558291,0.0022176250704986,0.007078693073226
2025-06-11,CLX,long,defensive_quality,filtered_out,41.24,0.4533,45.12,False,-0.0422144448558291,0.0022176250704986,0.007078693073226
2025-07-11,CLX,short,defensive_quality,filtered_out,39.34,0.449,39.17,False,0.0144618395130697,-0.0131973571638394,-0.0526290054910593
2025-07-11,CLX,medium,defensive_quality,filtered_out,39.5,0.4493,39.67,False,0.0144618395130697,-0.0131973571638394,-0.0526290054910593
2025-07-11,CLX,long,defensive_quality,filtered_out,41.24,0.4533,45.12,False,0.0144618395130697,-0.0131973571638394,-0.0526290054910593
2025-08-08,CLX,short,defensive_quality,filtered_out,39.52,0.4494,36.62,False,-0.0116440267805336,0.0182890359328415,-0.1078291742004716
2025-08-08,CLX,medium,defensive_quality,filtered_out,40.44,0.4515,39.5,False,-0.0116440267805336,0.0182890359328415,-0.1078291742004716
2025-08-08,CLX,long,defensive_quality,early_watchlist,42.24,0.4556,45.12,False,-0.0116440267805336,0.0182890359328415,-0.1078291742004716
2025-09-08,CLX,short,defensive_quality,early_watchlist,42.41,0.456,45.65,False,-0.0242313796711622,-0.0572018704119384,-0.1499431603806564
2025-09-08,CLX,medium,defensive_quality,filtered_out,41.47,0.4538,42.71,False,-0.0242313796711622,-0.0572018704119384,-0.1499431603806564
2025-09-08,CLX,long,defensive_quality,early_watchlist,42.36,0.4558,45.49,False,-0.0242313796711622,-0.0572018704119384,-0.1499431603806564
2025-10-06,CLX,short,defensive_quality,filtered_out,39.47,0.4493,36.45,False,0.0143254437098461,-0.0706950773633953,-0.1414530734254562
2025-10-06,CLX,medium,defensive_quality,filtered_out,40.7,0.4521,40.31,False,0.0143254437098461,-0.0706950773633953,-0.1414530734254562
2025-10-06,CLX,long,defensive_quality,early_watchlist,42.36,0.4558,45.48,False,0.0143254437098461,-0.0706950773633953,-0.1414530734254562
2025-11-03,CLX,short,defensive_quality,filtered_out,40.02,0.4505,38.18,False,-0.0407732954986259,-0.0297782278092542,0.0448900672155792
2025-11-03,CLX,medium,defensive_quality,filtered_out,41.59,0.4541,43.1,False,-0.0407732954986259,-0.0297782278092542,0.0448900672155792
2025-11-03,CLX,long,defensive_quality,early_watchlist,43.04,0.4574,47.62,False,-0.0407732954986259,-0.0297782278092542,0.0448900672155792
2025-12-02,CLX,short,defensive_quality,filtered_out,39.54,0.4521,35.76,False,-0.0422137069421089,-0.0477855140833579,0.2108281295965768
2025-12-02,CLX,medium,defensive_quality,filtered_out,40.74,0.4548,39.5,False,-0.0422137069421089,-0.0477855140833579,0.2108281295965768
2025-12-02,CLX,long,defensive_quality,early_watchlist,42.54,0.4589,45.12,False,-0.0422137069421089,-0.0477855140833579,0.2108281295965768
2025-12-31,CLX,short,defensive_quality,filtered_out,40.02,0.4511,37.99,False,0.0339185295878914,0.1310057179422226,0.0270202014333202
2025-12-31,CLX,medium,defensive_quality,filtered_out,40.5,0.4522,39.5,False,0.0339185295878914,0.1310057179422226,0.0270202014333202
2025-12-31,CLX,long,defensive_quality,early_watchlist,42.3,0.4563,45.12,False,0.0339185295878914,0.1310057179422226,0.0270202014333202
2026-01-30,CLX,short,defensive_quality,early_watchlist,48.92,0.4713,50.3,False,0.0582499108193279,0.1243018290394186,-0.1327450194444003
2026-01-30,CLX,medium,defensive_quality,early_watchlist,46.46,0.4657,58.11,False,0.0582499108193279,0.1243018290394186,-0.1327450194444003
2026-01-30,CLX,long,defensive_quality,early_watchlist,44.0,0.4601,50.41,False,0.0582499108193279,0.1243018290394186,-0.1327450194444003
2026-03-02,CLX,short,defensive_quality,early_watchlist,55.18,0.7764,45.8,False,-0.1056698628576372,-0.1923349902189124,-0.2245554951070193
2026-03-02,CLX,medium,defensive_quality,early_watchlist,61.84,0.7749,62.9,False,-0.1056698628576372,-0.1923349902189124,-0.2245554951070193
2026-03-02,CLX,long,defensive_quality,early_watchlist,54.48,0.4893,57.94,False,-0.1056698628576372,-0.1923349902189124,-0.2245554951070193
2026-03-30,CLX,short,defensive_quality,early_watchlist,46.09,0.7503,34.5,False,0.0060535041878877,-0.0449356881652948,-0.0580851426536966
2026-03-30,CLX,medium,defensive_quality,filtered_out,41.47,0.05,42.77,False,0.0060535041878877,-0.0449356881652948,-0.0580851426536966
2026-03-30,CLX,long,defensive_quality,early_watchlist,42.77,0.4573,46.58,False,0.0060535041878877,-0.0449356881652948,-0.0580851426536966
2025-03-17,AAON,short,industrial_quality,filtered_out,42.35,0.3787,38.22,False,0.0111298720447006,0.0163319097313818,-0.0814173689954174
2025-03-17,AAON,medium,industrial_quality,filtered_out,39.36,0.05,39.5,False,0.0111298720447006,0.0163319097313818,-0.0814173689954174
2025-03-17,AAON,long,industrial_quality,filtered_out,41.18,0.4526,45.12,False,0.0111298720447006,0.0163319097313818,-0.0814173689954174
2025-04-14,AAON,short,industrial_quality,early_watchlist,46.98,0.3873,52.69,False,-0.0489228014557294,0.2611592262086815,-0.0845007465443223
2025-04-14,AAON,medium,industrial_quality,filtered_out,39.75,0.05,40.72,False,-0.0489228014557294,0.2611592262086815,-0.0845007465443223
2025-04-14,AAON,long,industrial_quality,filtered_out,41.24,0.4533,45.12,False,-0.0489228014557294,0.2611592262086815,-0.0845007465443223
2025-05-13,AAON,short,industrial_quality,early_watchlist,59.12,0.5234,62.43,False,-0.0134024717297663,-0.2833406907922788,-0.2392167136757377
2025-05-13,AAON,medium,industrial_quality,early_watchlist,47.99,0.05,57.5,False,-0.0134024717297663,-0.2833406907922788,-0.2392167136757377
2025-05-13,AAON,long,industrial_quality,early_watchlist,45.18,0.4703,48.68,False,-0.0134024717297663,-0.2833406907922788,-0.2392167136757377
2025-06-11,AAON,short,industrial_quality,filtered_out,43.37,0.3819,39.3,False,-0.0536584119200644,0.0129204202399311,0.067626543004732
2025-06-11,AAON,medium,industrial_quality,filtered_out,42.31,0.05,48.5,False,-0.0536584119200644,0.0129204202399311,0.067626543004732
2025-06-11,AAON,long,industrial_quality,filtered_out,42.04,0.4551,47.62,False,-0.0536584119200644,0.0129204202399311,0.067626543004732
2025-07-11,AAON,short,industrial_quality,filtered_out,44.78,0.3866,43.36,False,0.0242092164554859,0.0480280099318022,0.3533478546082775
2025-07-11,AAON,medium,industrial_quality,filtered_out,40.53,0.05,42.72,False,0.0242092164554859,0.0480280099318022,0.3533478546082775
2025-07-11,AAON,long,industrial_quality,filtered_out,41.9,0.4554,46.98,False,0.0242092164554859,0.0480280099318022,0.3533478546082775
2025-08-08,AAON,short,industrial_quality,early_watchlist,46.68,0.414,44.98,False,-0.0120466932231034,0.0057062432303305,0.1924731408916251
2025-08-08,AAON,medium,industrial_quality,filtered_out,42.56,0.05,45.93,False,-0.0120466932231034,0.0057062432303305,0.1924731408916251
2025-08-08,AAON,long,industrial_quality,filtered_out,42.74,0.4573,46.49,False,-0.0120466932231034,0.0057062432303305,0.1924731408916251
2025-09-08,AAON,short,industrial_quality,filtered_out,42.9,0.2691,36.81,False,0.0323936843035477,0.2840011206189632,0.1270627114229239
2025-09-08,AAON,medium,industrial_quality,filtered_out,41.05,0.05,41.22,False,0.0323936843035477,0.2840011206189632,0.1270627114229239
2025-09-08,AAON,long,industrial_quality,filtered_out,43.5,0.4584,49.07,False,0.0323936843035477,0.2840011206189632,0.1270627114229239
2025-10-06,AAON,short,industrial_quality,near_watchlist,64.32,0.4733,67.69,False,-0.0181993531411385,-0.0765528252841466,-0.2649871651011007
2025-10-06,AAON,medium,industrial_quality,early_watchlist,60.78,0.2641,63.58,False,-0.0181993531411385,-0.0765528252841466,-0.2649871651011007
2025-10-06,AAON,long,industrial_quality,early_watchlist,55.15,0.8072,58.52,False,-0.0181993531411385,-0.0765528252841466,-0.2649871651011007
2025-11-03,AAON,short,industrial_quality,early_watchlist,47.88,0.4048,43.91,False,0.1031282656587238,-0.0494595085448943,-0.0494595085448943
2025-11-03,AAON,medium,industrial_quality,early_watchlist,46.66,0.1603,50.69,False,0.1031282656587238,-0.0494595085448943,-0.0494595085448943
2025-11-03,AAON,long,industrial_quality,early_watchlist,62.91,0.8123,60.34,False,0.1031282656587238,-0.0494595085448943,-0.0494595085448943
2025-12-02,AAON,short,industrial_quality,filtered_out,40.5,0.3876,34.5,False,-0.1033384108014494,-0.1626399364344085,0.1501208224742813
2025-12-02,AAON,medium,industrial_quality,filtered_out,40.31,0.05,44.79,False,-0.1033384108014494,-0.1626399364344085,0.1501208224742813
2025-12-02,AAON,long,industrial_quality,early_watchlist,60.25,0.6767,56.16,False,-0.1033384108014494,-0.1626399364344085,0.1501208224742813
2025-12-31,AAON,short,industrial_quality,filtered_out,44.55,0.4012,36.79,False,0.0466884236661857,0.1942293924812532,0.0271279768125844
2025-12-31,AAON,medium,industrial_quality,filtered_out,42.13,0.0576,40.1,False,0.0466884236661857,0.1942293924812532,0.0271279768125844
2025-12-31,AAON,long,industrial_quality,early_watchlist,47.91,0.5229,45.83,False,0.0466884236661857,0.1942293924812532,0.0271279768125844
2026-01-30,AAON,short,industrial_quality,early_watchlist,47.47,0.3983,46.23,False,0.0589721967695886,0.1501208224742813,-0.0315074455774189
2026-01-30,AAON,medium,industrial_quality,early_watchlist,46.77,0.0671,54.61,False,0.0589721967695886,0.1501208224742813,-0.0315074455774189
2026-01-30,AAON,long,industrial_quality,early_watchlist,48.12,0.5233,46.48,False,0.0589721967695886,0.1501208224742813,-0.0315074455774189
2026-03-02,AAON,short,industrial_quality,early_watchlist,56.77,0.4752,55.03,False,-0.1374963869562552,-0.2521864388964961,0.3340564773480405
2026-03-02,AAON,medium,industrial_quality,early_watchlist,56.99,0.0912,65.63,False,-0.1374963869562552,-0.2521864388964961,0.3340564773480405
2026-03-02,AAON,long,industrial_quality,early_watchlist,61.71,0.6794,61.2,False,-0.1374963869562552,-0.2521864388964961,0.3340564773480405
2026-03-30,AAON,short,industrial_quality,filtered_out,44.65,0.4459,34.5,False,0.0340065678800505,0.1260546893872955,0.7048430428932639
2026-03-30,AAON,medium,industrial_quality,filtered_out,42.89,0.0592,42.48,False,0.0340065678800505,0.1260546893872955,0.7048430428932639
2026-03-30,AAON,long,industrial_quality,early_watchlist,45.6,0.3519,46.54,False,0.0340065678800505,0.1260546893872955,0.7048430428932639
2025-03-17,CARR,short,industrial_quality,filtered_out,41.23,0.4442,40.15,False,0.004879395509872,-0.1040958188881574,0.0751796469213916
2025-03-17,CARR,medium,industrial_quality,filtered_out,36.38,0.4331,43.95,False,0.004879395509872,-0.1040958188881574,0.0751796469213916
2025-03-17,CARR,long,industrial_quality,filtered_out,36.82,0.4347,45.12,False,0.004879395509872,-0.1040958188881574,0.0751796469213916
2025-04-14,CARR,short,industrial_quality,filtered_out,40.19,0.453,41.11,False,-0.0184848948063488,0.236035959817759,0.2686546281457069
2025-04-14,CARR,medium,industrial_quality,filtered_out,39.67,0.4518,39.5,False,-0.0184848948063488,0.236035959817759,0.2686546281457069
2025-04-14,CARR,long,industrial_quality,filtered_out,41.47,0.4559,45.12,False,-0.0184848948063488,0.236035959817759,0.2686546281457069
2025-05-13,CARR,short,industrial_quality,early_watchlist,53.15,0.4862,62.67,False,0.0040185332275939,-0.0290690047148204,-0.1128674887916326
2025-05-13,CARR,medium,industrial_quality,early_watchlist,53.55,0.4871,60.66,False,0.0040185332275939,-0.0290690047148204,-0.1128674887916326
2025-05-13,CARR,long,industrial_quality,early_watchlist,47.32,0.473,59.68,False,0.0040185332275939,-0.0290690047148204,-0.1128674887916326
2025-06-11,CARR,short,industrial_quality,early_watchlist,45.35,0.4546,39.49,False,-0.0361480593441357,0.0571191419006902,-0.0921190826202141
2025-06-11,CARR,medium,industrial_quality,filtered_out,39.31,0.4409,52.73,False,-0.0361480593441357,0.0571191419006902,-0.0921190826202141
2025-06-11,CARR,long,industrial_quality,early_watchlist,49.06,0.4625,56.15,False,-0.0361480593441357,0.0571191419006902,-0.0921190826202141
2025-07-11,CARR,short,industrial_quality,filtered_out,43.76,0.4545,45.08,False,0.0001304430679158,-0.1356767550048813,-0.2170957108581375
2025-07-11,CARR,medium,industrial_quality,early_watchlist,48.86,0.4661,54.58,False,0.0001304430679158,-0.1356767550048813,-0.2170957108581375
2025-07-11,CARR,long,industrial_quality,early_watchlist,50.41,0.4702,59.25,False,0.0001304430679158,-0.1356767550048813,-0.2170957108581375
2025-08-08,CARR,short,industrial_quality,filtered_out,38.93,0.05,34.5,False,-0.0095411164521921,-0.0063607053344306,-0.1203622414147838
2025-08-08,CARR,medium,industrial_quality,filtered_out,40.79,0.05,40.32,False,-0.0095411164521921,-0.0063607053344306,-0.1203622414147838
2025-08-08,CARR,long,industrial_quality,filtered_out,42.88,0.05,46.83,False,-0.0095411164521921,-0.0063607053344306,-0.1203622414147838
2025-09-08,CARR,short,industrial_quality,filtered_out,39.15,0.05,35.17,False,-0.066605751715711,-0.0884012490133625,-0.1765440810632779
2025-09-08,CARR,medium,industrial_quality,filtered_out,40.62,0.05,39.77,False,-0.066605751715711,-0.0884012490133625,-0.1765440810632779
2025-09-08,CARR,long,industrial_quality,filtered_out,42.55,0.05,45.82,False,-0.066605751715711,-0.0884012490133625,-0.1765440810632779
2025-10-06,CARR,short,industrial_quality,filtered_out,39.43,0.05,35.82,False,-0.0491556777250524,-0.0288833865580701,-0.1131386105333419
2025-10-06,CARR,medium,industrial_quality,filtered_out,40.61,0.05,39.5,False,-0.0491556777250524,-0.0288833865580701,-0.1131386105333419
2025-10-06,CARR,long,industrial_quality,filtered_out,42.33,0.05,45.12,False,-0.0491556777250524,-0.0288833865580701,-0.1131386105333419
2025-11-03,CARR,short,industrial_quality,filtered_out,38.93,0.05,34.5,False,-0.0091600486801182,-0.0698237422226267,0.0341439266303038
2025-11-03,CARR,medium,industrial_quality,filtered_out,40.53,0.05,39.5,False,-0.0091600486801182,-0.0698237422226267,0.0341439266303038
2025-11-03,CARR,long,industrial_quality,filtered_out,42.33,0.05,45.12,False,-0.0091600486801182,-0.0698237422226267,0.0341439266303038
2025-12-02,CARR,short,industrial_quality,filtered_out,40.21,0.05,38.5,False,-0.018208848410494,-0.018208848410494,0.1912642732573111
2025-12-02,CARR,medium,industrial_quality,filtered_out,40.53,0.05,39.5,False,-0.018208848410494,-0.018208848410494,0.1912642732573111
2025-12-02,CARR,long,industrial_quality,filtered_out,42.33,0.05,45.12,False,-0.018208848410494,-0.018208848410494,0.1912642732573111
2025-12-31,CARR,short,industrial_quality,filtered_out,39.17,0.05,35.02,False,0.0193035682933397,0.1323915549471741,0.033178999376654
2025-12-31,CARR,medium,industrial_quality,filtered_out,40.61,0.05,39.5,False,0.0193035682933397,0.1323915549471741,0.033178999376654
2025-12-31,CARR,long,industrial_quality,filtered_out,42.4,0.05,45.12,False,0.0193035682933397,0.1323915549471741,0.033178999376654
2026-01-30,CARR,short,industrial_quality,early_watchlist,50.98,0.05,52.87,False,0.0728431715365813,0.0715005089601008,0.0406176633378967
2026-01-30,CARR,medium,industrial_quality,early_watchlist,46.72,0.05,58.6,False,0.0728431715365813,0.0715005089601008,0.0406176633378967
2026-01-30,CARR,long,industrial_quality,filtered_out,44.48,0.05,51.84,False,0.0728431715365813,0.0715005089601008,0.0406176633378967
2026-03-02,CARR,short,industrial_quality,filtered_out,43.41,0.179,42.3,False,-0.0802004644313738,-0.1484962469138053,0.0140942520800706
2026-03-02,CARR,medium,industrial_quality,early_watchlist,54.87,0.1548,58.42,False,-0.0802004644313738,-0.1484962469138053,0.0140942520800706
2026-03-02,CARR,long,industrial_quality,early_watchlist,53.93,0.05,58.7,False,-0.0802004644313738,-0.1484962469138053,0.0140942520800706
2026-03-30,CARR,short,industrial_quality,filtered_out,40.98,0.1508,34.5,False,0.0198675016308591,0.1405445277184782,0.4030666137730498
2026-03-30,CARR,medium,industrial_quality,filtered_out,43.58,0.1307,42.54,False,0.0198675016308591,0.1405445277184782,0.4030666137730498
2026-03-30,CARR,long,industrial_quality,filtered_out,43.57,0.1546,46.89,False,0.0198675016308591,0.1405445277184782,0.4030666137730498
2025-03-17,LII,short,industrial_quality,filtered_out,38.04,0.05,34.5,False,-0.0049391312613749,-0.0518024658747681,-0.0628401429573084
2025-03-17,LII,medium,industrial_quality,filtered_out,39.53,0.05,39.5,False,-0.0049391312613749,-0.0518024658747681,-0.0628401429573084
2025-03-17,LII,long,industrial_quality,filtered_out,41.47,0.4559,45.12,False,-0.0049391312613749,-0.0518024658747681,-0.0628401429573084
2025-04-14,LII,short,industrial_quality,filtered_out,40.14,0.05,41.06,False,0.0005191114178784,0.0805486589603221,0.1091193049119185
2025-04-14,LII,medium,industrial_quality,filtered_out,39.53,0.05,39.5,False,0.0005191114178784,0.0805486589603221,0.1091193049119185
2025-04-14,LII,long,industrial_quality,filtered_out,41.47,0.4559,45.12,False,0.0005191114178784,0.0805486589603221,0.1091193049119185
2025-05-13,LII,short,industrial_quality,early_watchlist,49.49,0.05,54.45,False,-0.0087825260020202,-0.0853171691229974,-0.0312335213460723
2025-05-13,LII,medium,industrial_quality,filtered_out,43.35,0.05,51.98,False,-0.0087825260020202,-0.0853171691229974,-0.0312335213460723
2025-05-13,LII,long,industrial_quality,filtered_out,41.71,0.4549,46.38,False,-0.0087825260020202,-0.0853171691229974,-0.0312335213460723
2025-06-11,LII,short,industrial_quality,filtered_out,37.87,0.05,34.5,False,-0.0054996631645655,0.1221822851939171,0.0559809944925948
2025-06-11,LII,medium,industrial_quality,filtered_out,39.36,0.05,39.5,False,-0.0054996631645655,0.1221822851939171,0.0559809944925948
2025-06-11,LII,long,industrial_quality,filtered_out,41.3,0.454,45.12,False,-0.0054996631645655,0.1221822851939171,0.0559809944925948
2025-07-11,LII,short,industrial_quality,early_watchlist,48.57,0.05,50.78,False,-0.0120289398465018,-0.0561887123240115,-0.1002906922972091
2025-07-11,LII,medium,industrial_quality,early_watchlist,51.84,0.05,58.21,False,-0.0120289398465018,-0.0561887123240115,-0.1002906922972091
2025-07-11,LII,long,industrial_quality,filtered_out,44.73,0.4618,55.84,False,-0.0120289398465018,-0.0561887123240115,-0.1002906922972091
2025-08-08,LII,short,industrial_quality,filtered_out,39.66,0.05,36.05,False,0.0162660788570214,-0.002971607010111,-0.1495624639738998
2025-08-08,LII,medium,industrial_quality,filtered_out,43.35,0.1281,42.55,False,0.0162660788570214,-0.002971607010111,-0.1495624639738998
2025-08-08,LII,long,industrial_quality,filtered_out,42.73,0.4573,46.45,False,0.0162660788570214,-0.002971607010111,-0.1495624639738998
2025-09-08,LII,short,industrial_quality,filtered_out,37.27,0.05,38.94,False,-0.0492884766982454,-0.0438863462563622,-0.158409205882256
2025-09-08,LII,medium,industrial_quality,filtered_out,39.63,0.113,41.31,False,-0.0492884766982454,-0.0438863462563622,-0.158409205882256
2025-09-08,LII,long,industrial_quality,early_watchlist,51.92,0.05,48.73,False,-0.0492884766982454,-0.0438863462563622,-0.158409205882256
2025-10-06,LII,short,industrial_quality,filtered_out,42.34,0.05,44.18,False,-0.0530165832060864,-0.1078756892999313,-0.1205541404671569
2025-10-06,LII,medium,industrial_quality,filtered_out,42.44,0.1275,39.5,False,-0.0530165832060864,-0.1078756892999313,-0.1205541404671569
2025-10-06,LII,long,industrial_quality,filtered_out,42.1,0.05,45.22,False,-0.0530165832060864,-0.1078756892999313,-0.1205541404671569
2025-11-03,LII,short,industrial_quality,filtered_out,39.34,0.05,34.5,False,-0.0090305075641541,-0.0133432715879713,0.0050746387463747
2025-11-03,LII,medium,industrial_quality,filtered_out,42.54,0.1277,39.5,False,-0.0090305075641541,-0.0133432715879713,0.0050746387463747
2025-11-03,LII,long,industrial_quality,filtered_out,42.24,0.05,45.12,False,-0.0090305075641541,-0.0133432715879713,0.0050746387463747
2025-12-02,LII,short,industrial_quality,filtered_out,41.53,0.05,41.88,False,0.0270885407115313,-0.0008800002272597,0.1592409650837498
2025-12-02,LII,medium,industrial_quality,filtered_out,42.51,0.1264,39.91,False,0.0270885407115313,-0.0008800002272597,0.1592409650837498
2025-12-02,LII,long,industrial_quality,filtered_out,42.07,0.05,45.12,False,0.0270885407115313,-0.0008800002272597,0.1592409650837498
2025-12-31,LII,short,industrial_quality,filtered_out,40.24,0.05,37.62,False,0.0639235001783349,0.0195642057716056,-0.0856501546569414
2025-12-31,LII,medium,industrial_quality,filtered_out,42.44,0.1275,39.5,False,0.0639235001783349,0.0195642057716056,-0.0856501546569414
2025-12-31,LII,long,industrial_quality,filtered_out,42.07,0.05,45.12,False,0.0639235001783349,0.0195642057716056,-0.0856501546569414
2026-01-30,LII,short,industrial_quality,filtered_out,41.57,0.0619,36.33,False,0.0704935678237685,0.1379979694616098,0.0038280042390572
2026-01-30,LII,medium,industrial_quality,filtered_out,43.79,0.1317,43.18,False,0.0704935678237685,0.1379979694616098,0.0038280042390572
2026-01-30,LII,long,industrial_quality,filtered_out,42.6,0.05,46.03,False,0.0704935678237685,0.1379979694616098,0.0038280042390572
2026-03-02,LII,short,industrial_quality,early_watchlist,49.87,0.1786,47.26,False,-0.0824280828642759,-0.2119453635721352,-0.1042996007389907
2026-03-02,LII,medium,industrial_quality,early_watchlist,54.6,0.3953,60.78,False,-0.0824280828642759,-0.2119453635721352,-0.1042996007389907
2026-03-02,LII,long,industrial_quality,early_watchlist,52.56,0.05,57.83,False,-0.0824280828642759,-0.2119453635721352,-0.1042996007389907
2026-03-30,LII,short,industrial_quality,filtered_out,41.59,0.0579,36.15,False,0.0179810043034587,0.1193386285194717,0.2892317202854766
2026-03-30,LII,medium,industrial_quality,filtered_out,42.72,0.0755,40.96,False,0.0179810043034587,0.1193386285194717,0.2892317202854766
2026-03-30,LII,long,industrial_quality,filtered_out,42.47,0.05,46.05,False,0.0179810043034587,0.1193386285194717,0.2892317202854766
2025-03-17,TT,short,industrial_quality,early_watchlist,47.28,0.7674,39.22,False,0.0189776250948003,-0.0098307169514202,0.2078556749198201
2025-03-17,TT,medium,industrial_quality,filtered_out,39.74,0.4525,39.5,False,0.0189776250948003,-0.0098307169514202,0.2078556749198201
2025-03-17,TT,long,industrial_quality,filtered_out,41.54,0.4566,45.12,False,0.0189776250948003,-0.0098307169514202,0.2078556749198201
2025-04-14,TT,short,industrial_quality,early_watchlist,49.54,0.7709,46.61,False,-0.0427926069511619,0.2140493594908505,0.2617820633685594
2025-04-14,TT,medium,industrial_quality,filtered_out,39.67,0.4518,39.5,False,-0.0427926069511619,0.2140493594908505,0.2617820633685594
2025-04-14,TT,long,industrial_quality,filtered_out,41.47,0.4559,45.12,False,-0.0427926069511619,0.2140493594908505,0.2617820633685594
2025-05-13,TT,short,industrial_quality,early_watchlist,58.28,0.7891,57.43,False,0.0187971447992278,0.0047759939687945,0.0217138285911517
2025-05-13,TT,medium,industrial_quality,early_watchlist,52.33,0.4812,59.43,False,0.0187971447992278,0.0047759939687945,0.0217138285911517
2025-05-13,TT,long,industrial_quality,early_watchlist,45.54,0.4657,57.62,False,0.0187971447992278,0.0047759939687945,0.0217138285911517
2025-06-11,TT,short,industrial_quality,early_watchlist,47.85,0.7862,38.89,False,-0.0073293787712482,0.0343767612236789,-0.0167481223725367
2025-06-11,TT,medium,industrial_quality,early_watchlist,51.14,0.479,53.85,False,-0.0073293787712482,0.0343767612236789,-0.0167481223725367
2025-06-11,TT,long,industrial_quality,early_watchlist,54.03,0.4856,59.7,False,-0.0073293787712482,0.0343767612236789,-0.0167481223725367
2025-07-11,TT,short,industrial_quality,early_watchlist,52.58,0.7721,37.74,False,0.0224685456376068,-0.0169371912986882,-0.026883064831648
2025-07-11,TT,medium,industrial_quality,early_watchlist,46.38,0.457,50.48,False,0.0224685456376068,-0.0169371912986882,-0.026883064831648
2025-07-11,TT,long,industrial_quality,early_watchlist,49.41,0.4639,60.08,False,0.0224685456376068,-0.0169371912986882,-0.026883064831648
2025-08-08,TT,short,industrial_quality,filtered_out,41.17,0.5727,35.46,False,-0.0154850881306451,-0.0330483399377043,0.0400795139647811
2025-08-08,TT,medium,industrial_quality,filtered_out,38.69,0.2439,42.55,False,-0.0154850881306451,-0.0330483399377043,0.0400795139647811
2025-08-08,TT,long,industrial_quality,early_watchlist,50.88,0.4707,54.28,False,-0.0154850881306451,-0.0330483399377043,0.0400795139647811
2025-09-08,TT,short,industrial_quality,filtered_out,44.31,0.5886,34.57,False,-0.0301014557008792,0.0237148451932314,-0.0089412547107071
2025-09-08,TT,medium,industrial_quality,filtered_out,41.01,0.05,39.5,False,-0.0301014557008792,0.0237148451932314,-0.0089412547107071
2025-09-08,TT,long,industrial_quality,filtered_out,43.58,0.4618,48.2,False,-0.0301014557008792,0.0237148451932314,-0.0089412547107071
2025-10-06,TT,short,industrial_quality,early_watchlist,48.46,0.5857,40.97,False,-0.0141488341252985,0.0507097876104929,-0.0837394695066015
2025-10-06,TT,medium,industrial_quality,filtered_out,37.11,0.05,42.07,False,-0.0141488341252985,0.0507097876104929,-0.0837394695066015
2025-10-06,TT,long,industrial_quality,filtered_out,38.35,0.4387,46.6,False,-0.0141488341252985,0.0507097876104929,-0.0837394695066015
2025-11-03,TT,short,industrial_quality,early_watchlist,54.33,0.481,47.08,False,-0.0287020274087187,-0.0786224648116784,-0.0576505432672758
2025-11-03,TT,medium,industrial_quality,early_watchlist,45.81,0.05,49.47,False,-0.0287020274087187,-0.0786224648116784,-0.0576505432672758
2025-11-03,TT,long,industrial_quality,early_watchlist,45.84,0.4712,50.19,False,-0.0287020274087187,-0.0786224648116784,-0.0576505432672758
2025-12-02,TT,short,industrial_quality,filtered_out,42.91,0.3556,35.1,False,-0.029716526948483,-0.053548024686553,0.1336267720886925
2025-12-02,TT,medium,industrial_quality,filtered_out,41.25,0.05,40.48,False,-0.029716526948483,-0.053548024686553,0.1336267720886925
2025-12-02,TT,long,industrial_quality,filtered_out,42.35,0.05,45.12,False,-0.029716526948483,-0.053548024686553,0.1336267720886925
2025-12-31,TT,short,industrial_quality,filtered_out,42.82,0.3572,34.5,False,-0.0278519959173808,0.0806269227872604,0.0403502903619494
2025-12-31,TT,medium,industrial_quality,filtered_out,41.01,0.05,39.5,False,-0.0278519959173808,0.0806269227872604,0.0403502903619494
2025-12-31,TT,long,industrial_quality,filtered_out,42.42,0.05,45.12,False,-0.0278519959173808,0.0806269227872604,0.0403502903619494
2026-01-30,TT,short,industrial_quality,early_watchlist,56.58,0.3845,55.6,False,0.0812688380162969,0.1083979872095588,0.1458215279638266
2026-01-30,TT,medium,industrial_quality,early_watchlist,46.88,0.05,52.81,False,0.0812688380162969,0.1083979872095588,0.1458215279638266
2026-01-30,TT,long,industrial_quality,early_watchlist,45.3,0.05,49.08,False,0.0812688380162969,0.1083979872095588,0.1458215279638266
2026-03-02,TT,short,industrial_quality,early_watchlist,56.11,0.5149,45.43,False,-0.0806975704081767,-0.1314234882466687,-0.0158441088646558
2026-03-02,TT,medium,industrial_quality,early_watchlist,53.01,0.05,62.03,False,-0.0806975704081767,-0.1314234882466687,-0.0158441088646558
2026-03-02,TT,long,industrial_quality,early_watchlist,53.9,0.05,59.31,False,-0.0806975704081767,-0.1314234882466687,-0.0158441088646558
2026-03-30,TT,short,industrial_quality,filtered_out,44.48,0.4979,35.49,False,0.0691208723058007,0.1901814257159106,0.2492324139363506
2026-03-30,TT,medium,industrial_quality,filtered_out,42.51,0.05,44.39,False,0.0691208723058007,0.1901814257159106,0.2492324139363506
2026-03-30,TT,long,industrial_quality,filtered_out,43.45,0.2135,48.03,False,0.0691208723058007,0.1901814257159106,0.2492324139363506
2025-03-17,JCI,short,industrial_quality,filtered_out,42.75,0.3604,39.11,False,0.0415863602668642,-0.0326014717593247,0.2716669719781048
2025-03-17,JCI,medium,industrial_quality,filtered_out,40.02,0.05,40.23,False,0.0415863602668642,-0.0326014717593247,0.2716669719781048
2025-03-17,JCI,long,industrial_quality,filtered_out,41.93,0.4575,46.36,False,0.0415863602668642,-0.0326014717593247,0.2716669719781048
2025-04-14,JCI,short,industrial_quality,early_watchlist,45.54,0.4944,43.48,False,-0.0240763265203203,0.223694348556952,0.3533047932386799
2025-04-14,JCI,medium,industrial_quality,filtered_out,40.14,0.05,39.68,False,-0.0240763265203203,0.223694348556952,0.3533047932386799
2025-04-14,JCI,long,industrial_quality,filtered_out,41.46,0.05,45.26,False,-0.0240763265203203,0.223694348556952,0.3533047932386799
2025-05-13,JCI,short,industrial_quality,early_watchlist,56.45,0.3928,61.86,False,0.0165522370599906,0.0742244060387018,0.1027829922841696
2025-05-13,JCI,medium,industrial_quality,early_watchlist,47.11,0.05,57.75,False,0.0165522370599906,0.0742244060387018,0.1027829922841696
2025-05-13,JCI,long,industrial_quality,early_watchlist,53.36,0.05,55.59,False,0.0165522370599906,0.0742244060387018,0.1027829922841696
2025-06-11,JCI,short,industrial_quality,early_watchlist,51.98,0.619,46.68,False,0.0028103681109763,0.0295030806718878,0.0423415211157518
2025-06-11,JCI,medium,industrial_quality,early_watchlist,52.6,0.2265,59.95,False,0.0028103681109763,0.0295030806718878,0.0423415211157518
2025-06-11,JCI,long,industrial_quality,early_watchlist,54.46,0.2986,61.44,False,0.0028103681109763,0.0295030806718878,0.0423415211157518
2025-07-11,JCI,short,industrial_quality,filtered_out,42.9,0.6474,38.74,False,0.0293812124959256,-0.0028341567361465,0.0352385325836674
2025-07-11,JCI,medium,industrial_quality,early_watchlist,51.54,0.2321,52.63,False,0.0293812124959256,-0.0028341567361465,0.0352385325836674
2025-07-11,JCI,long,industrial_quality,early_watchlist,54.58,0.3071,61.38,False,0.0293812124959256,-0.0028341567361465,0.0352385325836674
2025-08-08,JCI,short,industrial_quality,filtered_out,40.47,0.3923,34.95,False,-0.0192326260230057,0.0153481775147963,0.0722879530402478
2025-08-08,JCI,medium,industrial_quality,filtered_out,42.44,0.0656,46.36,False,-0.0192326260230057,0.0153481775147963,0.0722879530402478
2025-08-08,JCI,long,industrial_quality,early_watchlist,56.43,0.1533,61.3,False,-0.0192326260230057,0.0153481775147963,0.0722879530402478
2025-09-08,JCI,short,industrial_quality,early_watchlist,57.47,0.4921,37.18,False,0.0059717113482851,0.022487579103908,0.0756741626457124
2025-09-08,JCI,medium,industrial_quality,early_watchlist,57.94,0.2498,42.74,False,0.0059717113482851,0.022487579103908,0.0756741626457124
2025-09-08,JCI,long,industrial_quality,early_watchlist,59.78,0.1605,55.3,False,0.0059717113482851,0.022487579103908,0.0756741626457124
2025-10-06,JCI,short,industrial_quality,early_watchlist,58.23,0.5592,38.27,False,-0.0292023674404041,0.0328527071403554,0.0928089274350369
2025-10-06,JCI,medium,industrial_quality,early_watchlist,57.35,0.5654,43.83,False,-0.0292023674404041,0.0328527071403554,0.0928089274350369
2025-10-06,JCI,long,industrial_quality,early_watchlist,59.07,0.159,53.16,False,-0.0292023674404041,0.0328527071403554,0.0928089274350369
2025-11-03,JCI,short,industrial_quality,early_watchlist,56.89,0.5565,41.24,False,0.0830535389430531,0.0185545753315798,0.053719777086626
2025-11-03,JCI,medium,industrial_quality,near_watchlist,60.93,0.6416,48.36,False,0.0830535389430531,0.0185545753315798,0.053719777086626
2025-11-03,JCI,long,industrial_quality,early_watchlist,60.68,0.1648,54.34,False,0.0830535389430531,0.0185545753315798,0.053719777086626
2025-12-02,JCI,short,industrial_quality,filtered_out,40.69,0.4469,36.91,False,0.0042504386406079,0.0387751174462431,0.2617973970007548
2025-12-02,JCI,medium,industrial_quality,early_watchlist,53.34,0.6053,46.85,False,0.0042504386406079,0.0387751174462431,0.2617973970007548
2025-12-02,JCI,long,industrial_quality,early_watchlist,52.53,0.2144,53.97,False,0.0042504386406079,0.0387751174462431,0.2617973970007548
2025-12-31,JCI,short,industrial_quality,filtered_out,41.59,0.4486,39.71,False,-0.070647118919478,-0.0040918434975441,0.0602939877822095
2025-12-31,JCI,medium,industrial_quality,early_watchlist,53.92,0.6064,48.57,False,-0.070647118919478,-0.0040918434975441,0.0602939877822095
2025-12-31,JCI,long,industrial_quality,early_watchlist,53.39,0.2253,55.77,False,-0.070647118919478,-0.0040918434975441,0.0602939877822095
2026-01-30,JCI,short,industrial_quality,filtered_out,43.42,0.452,45.44,False,0.1542007336006887,0.2196881370206453,0.1908977557955105
2026-01-30,JCI,medium,industrial_quality,filtered_out,44.0,0.5889,41.91,False,0.1542007336006887,0.2196881370206453,0.1908977557955105
2026-01-30,JCI,long,industrial_quality,early_watchlist,52.85,0.2651,52.23,False,0.1542007336006887,0.2196881370206453,0.1908977557955105
2026-03-02,JCI,short,industrial_quality,early_watchlist,56.39,0.4913,49.27,False,-0.0850406764677921,-0.1271126297264413,-0.0469819243718733
2026-03-02,JCI,medium,industrial_quality,early_watchlist,63.36,0.6382,62.9,False,-0.0850406764677921,-0.1271126297264413,-0.0469819243718733
2026-03-02,JCI,long,industrial_quality,early_watchlist,62.52,0.5024,61.38,False,-0.0850406764677921,-0.1271126297264413,-0.0469819243718733
2026-03-30,JCI,short,industrial_quality,filtered_out,38.71,0.3278,34.5,False,0.0519038231552344,0.1185810748941407,0.1525720909601409
2026-03-30,JCI,medium,industrial_quality,filtered_out,44.8,0.5463,44.9,False,0.0519038231552344,0.1185810748941407,0.1525720909601409
2026-03-30,JCI,long,industrial_quality,early_watchlist,57.5,0.384,52.39,False,0.0519038231552344,0.1185810748941407,0.1525720909601409
2025-03-17,IR,short,industrial_quality,filtered_out,38.25,0.05,34.5,False,-0.0089188228943584,-0.1157043998341669,0.0030130212862413
2025-03-17,IR,medium,industrial_quality,filtered_out,39.47,0.05,39.5,False,-0.0089188228943584,-0.1157043998341669,0.0030130212862413
2025-03-17,IR,long,industrial_quality,filtered_out,41.3,0.454,45.12,False,-0.0089188228943584,-0.1157043998341669,0.0030130212862413
2025-04-14,IR,short,industrial_quality,filtered_out,40.98,0.05,42.49,False,-0.0152651846780311,0.1516966990556907,0.2135938948006916
2025-04-14,IR,medium,industrial_quality,filtered_out,39.64,0.05,39.5,False,-0.0152651846780311,0.1516966990556907,0.2135938948006916
2025-04-14,IR,long,industrial_quality,filtered_out,41.47,0.4559,45.12,False,-0.0152651846780311,0.1516966990556907,0.2135938948006916
2025-05-13,IR,short,industrial_quality,early_watchlist,54.24,0.05,63.27,False,-0.0184623442829851,-0.0151479689631347,-0.1016776363874529
2025-05-13,IR,medium,industrial_quality,early_watchlist,46.19,0.05,56.23,False,-0.0184623442829851,-0.0151479689631347,-0.1016776363874529
2025-05-13,IR,long,industrial_quality,filtered_out,42.78,0.4626,45.51,False,-0.0184623442829851,-0.0151479689631347,-0.1016776363874529
2025-06-11,IR,short,industrial_quality,early_watchlist,47.53,0.1735,41.21,False,-0.0289662004237281,0.0699519535490698,-0.0336549127893074
2025-06-11,IR,medium,industrial_quality,filtered_out,36.85,0.05,45.82,False,-0.0289662004237281,0.0699519535490698,-0.0336549127893074
2025-06-11,IR,long,industrial_quality,filtered_out,36.93,0.4334,46.0,False,-0.0289662004237281,0.0699519535490698,-0.0336549127893074
2025-07-11,IR,short,industrial_quality,early_watchlist,51.35,0.4441,47.12,False,-0.0389799596322099,-0.1474949690395505,-0.0627873815782215
2025-07-11,IR,medium,industrial_quality,early_watchlist,55.02,0.4754,57.36,False,-0.0389799596322099,-0.1474949690395505,-0.0627873815782215
2025-07-11,IR,long,industrial_quality,early_watchlist,45.37,0.4638,57.62,False,-0.0389799596322099,-0.1474949690395505,-0.0627873815782215
2025-08-08,IR,short,industrial_quality,filtered_out,41.78,0.1488,35.71,False,0.0322757986908419,0.0594269500257318,0.001697582205788
2025-08-08,IR,medium,industrial_quality,filtered_out,41.67,0.05,41.07,False,0.0322757986908419,0.0594269500257318,0.001697582205788
2025-08-08,IR,long,industrial_quality,filtered_out,42.54,0.4589,45.12,False,0.0322757986908419,0.0594269500257318,0.001697582205788
2025-09-08,IR,short,industrial_quality,filtered_out,43.29,0.1505,40.97,False,-0.0165463100625745,0.0376960417584095,-0.0146755140105954
2025-09-08,IR,medium,industrial_quality,filtered_out,43.31,0.05,46.72,False,-0.0165463100625745,0.0376960417584095,-0.0146755140105954
2025-09-08,IR,long,industrial_quality,filtered_out,42.85,0.4581,46.62,False,-0.0165463100625745,0.0376960417584095,-0.0146755140105954
2025-10-06,IR,short,industrial_quality,early_watchlist,48.98,0.3654,41.56,False,-0.0876395367346997,-0.0888383152913926,-0.0499893221198352
2025-10-06,IR,medium,industrial_quality,filtered_out,40.2,0.05,45.75,False,-0.0876395367346997,-0.0888383152913926,-0.0499893221198352
2025-10-06,IR,long,industrial_quality,filtered_out,40.2,0.4477,47.12,False,-0.0876395367346997,-0.0888383152913926,-0.0499893221198352
2025-11-03,IR,short,industrial_quality,filtered_out,42.37,0.236,36.13,False,0.0164474520298136,0.0421102471653695,0.1330547100782071
2025-11-03,IR,medium,industrial_quality,filtered_out,41.78,0.05,41.4,False,0.0164474520298136,0.0421102471653695,0.1330547100782071
2025-11-03,IR,long,industrial_quality,filtered_out,42.98,0.4599,46.5,False,0.0164474520298136,0.0421102471653695,0.1330547100782071
2025-12-02,IR,short,industrial_quality,filtered_out,43.24,0.2365,39.4,False,-0.0101035311892118,0.0005052488618162,0.1867896655061656
2025-12-02,IR,medium,industrial_quality,filtered_out,42.19,0.05,43.2,False,-0.0101035311892118,0.0005052488618162,0.1867896655061656
2025-12-02,IR,long,industrial_quality,filtered_out,42.3,0.4563,45.12,False,-0.0101035311892118,0.0005052488618162,0.1867896655061656
2025-12-31,IR,short,industrial_quality,filtered_out,37.84,0.2228,36.9,False,0.0650089074878688,0.0867204575063833,-0.0285683259578813
2025-12-31,IR,medium,industrial_quality,early_watchlist,47.73,0.05,40.14,False,0.0650089074878688,0.0867204575063833,-0.0285683259578813
2025-12-31,IR,long,industrial_quality,filtered_out,37.65,0.4351,45.12,False,0.0650089074878688,0.0867204575063833,-0.0285683259578813
2026-01-30,IR,short,industrial_quality,filtered_out,42.25,0.4045,41.14,False,0.144151517746992,0.0915321746189739,-0.056710983385708
2026-01-30,IR,medium,industrial_quality,early_watchlist,52.31,0.1944,55.49,False,0.144151517746992,0.0915321746189739,-0.056710983385708
2026-01-30,IR,long,industrial_quality,early_watchlist,51.72,0.05,57.61,False,0.144151517746992,0.0915321746189739,-0.056710983385708
2026-03-02,IR,short,industrial_quality,filtered_out,44.04,0.4853,40.89,False,-0.0775892019093966,-0.1810490796823413,-0.2444887148938382
2026-03-02,IR,medium,industrial_quality,early_watchlist,54.56,0.3069,57.27,False,-0.0775892019093966,-0.1810490796823413,-0.2444887148938382
2026-03-02,IR,long,industrial_quality,early_watchlist,52.78,0.2592,60.3,False,-0.0775892019093966,-0.1810490796823413,-0.2444887148938382
2026-03-30,IR,short,industrial_quality,filtered_out,44.74,0.4905,36.21,False,0.0339225271539811,0.0552378505741255,0.0621638577424492
2026-03-30,IR,medium,industrial_quality,filtered_out,44.05,0.1833,41.3,False,0.0339225271539811,0.0552378505741255,0.0621638577424492
2026-03-30,IR,long,industrial_quality,filtered_out,43.37,0.05,46.72,False,0.0339225271539811,0.0552378505741255,0.0621638577424492
2025-03-17,ETN,short,industrial_quality,early_watchlist,48.35,0.7562,44.42,False,0.0188740561903584,-0.0652695249243497,0.0996337169665975
2025-03-17,ETN,medium,industrial_quality,filtered_out,39.7,0.05,39.5,False,0.0188740561903584,-0.0652695249243497,0.0996337169665975
2025-03-17,ETN,long,industrial_quality,filtered_out,41.62,0.4575,45.12,False,0.0188740561903584,-0.0652695249243497,0.0996337169665975
2025-04-14,ETN,short,industrial_quality,early_watchlist,48.29,0.7542,44.55,False,-0.0393043693512624,0.1946217021910035,0.3025078986849741
2025-04-14,ETN,medium,industrial_quality,filtered_out,39.63,0.05,39.5,False,-0.0393043693512624,0.1946217021910035,0.3025078986849741
2025-04-14,ETN,long,industrial_quality,filtered_out,41.62,0.4575,45.12,False,-0.0393043693512624,0.1946217021910035,0.3025078986849741
2025-05-13,ETN,short,industrial_quality,early_watchlist,62.42,0.7831,65.16,False,-0.0075586511605157,-0.0152380824373763,0.1002166948362486
2025-05-13,ETN,medium,industrial_quality,filtered_out,43.41,0.05,58.21,False,-0.0075586511605157,-0.0152380824373763,0.1002166948362486
2025-05-13,ETN,long,industrial_quality,filtered_out,42.39,0.4545,54.67,False,-0.0075586511605157,-0.0152380824373763,0.1002166948362486
2025-06-11,ETN,short,industrial_quality,filtered_out,43.51,0.5098,38.86,False,0.0280924148290477,0.1071812442111352,0.0761344468679374
2025-06-11,ETN,medium,industrial_quality,filtered_out,43.81,0.05,52.58,False,0.0280924148290477,0.1071812442111352,0.0761344468679374
2025-06-11,ETN,long,industrial_quality,filtered_out,44.85,0.4647,55.28,False,0.0280924148290477,0.1071812442111352,0.0761344468679374
2025-07-11,ETN,short,industrial_quality,early_watchlist,47.07,0.5204,46.48,False,0.0499139817053606,0.0090861960155586,0.0568650440758151
2025-07-11,ETN,medium,industrial_quality,early_watchlist,54.14,0.05,61.25,False,0.0499139817053606,0.0090861960155586,0.0568650440758151
2025-07-11,ETN,long,industrial_quality,early_watchlist,54.44,0.4892,58.7,False,0.0499139817053606,0.0090861960155586,0.0568650440758151
2025-08-08,ETN,short,industrial_quality,filtered_out,41.42,0.4478,38.12,False,-0.0325488102778447,-0.0367931822643449,0.065400741505275
2025-08-08,ETN,medium,industrial_quality,early_watchlist,48.83,0.05,48.11,False,-0.0325488102778447,-0.0367931822643449,0.065400741505275
2025-08-08,ETN,long,industrial_quality,early_watchlist,52.6,0.4778,60.34,False,-0.0325488102778447,-0.0367931822643449,0.065400741505275
2025-09-08,ETN,short,industrial_quality,filtered_out,39.29,0.4424,34.6,False,0.074537249115463,0.0873559134444439,-0.0442366742973797
2025-09-08,ETN,medium,industrial_quality,filtered_out,38.36,0.05,42.13,False,0.074537249115463,0.0873559134444439,-0.0442366742973797
2025-09-08,ETN,long,industrial_quality,early_watchlist,51.23,0.472,54.81,False,0.074537249115463,0.0873559134444439,-0.0442366742973797
2025-10-06,ETN,short,industrial_quality,early_watchlist,57.11,0.4838,46.08,False,-0.0122362093363649,0.0172360108833267,-0.1595457936461007
2025-10-06,ETN,medium,industrial_quality,early_watchlist,60.12,0.5601,50.73,False,-0.0122362093363649,0.0172360108833267,-0.1595457936461007
2025-10-06,ETN,long,industrial_quality,early_watchlist,59.17,0.4967,56.39,False,-0.0122362093363649,0.0172360108833267,-0.1595457936461007
2025-11-03,ETN,short,industrial_quality,early_watchlist,54.88,0.3803,42.42,False,-0.0153970166448789,-0.1359141066883618,-0.0884179414102747
2025-11-03,ETN,medium,industrial_quality,early_watchlist,59.36,0.5704,48.73,False,-0.0153970166448789,-0.1359141066883618,-0.0884179414102747
2025-11-03,ETN,long,industrial_quality,early_watchlist,58.95,0.4962,56.23,False,-0.0153970166448789,-0.1359141066883618,-0.0884179414102747
2025-12-02,ETN,short,industrial_quality,filtered_out,42.06,0.2889,36.3,False,0.0259674531375126,-0.0438293386217299,0.1329590662244515
2025-12-02,ETN,medium,industrial_quality,filtered_out,41.81,0.05,40.27,False,0.0259674531375126,-0.0438293386217299,0.1329590662244515
2025-12-02,ETN,long,industrial_quality,filtered_out,42.66,0.05,46.25,False,0.0259674531375126,-0.0438293386217299,0.1329590662244515
2025-12-31,ETN,short,industrial_quality,filtered_out,41.4,0.2876,34.5,False,0.0064989568534301,0.1033249519869226,0.0819164251034063
2025-12-31,ETN,medium,industrial_quality,filtered_out,41.49,0.05,39.5,False,0.0064989568534301,0.1033249519869226,0.0819164251034063
2025-12-31,ETN,long,industrial_quality,filtered_out,42.22,0.05,45.12,False,0.0064989568534301,0.1033249519869226,0.0819164251034063
2026-01-30,ETN,short,industrial_quality,early_watchlist,52.86,0.31,53.04,False,0.0637412975305513,0.0739284934354771,0.1790962534613336
2026-01-30,ETN,medium,industrial_quality,early_watchlist,46.11,0.05,53.68,False,0.0637412975305513,0.0739284934354771,0.1790962534613336
2026-01-30,ETN,long,industrial_quality,filtered_out,42.69,0.05,46.15,False,0.0637412975305513,0.0739284934354771,0.1790962534613336
2026-03-02,ETN,short,industrial_quality,early_watchlist,52.31,0.2827,46.44,False,-0.0623476418930317,-0.0869072196980924,0.0831045402939558
2026-03-02,ETN,medium,industrial_quality,early_watchlist,50.19,0.05,57.47,False,-0.0623476418930317,-0.0869072196980924,0.0831045402939558
2026-03-02,ETN,long,industrial_quality,early_watchlist,50.88,0.05,55.9,False,-0.0623476418930317,-0.0869072196980924,0.0831045402939558
2026-03-30,ETN,short,industrial_quality,filtered_out,42.32,0.2055,35.73,False,0.073705329229561,0.2024277356856354,0.225599778509606
2026-03-30,ETN,medium,industrial_quality,filtered_out,43.21,0.05,44.33,False,0.073705329229561,0.2024277356856354,0.225599778509606
2026-03-30,ETN,long,industrial_quality,filtered_out,44.52,0.2309,49.91,False,0.073705329229561,0.2024277356856354,0.225599778509606
2025-03-17,HON,short,industrial_quality,filtered_out,38.19,0.449,34.67,False,0.0067959347959154,-0.0483320137684812,0.0786702011113278
2025-03-17,HON,medium,industrial_quality,filtered_out,40.78,0.4549,42.75,False,0.0067959347959154,-0.0483320137684812,0.0786702011113278
2025-03-17,HON,long,industrial_quality,filtered_out,41.52,0.456,45.27,False,0.0067959347959154,-0.0483320137684812,0.0786702011113278
2025-04-14,HON,short,industrial_quality,filtered_out,40.4,0.4547,41.32,False,-0.0093881622445576,0.0897378720403097,0.1841972190207788
2025-04-14,HON,medium,industrial_quality,filtered_out,39.82,0.4534,39.5,False,-0.0093881622445576,0.0897378720403097,0.1841972190207788
2025-04-14,HON,long,industrial_quality,filtered_out,41.62,0.4575,45.12,False,-0.0093881622445576,0.0897378720403097,0.1841972190207788
2025-05-13,HON,short,industrial_quality,early_watchlist,48.6,0.4727,50.71,False,0.0366141338411885,0.0401145623857666,-0.0036879463128128
2025-05-13,HON,medium,industrial_quality,filtered_out,43.51,0.4611,51.29,False,0.0366141338411885,0.0401145623857666,-0.0036879463128128
2025-05-13,HON,long,industrial_quality,filtered_out,43.46,0.461,51.14,False,0.0366141338411885,0.0401145623857666,-0.0036879463128128
2025-06-11,HON,short,industrial_quality,filtered_out,36.46,0.4379,39.63,False,-0.017491693132666,0.0447702936128084,-0.0440708047063156
2025-06-11,HON,medium,industrial_quality,early_watchlist,47.88,0.4638,51.74,False,-0.017491693132666,0.0447702936128084,-0.0440708047063156
2025-06-11,HON,long,industrial_quality,early_watchlist,49.54,0.4676,53.56,False,-0.017491693132666,0.0447702936128084,-0.0440708047063156
2025-07-11,HON,short,industrial_quality,filtered_out,36.81,0.4387,40.72,False,0.0025854600482204,-0.0831603386377016,-0.1095325526208077
2025-07-11,HON,medium,industrial_quality,early_watchlist,48.12,0.4644,52.78,False,0.0025854600482204,-0.0831603386377016,-0.1095325526208077
2025-07-11,HON,long,industrial_quality,early_watchlist,51.13,0.4712,58.64,False,0.0025854600482204,-0.0831603386377016,-0.1095325526208077
2025-08-08,HON,short,industrial_quality,filtered_out,39.14,0.4512,34.5,False,0.0073433991080755,-0.0020437141606216,-0.0248887427854541
2025-08-08,HON,medium,industrial_quality,filtered_out,41.33,0.4561,41.34,False,0.0073433991080755,-0.0020437141606216,-0.0248887427854541
2025-08-08,HON,long,industrial_quality,filtered_out,42.95,0.4598,46.41,False,0.0073433991080755,-0.0020437141606216,-0.0248887427854541
2025-09-08,HON,short,industrial_quality,filtered_out,39.78,0.4532,36.31,False,-0.0140162665738756,-0.0267752663781905,-0.0400018501682323
2025-09-08,HON,medium,industrial_quality,filtered_out,41.25,0.4565,40.9,False,-0.0140162665738756,-0.0267752663781905,-0.0400018501682323
2025-09-08,HON,long,industrial_quality,filtered_out,43.21,0.461,47.04,False,-0.0140162665738756,-0.0267752663781905,-0.0400018501682323
2025-10-06,HON,short,industrial_quality,filtered_out,39.33,0.4521,34.91,False,-0.029138776299635,0.003990294632796,-0.0036829850341051
2025-10-06,HON,medium,industrial_quality,filtered_out,40.88,0.4557,39.76,False,-0.029138776299635,0.003990294632796,-0.0036829850341051
2025-10-06,HON,long,industrial_quality,filtered_out,42.89,0.4602,46.02,False,-0.029138776299635,0.003990294632796,-0.0036829850341051
2025-11-03,HON,short,industrial_quality,filtered_out,39.7,0.4524,36.27,False,-0.0085958963987483,-0.0175108933154312,0.1573176770918134
2025-11-03,HON,medium,industrial_quality,filtered_out,40.84,0.455,39.82,False,-0.0085958963987483,-0.0175108933154312,0.1573176770918134
2025-11-03,HON,long,industrial_quality,filtered_out,42.54,0.4589,45.12,False,-0.0085958963987483,-0.0175108933154312,0.1573176770918134
2025-12-02,HON,short,industrial_quality,filtered_out,40.23,0.05,37.55,False,-0.0154284501210895,0.0100439898378779,0.2905589190037576
2025-12-02,HON,medium,industrial_quality,filtered_out,40.95,0.4558,39.96,False,-0.0154284501210895,0.0100439898378779,0.2905589190037576
2025-12-02,HON,long,industrial_quality,filtered_out,42.6,0.4596,45.12,False,-0.0154284501210895,0.0100439898378779,0.2905589190037576
2025-12-31,HON,short,industrial_quality,filtered_out,40.05,0.05,36.97,False,0.0520273044816248,0.1662309266563388,0.1512097842290023
2025-12-31,HON,medium,industrial_quality,filtered_out,41.13,0.4562,40.52,False,0.0520273044816248,0.1662309266563388,0.1512097842290023
2025-12-31,HON,long,industrial_quality,filtered_out,42.6,0.4596,45.12,False,0.0520273044816248,0.1662309266563388,0.1512097842290023
2026-01-30,HON,short,industrial_quality,early_watchlist,55.05,0.4978,53.15,False,0.0477321472603855,0.0956024474127283,-0.0594798601773837
2026-01-30,HON,medium,industrial_quality,early_watchlist,63.1,0.7997,62.0,False,0.0477321472603855,0.0956024474127283,-0.0594798601773837
2026-01-30,HON,long,industrial_quality,early_watchlist,56.19,0.4944,59.52,False,0.0477321472603855,0.0956024474127283,-0.0594798601773837
2026-03-02,HON,short,industrial_quality,early_watchlist,56.35,0.6721,49.4,False,-0.0421303566581739,-0.0990163203856959,-0.061350811324536
2026-03-02,HON,medium,industrial_quality,early_watchlist,63.71,0.8338,61.07,False,-0.0421303566581739,-0.0990163203856959,-0.061350811324536
2026-03-02,HON,long,industrial_quality,early_watchlist,63.75,0.8044,60.88,False,-0.0421303566581739,-0.0990163203856959,-0.061350811324536
2026-03-30,HON,short,industrial_quality,filtered_out,40.32,0.544,34.71,False,0.0016109287332433,-0.0472078249935308,0.0404100971957768
2026-03-30,HON,medium,industrial_quality,early_watchlist,45.11,0.6202,44.9,False,0.0016109287332433,-0.0472078249935308,0.0404100971957768
2026-03-30,HON,long,industrial_quality,early_watchlist,51.85,0.2579,56.8,False,0.0016109287332433,-0.0472078249935308,0.0404100971957768
2025-03-17,PH,short,industrial_quality,filtered_out,42.73,0.5093,36.97,False,0.0337848213340346,-0.0836096407053947,0.0837545568119806
2025-03-17,PH,medium,industrial_quality,filtered_out,39.69,0.05,39.5,False,0.0337848213340346,-0.0836096407053947,0.0837545568119806
2025-03-17,PH,long,industrial_quality,filtered_out,41.65,0.4569,45.48,False,0.0337848213340346,-0.0836096407053947,0.0837545568119806
2025-04-14,PH,short,industrial_quality,filtered_out,44.02,0.4855,41.64,False,-0.0051964417115275,0.1943768133975263,0.2586185461907555
2025-04-14,PH,medium,industrial_quality,filtered_out,39.56,0.05,39.5,False,-0.0051964417115275,0.1943768133975263,0.2586185461907555
2025-04-14,PH,long,industrial_quality,filtered_out,41.47,0.4559,45.12,False,-0.0051964417115275,0.1943768133975263,0.2586185461907555
2025-05-13,PH,short,industrial_quality,early_watchlist,58.76,0.598,64.52,False,0.0024026574792876,-0.0098316025324278,0.0726984477014083
2025-05-13,PH,medium,industrial_quality,early_watchlist,46.64,0.05,57.71,False,0.0024026574792876,-0.0098316025324278,0.0726984477014083
2025-05-13,PH,long,industrial_quality,filtered_out,44.11,0.4657,49.67,False,0.0024026574792876,-0.0098316025324278,0.0726984477014083
2025-06-11,PH,short,industrial_quality,early_watchlist,49.73,0.5196,40.05,False,-0.0289691458058499,0.064250105809428,0.1343301323804711
2025-06-11,PH,medium,industrial_quality,filtered_out,38.46,0.05,50.18,False,-0.0289691458058499,0.064250105809428,0.1343301323804711
2025-06-11,PH,long,industrial_quality,early_watchlist,48.45,0.4617,53.46,False,-0.0289691458058499,0.064250105809428,0.1343301323804711
2025-07-11,PH,short,industrial_quality,filtered_out,42.37,0.5233,43.98,False,0.0107285746062728,0.0179463488597777,0.0704200172112579
2025-07-11,PH,medium,industrial_quality,early_watchlist,48.41,0.05,56.02,False,0.0107285746062728,0.0179463488597777,0.0704200172112579
2025-07-11,PH,long,industrial_quality,early_watchlist,51.15,0.4718,57.76,False,0.0107285746062728,0.0179463488597777,0.0704200172112579
2025-08-08,PH,short,industrial_quality,early_watchlist,58.15,0.5547,39.17,False,0.0030505315186764,0.047058333854318,0.0631736407140675
2025-08-08,PH,medium,industrial_quality,early_watchlist,54.75,0.05,50.19,False,0.0030505315186764,0.047058333854318,0.0631736407140675
2025-08-08,PH,long,industrial_quality,early_watchlist,58.36,0.4914,57.63,False,0.0030505315186764,0.047058333854318,0.0631736407140675
2025-09-08,PH,short,industrial_quality,early_watchlist,58.16,0.5572,40.11,False,-0.0002893312086086,0.0042884201506057,0.1323600999578325
2025-09-08,PH,medium,industrial_quality,early_watchlist,55.01,0.05,52.15,False,-0.0002893312086086,0.0042884201506057,0.1323600999578325
2025-09-08,PH,long,industrial_quality,early_watchlist,58.93,0.4927,61.21,False,-0.0002893312086086,0.0042884201506057,0.1323600999578325
2025-10-06,PH,short,industrial_quality,filtered_out,40.78,0.4916,36.91,False,-0.045556857434688,0.0110552011054638,0.1538049875879894
2025-10-06,PH,medium,industrial_quality,early_watchlist,46.84,0.05,44.44,False,-0.045556857434688,0.0110552011054638,0.1538049875879894
2025-10-06,PH,long,industrial_quality,early_watchlist,51.72,0.4731,56.36,False,-0.045556857434688,0.0110552011054638,0.1538049875879894
2025-11-03,PH,short,industrial_quality,filtered_out,41.86,0.4937,40.3,False,0.0914234556620743,0.1151960829170217,0.2150384437848318
2025-11-03,PH,medium,industrial_quality,early_watchlist,47.25,0.2367,44.47,False,0.0914234556620743,0.1151960829170217,0.2150384437848318
2025-11-03,PH,long,industrial_quality,early_watchlist,50.86,0.4706,54.45,False,0.0914234556620743,0.1151960829170217,0.2150384437848318
2025-12-02,PH,short,industrial_quality,early_watchlist,52.63,0.5606,47.23,False,0.0046452319426535,0.023307857800519,0.1797039689430251
2025-12-02,PH,medium,industrial_quality,early_watchlist,57.19,0.6169,61.19,False,0.0046452319426535,0.023307857800519,0.1797039689430251
2025-12-02,PH,long,industrial_quality,early_watchlist,58.61,0.732,60.73,False,0.0046452319426535,0.023307857800519,0.1797039689430251
2025-12-31,PH,short,industrial_quality,filtered_out,42.9,0.5495,37.73,False,0.0312982248378781,0.0647127992572136,-0.0180605809251304
2025-12-31,PH,medium,industrial_quality,early_watchlist,55.71,0.6308,50.92,False,0.0312982248378781,0.0647127992572136,-0.0180605809251304
2025-12-31,PH,long,industrial_quality,early_watchlist,60.87,0.7635,60.81,False,0.0312982248378781,0.0647127992572136,-0.0180605809251304
2026-01-30,PH,short,industrial_quality,early_watchlist,53.33,0.5472,41.14,False,0.0453815074834806,0.0827651189939648,0.0301476132640146
2026-01-30,PH,medium,industrial_quality,early_watchlist,55.46,0.5395,55.2,False,0.0453815074834806,0.0827651189939648,0.0301476132640146
2026-01-30,PH,long,industrial_quality,early_watchlist,59.62,0.7756,62.05,False,0.0453815074834806,0.0827651189939648,0.0301476132640146
2026-03-02,PH,short,industrial_quality,early_watchlist,53.82,0.5237,43.33,False,-0.0783460559334735,-0.1482385836815642,-0.1510699141201809
2026-03-02,PH,medium,industrial_quality,early_watchlist,55.09,0.5387,57.67,False,-0.0783460559334735,-0.1482385836815642,-0.1510699141201809
2026-03-02,PH,long,industrial_quality,early_watchlist,60.63,0.8122,61.38,False,-0.0783460559334735,-0.1482385836815642,-0.1510699141201809
2026-03-30,PH,short,industrial_quality,filtered_out,43.64,0.4816,34.5,False,0.0597691898623959,0.1169847422968548,0.1516779113486894
2026-03-30,PH,medium,industrial_quality,early_watchlist,45.89,0.5245,40.38,False,0.0597691898623959,0.1169847422968548,0.1516779113486894
2026-03-30,PH,long,industrial_quality,early_watchlist,48.68,0.5207,48.04,False,0.0597691898623959,0.1169847422968548,0.1516779113486894
2025-03-17,MDB,short,saas_software,filtered_out,40.66,0.05,41.56,False,0.0229473846451768,-0.1813520290711345,0.09090910528011
2025-03-17,MDB,medium,saas_software,filtered_out,43.72,0.3895,39.5,False,0.0229473846451768,-0.1813520290711345,0.09090910528011
2025-03-17,MDB,long,saas_software,filtered_out,41.41,0.4552,45.12,False,0.0229473846451768,-0.1813520290711345,0.09090910528011
2025-04-14,MDB,short,saas_software,filtered_out,40.71,0.05,41.73,False,-0.0372690435324465,0.2395596192022464,0.2813844793082836
2025-04-14,MDB,medium,saas_software,filtered_out,43.72,0.3895,39.5,False,-0.0372690435324465,0.2395596192022464,0.2813844793082836
2025-04-14,MDB,long,saas_software,filtered_out,41.41,0.4552,45.12,False,-0.0372690435324465,0.2395596192022464,0.2813844793082836
2025-05-13,MDB,short,saas_software,early_watchlist,56.28,0.05,66.87,False,-0.0355282882691454,0.0750383494896833,0.0677896844974592
2025-05-13,MDB,medium,saas_software,early_watchlist,47.37,0.3964,57.18,False,-0.0355282882691454,0.0750383494896833,0.0677896844974592
2025-05-13,MDB,long,saas_software,filtered_out,39.34,0.4476,45.12,False,-0.0355282882691454,0.0750383494896833,0.0677896844974592
2025-06-11,MDB,short,saas_software,early_watchlist,54.82,0.3007,55.38,False,-0.0306268377022785,-0.0384141090323768,0.5350902145084271
2025-06-11,MDB,medium,saas_software,early_watchlist,55.95,0.421,54.3,False,-0.0306268377022785,-0.0384141090323768,0.5350902145084271
2025-06-11,MDB,long,saas_software,filtered_out,44.73,0.4687,49.86,False,-0.0306268377022785,-0.0384141090323768,0.5350902145084271
2025-07-11,MDB,short,saas_software,filtered_out,41.57,0.2484,35.85,False,0.0923411817405388,0.0329366369555659,0.5896992810639485
2025-07-11,MDB,medium,saas_software,early_watchlist,46.38,0.3984,47.23,False,0.0923411817405388,0.0329366369555659,0.5896992810639485
2025-07-11,MDB,long,saas_software,filtered_out,43.99,0.4622,52.8,False,0.0923411817405388,0.0329366369555659,0.5896992810639485
2025-08-08,MDB,short,saas_software,early_watchlist,48.18,0.4871,45.13,False,0.0434076018213092,0.5455111380848243,0.7642700101102793
2025-08-08,MDB,medium,saas_software,early_watchlist,48.31,0.4006,50.41,False,0.0434076018213092,0.5455111380848243,0.7642700101102793
2025-08-08,MDB,long,saas_software,early_watchlist,45.7,0.4655,55.2,False,0.0434076018213092,0.5455111380848243,0.7642700101102793
2025-09-08,MDB,short,saas_software,early_watchlist,56.25,0.4943,56.13,False,0.0330353317253764,-0.0042067983333659,0.2434346240506149
2025-09-08,MDB,medium,saas_software,early_watchlist,58.8,0.5685,62.9,False,0.0330353317253764,-0.0042067983333659,0.2434346240506149
2025-09-08,MDB,long,saas_software,early_watchlist,61.47,0.7806,61.38,False,0.0330353317253764,-0.0042067983333659,0.2434346240506149
2025-10-06,MDB,short,saas_software,early_watchlist,47.26,0.4426,41.21,False,-0.0084490457011952,0.1463672108508464,0.3036685366065907
2025-10-06,MDB,medium,saas_software,early_watchlist,51.03,0.5517,53.9,False,-0.0084490457011952,0.1463672108508464,0.3036685366065907
2025-10-06,MDB,long,saas_software,early_watchlist,62.1,0.7789,61.38,False,-0.0084490457011952,0.1463672108508464,0.3036685366065907
2025-11-03,MDB,short,saas_software,early_watchlist,66.54,0.1766,64.79,False,0.0131148273013463,0.0892562079148071,0.0061780215545648
2025-11-03,MDB,medium,saas_software,early_watchlist,71.82,0.667,66.5,False,0.0131148273013463,0.0892562079148071,0.0061780215545648
2025-11-03,MDB,long,saas_software,early_watchlist,73.64,0.8479,63.88,False,0.0131148273013463,0.0892562079148071,0.0061780215545648
2025-12-02,MDB,short,saas_software,early_watchlist,52.45,0.67,63.3,False,0.0300256414772455,0.0440309774795921,-0.191497256993558
2025-12-02,MDB,medium,saas_software,early_watchlist,61.36,0.5084,63.66,False,0.0300256414772455,0.0440309774795921,-0.191497256993558
2025-12-02,MDB,long,saas_software,early_watchlist,61.68,0.4324,63.88,False,0.0300256414772455,0.0440309774795921,-0.191497256993558
2025-12-31,MDB,short,saas_software,early_watchlist,48.96,0.6733,41.7,False,-0.0147013590789448,-0.1152279434530781,-0.4395625215144234
2025-12-31,MDB,medium,saas_software,early_watchlist,59.35,0.5499,57.2,False,-0.0147013590789448,-0.1152279434530781,-0.4395625215144234
2025-12-31,MDB,long,saas_software,early_watchlist,61.29,0.5666,61.38,False,-0.0147013590789448,-0.1152279434530781,-0.4395625215144234
2026-01-30,MDB,short,saas_software,filtered_out,41.8,0.5926,35.35,False,-0.072657693815146,-0.1247407386465573,-0.3046615637200035
2026-01-30,MDB,medium,saas_software,filtered_out,43.56,0.3964,45.12,False,-0.072657693815146,-0.1247407386465573,-0.3046615637200035
2026-01-30,MDB,long,saas_software,early_watchlist,55.52,0.4352,50.66,False,-0.072657693815146,-0.1247407386465573,-0.3046615637200035
2026-03-02,MDB,short,saas_software,early_watchlist,48.33,0.609,45.73,False,-0.1639027043187522,-0.2762991918818606,-0.0939971612953627
2026-03-02,MDB,medium,saas_software,early_watchlist,46.13,0.4058,43.1,False,-0.1639027043187522,-0.2762991918818606,-0.0939971612953627
2026-03-02,MDB,long,saas_software,filtered_out,44.72,0.1058,48.53,False,-0.1639027043187522,-0.2762991918818606,-0.0939971612953627
2026-03-30,MDB,short,saas_software,early_watchlist,44.85,0.6052,34.5,False,0.080226157810296,0.0977424634876669,0.2503719982512822
2026-03-30,MDB,medium,saas_software,early_watchlist,45.08,0.4062,39.5,False,0.080226157810296,0.0977424634876669,0.2503719982512822
2026-03-30,MDB,long,saas_software,filtered_out,43.63,0.1038,45.12,False,0.080226157810296,0.0977424634876669,0.2503719982512822
2025-03-17,UNH,short,default,filtered_out,41.2,0.4566,43.82,False,0.0350287587124642,0.176425703692522,-0.3776601722076242
2025-03-17,UNH,medium,default,filtered_out,39.82,0.4534,39.5,False,0.0350287587124642,0.176425703692522,-0.3776601722076242
2025-03-17,UNH,long,default,filtered_out,41.71,0.4577,45.41,False,0.0350287587124642,0.176425703692522,-0.3776601722076242
2025-04-14,UNH,short,default,early_watchlist,54.08,0.4891,65.41,False,-0.2723401251908164,-0.4695941968811203,-0.4783177001597918
2025-04-14,UNH,medium,default,early_watchlist,52.24,0.4849,58.24,False,-0.2723401251908164,-0.4695941968811203,-0.4783177001597918
2025-04-14,UNH,long,default,early_watchlist,46.74,0.4724,57.62,False,-0.2723401251908164,-0.4695941968811203,-0.4783177001597918
2025-05-13,UNH,short,default,filtered_out,39.69,0.4526,39.3,False,0.0327572820394685,-0.0026333927866888,-0.1885444474724588
2025-05-13,UNH,medium,default,filtered_out,40.91,0.4554,43.1,False,0.0327572820394685,-0.0026333927866888,-0.1885444474724588
2025-05-13,UNH,long,default,filtered_out,42.35,0.4586,47.62,False,0.0327572820394685,-0.0026333927866888,-0.1885444474724588
2025-06-11,UNH,short,default,filtered_out,40.58,0.4552,41.88,False,-0.0037971229944513,-0.0138499268631108,0.0385220810404491
2025-06-11,UNH,medium,default,filtered_out,39.82,0.4534,39.5,False,-0.0037971229944513,-0.0138499268631108,0.0385220810404491
2025-06-11,UNH,long,default,filtered_out,41.55,0.4568,45.12,False,-0.0037971229944513,-0.0138499268631108,0.0385220810404491
2025-07-11,UNH,short,default,filtered_out,38.82,0.4512,36.39,False,-0.0705360708825991,-0.1749753937109293,0.1872193409553753
2025-07-11,UNH,medium,default,filtered_out,39.82,0.4534,39.5,False,-0.0705360708825991,-0.1749753937109293,0.1872193409553753
2025-07-11,UNH,long,default,filtered_out,41.68,0.4582,45.12,False,-0.0705360708825991,-0.1749753937109293,0.1872193409553753
2025-08-08,UNH,short,default,filtered_out,40.99,0.4561,40.02,False,0.2117262375013715,0.2764559207921186,0.338817221041028
2025-08-08,UNH,medium,default,filtered_out,40.82,0.4557,39.5,False,0.2117262375013715,0.2764559207921186,0.338817221041028
2025-08-08,UNH,long,default,filtered_out,42.62,0.4598,45.12,False,0.2117262375013715,0.2764559207921186,0.338817221041028
2025-09-08,UNH,short,default,early_watchlist,51.02,0.4789,56.44,False,0.0931609602752814,0.127348624826276,0.0197891712089623
2025-09-08,UNH,medium,default,early_watchlist,46.6,0.4689,57.56,False,0.0931609602752814,0.127348624826276,0.0197891712089623
2025-09-08,UNH,long,default,filtered_out,43.36,0.4615,47.43,False,0.0931609602752814,0.127348624826276,0.0197891712089623
2025-10-06,UNH,short,default,early_watchlist,53.77,0.7168,49.8,False,-0.0003066369409072,-0.0696267213828015,-0.0736976240367256
2025-10-06,UNH,medium,default,early_watchlist,52.17,0.4781,62.9,False,-0.0003066369409072,-0.0696267213828015,-0.0736976240367256
2025-10-06,UNH,long,default,filtered_out,44.48,0.4606,57.62,False,-0.0003066369409072,-0.0696267213828015,-0.0736976240367256
2025-11-03,UNH,short,default,filtered_out,42.62,0.7044,36.51,False,-0.0365800006828647,-0.0277119945191708,-0.1346081261277296
2025-11-03,UNH,medium,default,filtered_out,39.63,0.4464,45.96,False,-0.0365800006828647,-0.0277119945191708,-0.1346081261277296
2025-11-03,UNH,long,default,early_watchlist,52.05,0.4746,58.82,False,-0.0365800006828647,-0.0277119945191708,-0.1346081261277296
2025-12-02,UNH,short,default,filtered_out,42.79,0.7048,37.04,False,0.0038075368966674,0.0240015673803735,-0.0851268113960527
2025-12-02,UNH,medium,default,filtered_out,37.57,0.4417,39.52,False,0.0038075368966674,0.0240015673803735,-0.0851268113960527
2025-12-02,UNH,long,default,early_watchlist,52.01,0.4745,48.15,False,0.0038075368966674,0.0240015673803735,-0.0851268113960527
2025-12-31,UNH,short,default,early_watchlist,46.55,0.7204,38.4,False,0.0507104051649067,-0.1308049122232339,-0.2007959228839494
2025-12-31,UNH,medium,default,filtered_out,41.46,0.4577,41.3,False,0.0507104051649067,-0.1308049122232339,-0.2007959228839494
2025-12-31,UNH,long,default,filtered_out,43.69,0.4628,48.27,False,0.0507104051649067,-0.1308049122232339,-0.2007959228839494
2026-01-30,UNH,short,default,early_watchlist,45.17,0.7144,34.5,False,-0.0358275352370176,0.0278814195878494,0.2881935940378206
2026-01-30,UNH,medium,default,filtered_out,40.86,0.4558,39.62,False,-0.0358275352370176,0.0278814195878494,0.2881935940378206
2026-01-30,UNH,long,default,filtered_out,43.37,0.4615,47.48,False,-0.0358275352370176,0.0278814195878494,0.2881935940378206
2026-03-02,UNH,short,default,early_watchlist,48.29,0.7243,43.85,False,-0.0255755143570914,-0.105464847130957,0.3121602541642052
2026-03-02,UNH,medium,default,filtered_out,41.55,0.4579,41.59,False,-0.0255755143570914,-0.105464847130957,0.3121602541642052
2026-03-02,UNH,long,default,filtered_out,42.68,0.4605,45.12,False,-0.0255755143570914,-0.105464847130957,0.3121602541642052
2026-03-30,UNH,short,default,filtered_out,42.32,0.4558,34.5,False,0.1754841570297571,0.4010082982604499,0.5963300353743819
2026-03-30,UNH,medium,default,filtered_out,40.88,0.4564,39.5,False,0.1754841570297571,0.4010082982604499,0.5963300353743819
2026-03-30,UNH,long,default,filtered_out,42.68,0.4605,45.12,False,0.1754841570297571,0.4010082982604499,0.5963300353743819
2025-03-17,LLY,short,default,filtered_out,40.79,0.4239,34.51,False,0.0486686757524101,-0.0853702870885647,-0.017571932702747
2025-03-17,LLY,medium,default,filtered_out,41.32,0.4574,44.0,False,0.0486686757524101,-0.0853702870885647,-0.017571932702747
2025-03-17,LLY,long,default,filtered_out,42.88,0.461,48.86,False,0.0486686757524101,-0.0853702870885647,-0.017571932702747
2025-04-14,LLY,short,default,filtered_out,42.03,0.4245,38.73,False,0.0970238380528165,-0.0109896417600834,0.0534042830976266
2025-04-14,LLY,medium,default,filtered_out,40.14,0.4542,40.5,False,0.0970238380528165,-0.0109896417600834,0.0534042830976266
2025-04-14,LLY,long,default,filtered_out,41.62,0.4575,45.12,False,0.0970238380528165,-0.0109896417600834,0.0534042830976266
2025-05-13,LLY,short,default,filtered_out,41.59,0.4235,37.36,False,0.0033258324260942,0.0860619923275931,-0.1596755387728822
2025-05-13,LLY,medium,default,filtered_out,39.82,0.4534,39.5,False,0.0033258324260942,0.0860619923275931,-0.1596755387728822
2025-05-13,LLY,long,default,filtered_out,41.78,0.4579,45.62,False,0.0033258324260942,0.0860619923275931,-0.1596755387728822
2025-06-11,LLY,short,default,early_watchlist,45.81,0.4367,49.87,False,-0.0291610811082001,-0.0192922117139185,-0.0845247945585037
2025-06-11,LLY,medium,default,filtered_out,43.33,0.4625,50.08,False,-0.0291610811082001,-0.0192922117139185,-0.0845247945585037
2025-06-11,LLY,long,default,filtered_out,41.71,0.4583,45.22,False,-0.0291610811082001,-0.0192922117139185,-0.0845247945585037
2025-07-11,LLY,short,default,early_watchlist,47.53,0.4271,38.72,False,-0.0268597731783156,-0.2110440314595022,0.0679638011715306
2025-07-11,LLY,medium,default,filtered_out,41.35,0.6781,42.09,False,-0.0268597731783156,-0.2110440314595022,0.0679638011715306
2025-07-11,LLY,long,default,filtered_out,37.92,0.439,47.91,False,-0.0268597731783156,-0.2110440314595022,0.0679638011715306
2025-08-08,LLY,short,default,filtered_out,42.58,0.3551,38.55,False,0.1232640372796145,0.1831891982489615,0.4361051558331039
2025-08-08,LLY,medium,default,filtered_out,42.11,0.05,43.28,False,0.1232640372796145,0.1831891982489615,0.4361051558331039
2025-08-08,LLY,long,default,filtered_out,43.42,0.4616,47.62,False,0.1232640372796145,0.1831891982489615,0.4361051558331039
2025-09-08,LLY,short,default,filtered_out,43.72,0.3614,41.66,False,0.0129293022223875,0.1440620250457018,0.4183585114467307
2025-09-08,LLY,medium,default,filtered_out,43.92,0.05,48.5,False,0.0129293022223875,0.1440620250457018,0.4183585114467307
2025-09-08,LLY,long,default,filtered_out,42.68,0.4605,45.12,False,0.0129293022223875,0.1440620250457018,0.4183585114467307
2025-10-06,LLY,short,default,early_watchlist,59.01,0.5756,62.72,False,-0.0303530762743952,0.0609196050497302,0.2736032124855414
2025-10-06,LLY,medium,default,early_watchlist,47.85,0.05,57.5,False,-0.0303530762743952,0.0609196050497302,0.2736032124855414
2025-10-06,LLY,long,default,early_watchlist,46.93,0.4734,54.91,False,-0.0303530762743952,0.0609196050497302,0.2736032124855414
2025-11-03,LLY,short,default,near_watchlist,69.01,0.6731,60.56,False,0.0782014510447195,0.1685679583920925,0.1585479865854915
2025-11-03,LLY,medium,default,early_watchlist,64.46,0.05,61.27,False,0.0782014510447195,0.1685679583920925,0.1585479865854915
2025-11-03,LLY,long,default,early_watchlist,65.2,0.5149,60.56,False,0.0782014510447195,0.1685679583920925,0.1585479865854915
2025-12-02,LLY,short,default,early_watchlist,50.99,0.7141,44.94,False,-0.0610828592480382,0.027300967013405,-0.0252848287748982
2025-12-02,LLY,medium,default,early_watchlist,61.86,0.6983,62.9,False,-0.0610828592480382,0.027300967013405,-0.0252848287748982
2025-12-02,LLY,long,default,early_watchlist,63.13,0.7449,61.38,False,-0.0610828592480382,0.027300967013405,-0.0252848287748982
2025-12-31,LLY,short,default,early_watchlist,52.7,0.7363,38.66,False,0.009779569332412,-0.0349221324899937,-0.1736053633881717
2025-12-31,LLY,medium,default,early_watchlist,56.06,0.6537,54.5,False,0.009779569332412,-0.0349221324899937,-0.1736053633881717
2025-12-31,LLY,long,default,early_watchlist,60.06,0.7269,61.38,False,0.009779569332412,-0.0349221324899937,-0.1736053633881717
2026-01-30,LLY,short,default,filtered_out,43.25,0.5633,35.21,False,0.02027682227276,-0.0168547778419833,-0.1558995649179891
2026-01-30,LLY,medium,default,early_watchlist,45.54,0.4709,45.32,False,0.02027682227276,-0.0168547778419833,-0.1558995649179891
2026-01-30,LLY,long,default,early_watchlist,60.59,0.7138,61.81,False,0.02027682227276,-0.0168547778419833,-0.1558995649179891
2026-03-02,LLY,short,default,early_watchlist,45.23,0.5708,34.5,False,-0.0094108269074645,-0.1290214470972223,0.0656347638425276
2026-03-02,LLY,medium,default,early_watchlist,45.88,0.4755,39.5,False,-0.0094108269074645,-0.1290214470972223,0.0656347638425276
2026-03-02,LLY,long,default,early_watchlist,50.41,0.6894,50.26,False,-0.0094108269074645,-0.1290214470972223,0.0656347638425276
2026-03-30,LLY,short,default,early_watchlist,45.23,0.5708,34.5,False,0.0501449393490351,-0.0142449965634786,0.2740727684694837
2026-03-30,LLY,medium,default,early_watchlist,46.0,0.4758,39.88,False,0.0501449393490351,-0.0142449965634786,0.2740727684694837
2026-03-30,LLY,long,default,early_watchlist,46.2,0.2859,47.12,False,0.0501449393490351,-0.0142449965634786,0.2740727684694837
2025-03-17,JNJ,short,default,filtered_out,36.57,0.4388,39.73,False,0.0027634753569933,-0.0520756433570762,-0.03837489670145
2025-03-17,JNJ,medium,default,early_watchlist,48.09,0.465,53.58,False,0.0027634753569933,-0.0520756433570762,-0.03837489670145
2025-03-17,JNJ,long,default,early_watchlist,49.8,0.4689,55.91,False,0.0027634753569933,-0.0520756433570762,-0.03837489670145
2025-04-14,JNJ,short,default,filtered_out,35.69,0.4368,36.98,False,0.0219617635793822,-0.0383517937092336,0.0251691150832791
2025-04-14,JNJ,medium,default,filtered_out,37.6,0.4412,42.95,False,0.0219617635793822,-0.0383517937092336,0.0251691150832791
2025-04-14,JNJ,long,default,early_watchlist,51.7,0.4733,48.55,False,0.0219617635793822,-0.0383517937092336,0.0251691150832791
2025-05-13,JNJ,short,default,filtered_out,39.02,0.4516,36.99,False,0.0351656532963131,0.0549111525855527,0.177687496539713
2025-05-13,JNJ,medium,default,filtered_out,40.2,0.4543,40.68,False,0.0351656532963131,0.0549111525855527,0.177687496539713
2025-05-13,JNJ,long,default,filtered_out,41.81,0.458,45.72,False,0.0351656532963131,0.0549111525855527,0.177687496539713
2025-06-11,JNJ,short,default,early_watchlist,45.31,0.4553,38.49,False,-0.0291768576459543,0.0105630255825479,0.1557226294136846
2025-06-11,JNJ,medium,default,filtered_out,36.92,0.4362,45.0,False,-0.0291768576459543,0.0105630255825479,0.1557226294136846
2025-06-11,JNJ,long,default,filtered_out,37.33,0.4371,46.27,False,-0.0291768576459543,0.0105630255825479,0.1557226294136846
2025-07-11,JNJ,short,default,early_watchlist,54.53,0.4875,37.91,False,0.0433395734025523,0.1047163360227434,0.2080376278167532
2025-07-11,JNJ,medium,default,early_watchlist,52.63,0.4831,42.69,False,0.0433395734025523,0.1047163360227434,0.2080376278167532
2025-07-11,JNJ,long,default,early_watchlist,58.86,0.4973,47.3,False,0.0433395734025523,0.1047163360227434,0.2080376278167532
2025-08-08,JNJ,short,default,early_watchlist,53.02,0.7332,49.02,False,0.0190965028665146,0.0352361680379642,0.082485205434756
2025-08-08,JNJ,medium,default,early_watchlist,56.44,0.7408,59.4,False,0.0190965028665146,0.0352361680379642,0.082485205434756
2025-08-08,JNJ,long,default,early_watchlist,51.76,0.474,58.05,False,0.0190965028665146,0.0352361680379642,0.082485205434756
2025-09-08,JNJ,short,default,early_watchlist,61.22,0.7605,40.78,False,-0.0040982481316271,0.0563072220913347,0.1605246984842872
2025-09-08,JNJ,medium,default,early_watchlist,63.07,0.7887,53.36,False,-0.0040982481316271,0.0563072220913347,0.1605246984842872
2025-09-08,JNJ,long,default,early_watchlist,58.8,0.4932,59.64,False,-0.0040982481316271,0.0563072220913347,0.1605246984842872
2025-10-06,JNJ,short,default,early_watchlist,53.13,0.7424,45.96,False,0.014561974413483,-0.0100978128405562,0.1068450504956655
2025-10-06,JNJ,medium,default,early_watchlist,59.4,0.805,55.38,False,0.014561974413483,-0.0100978128405562,0.1068450504956655
2025-10-06,JNJ,long,default,early_watchlist,53.94,0.4827,60.15,False,0.014561974413483,-0.0100978128405562,0.1068450504956655
2025-11-03,JNJ,short,default,filtered_out,43.3,0.7196,37.16,False,0.0115431173502194,0.1098693411608935,0.2278152300996301
2025-11-03,JNJ,medium,default,early_watchlist,47.66,0.7762,45.52,False,0.0115431173502194,0.1098693411608935,0.2278152300996301
2025-11-03,JNJ,long,default,early_watchlist,52.01,0.4745,57.75,False,0.0115431173502194,0.1098693411608935,0.2278152300996301
2025-12-02,JNJ,short,default,early_watchlist,52.73,0.7438,45.85,False,-0.0265796837361692,0.0074481155822203,0.2164412519359324
2025-12-02,JNJ,medium,default,early_watchlist,60.91,0.8089,59.66,False,-0.0265796837361692,0.0074481155822203,0.2164412519359324
2025-12-02,JNJ,long,default,early_watchlist,54.26,0.4828,61.38,False,-0.0265796837361692,0.0074481155822203,0.2164412519359324
2025-12-31,JNJ,short,default,early_watchlist,59.08,0.7579,36.29,False,-0.0057985008288471,0.0980913553880133,0.1779614176790311
2025-12-31,JNJ,medium,default,early_watchlist,62.01,0.8114,48.3,False,-0.0057985008288471,0.0980913553880133,0.1779614176790311
2025-12-31,JNJ,long,default,early_watchlist,58.59,0.4933,60.02,False,-0.0057985008288471,0.0980913553880133,0.1779614176790311
2026-01-30,JNJ,short,default,early_watchlist,53.04,0.3588,49.44,False,0.0560616380997951,0.0995879654771134,0.0077049661460388
2026-01-30,JNJ,medium,default,early_watchlist,63.33,0.8274,60.24,False,0.0560616380997951,0.0995879654771134,0.0077049661460388
2026-01-30,JNJ,long,default,early_watchlist,62.63,0.7606,61.48,False,0.0560616380997951,0.0995879654771134,0.0077049661460388
2026-03-02,JNJ,short,default,early_watchlist,50.38,0.3488,47.15,False,-0.0240183654708698,-0.0244206133418735,-0.0641287450033127
2026-03-02,JNJ,medium,default,early_watchlist,60.64,0.8159,61.37,False,-0.0240183654708698,-0.0244206133418735,-0.0641287450033127
2026-03-02,JNJ,long,default,early_watchlist,61.39,0.81,61.38,False,-0.0240183654708698,-0.0244206133418735,-0.0641287450033127
2026-03-30,JNJ,short,default,filtered_out,40.86,0.3284,38.51,False,-0.0168254408452451,-0.0606210903861305,0.0156638020504207
2026-03-30,JNJ,medium,default,early_watchlist,49.41,0.7914,47.08,False,-0.0168254408452451,-0.0606210903861305,0.0156638020504207
2026-03-30,JNJ,long,default,early_watchlist,62.64,0.8128,61.37,False,-0.0168254408452451,-0.0606210903861305,0.0156638020504207
2025-03-17,ABBV,short,default,filtered_out,42.86,0.4635,45.5,False,-0.0247120888396116,-0.1649182085185091,-0.0988495416502223
2025-03-17,ABBV,medium,default,early_watchlist,54.09,0.4891,62.3,False,-0.0247120888396116,-0.1649182085185091,-0.0988495416502223
2025-03-17,ABBV,long,default,early_watchlist,54.67,0.4904,59.05,False,-0.0247120888396116,-0.1649182085185091,-0.0988495416502223
2025-04-14,ABBV,short,default,filtered_out,38.16,0.4491,34.5,False,-0.0207370305550307,0.0593937470789538,0.0844698185790611
2025-04-14,ABBV,medium,default,filtered_out,41.38,0.4564,44.57,False,-0.0207370305550307,0.0593937470789538,0.0844698185790611
2025-04-14,ABBV,long,default,filtered_out,42.33,0.4586,47.55,False,-0.0207370305550307,0.0593937470789538,0.0844698185790611
2025-05-13,ABBV,short,default,filtered_out,44.28,0.4524,38.96,False,-0.0167553005373345,0.0186169261010999,0.0625562508354602
2025-05-13,ABBV,medium,default,filtered_out,36.52,0.4347,43.95,False,-0.0167553005373345,0.0186169261010999,0.0625562508354602
2025-05-13,ABBV,long,default,filtered_out,37.23,0.4363,46.16,False,-0.0167553005373345,0.0186169261010999,0.0625562508354602
2025-06-11,ABBV,short,default,filtered_out,40.16,0.4542,40.57,False,-0.0313836808282382,0.0049609257981388,0.1049711033641669
2025-06-11,ABBV,medium,default,filtered_out,41.23,0.4566,43.9,False,-0.0313836808282382,0.0049609257981388,0.1049711033641669
2025-06-11,ABBV,long,default,filtered_out,42.01,0.4584,46.34,False,-0.0313836808282382,0.0049609257981388,0.1049711033641669
2025-07-11,ABBV,short,default,early_watchlist,49.94,0.4765,39.32,False,-0.0080818838036399,0.0379868842543344,0.2064336104716377
2025-07-11,ABBV,medium,default,early_watchlist,52.41,0.4821,43.54,False,-0.0080818838036399,0.0379868842543344,0.2064336104716377
2025-07-11,ABBV,long,default,early_watchlist,59.21,0.4975,50.2,False,-0.0080818838036399,0.0379868842543344,0.2064336104716377
2025-08-08,ABBV,short,default,filtered_out,44.39,0.4559,42.43,False,0.0436252989221332,0.0592778197430621,0.0779501846792385
2025-08-08,ABBV,medium,default,early_watchlist,47.35,0.4626,48.34,False,0.0436252989221332,0.0592778197430621,0.0779501846792385
2025-08-08,ABBV,long,default,filtered_out,41.34,0.449,51.75,False,0.0436252989221332,0.0592778197430621,0.0779501846792385
2025-09-08,ABBV,short,default,filtered_out,38.6,0.4427,43.2,False,0.0372755187799036,0.0972401308977848,0.0772082932707254
2025-09-08,ABBV,medium,default,early_watchlist,49.87,0.4684,55.48,False,0.0372755187799036,0.0972401308977848,0.0772082932707254
2025-09-08,ABBV,long,default,early_watchlist,51.79,0.4727,58.31,False,0.0372755187799036,0.0972401308977848,0.0772082932707254
2025-10-06,ABBV,short,default,early_watchlist,50.74,0.4355,50.46,False,0.0004778786693067,-0.0725572100571948,-0.0002293030422589
2025-10-06,ABBV,medium,default,early_watchlist,54.16,0.4088,63.17,False,0.0004778786693067,-0.0725572100571948,-0.0002293030422589
2025-10-06,ABBV,long,default,early_watchlist,55.21,0.4111,63.25,False,0.0004778786693067,-0.0725572100571948,-0.0002293030422589
2025-11-03,ABBV,short,default,filtered_out,39.41,0.4065,37.75,False,0.0318456652265299,0.0585487794544983,0.0605976194207873
2025-11-03,ABBV,medium,default,filtered_out,41.89,0.1183,47.24,False,0.0318456652265299,0.0585487794544983,0.0605976194207873
2025-11-03,ABBV,long,default,early_watchlist,51.22,0.2406,55.52,False,0.0318456652265299,0.0585487794544983,0.0605976194207873
2025-12-02,ABBV,short,default,filtered_out,38.81,0.4052,35.89,False,-0.0061505101635246,0.0183624998531133,0.0524793442700006
2025-12-02,ABBV,medium,default,filtered_out,41.73,0.118,46.74,False,-0.0061505101635246,0.0183624998531133,0.0524793442700006
2025-12-02,ABBV,long,default,early_watchlist,52.73,0.3835,55.07,False,-0.0061505101635246,0.0183624998531133,0.0524793442700006
2025-12-31,ABBV,short,default,filtered_out,41.99,0.4192,35.44,False,-0.0190817914500917,-0.0161307806325016,-0.059763195568135
2025-12-31,ABBV,medium,default,filtered_out,43.4,0.1287,41.59,False,-0.0190817914500917,-0.0161307806325016,-0.059763195568135
2025-12-31,ABBV,long,default,early_watchlist,45.97,0.3844,49.56,False,-0.0190817914500917,-0.0161307806325016,-0.059763195568135
2026-01-30,ABBV,short,default,filtered_out,42.74,0.4208,37.81,False,0.0018832790580376,0.050446187015309,-0.1061832581334812
2026-01-30,ABBV,medium,default,filtered_out,42.73,0.1273,39.5,False,0.0018832790580376,0.050446187015309,-0.1061832581334812
2026-01-30,ABBV,long,default,early_watchlist,45.82,0.3194,49.37,False,0.0018832790580376,0.050446187015309,-0.1061832581334812
2026-03-02,ABBV,short,default,early_watchlist,55.88,0.4489,45.06,False,-0.0290702603974939,-0.0902416205809152,-0.0728806273682537
2026-03-02,ABBV,medium,default,early_watchlist,57.2,0.1582,47.67,False,-0.0290702603974939,-0.0902416205809152,-0.0728806273682537
2026-03-02,ABBV,long,default,early_watchlist,59.01,0.2329,51.11,False,-0.0290702603974939,-0.0902416205809152,-0.0728806273682537
2026-03-30,ABBV,short,default,filtered_out,42.97,0.4213,38.5,False,-0.0316722798897178,-0.0647050020455363,0.1503243584570817
2026-03-30,ABBV,medium,default,filtered_out,42.73,0.1273,39.5,False,-0.0316722798897178,-0.0647050020455363,0.1503243584570817
2026-03-30,ABBV,long,default,filtered_out,44.32,0.2021,45.27,False,-0.0316722798897178,-0.0647050020455363,0.1503243584570817
2025-03-17,MRK,short,default,filtered_out,44.58,0.4597,44.78,False,-0.0261631194150551,-0.1647854367974477,-0.152653327179249
2025-03-17,MRK,medium,default,filtered_out,41.78,0.4533,50.21,False,-0.0261631194150551,-0.1647854367974477,-0.152653327179249
2025-03-17,MRK,long,default,filtered_out,40.15,0.4496,45.12,False,-0.0261631194150551,-0.1647854367974477,-0.152653327179249
2025-04-14,MRK,short,default,filtered_out,38.16,0.4491,34.5,False,-0.0025261194453963,-0.0320828435209119,0.0634664124386386
2025-04-14,MRK,medium,default,filtered_out,39.76,0.4527,39.5,False,-0.0025261194453963,-0.0320828435209119,0.0634664124386386
2025-04-14,MRK,long,default,filtered_out,41.55,0.4568,45.12,False,-0.0025261194453963,-0.0320828435209119,0.0634664124386386
2025-05-13,MRK,short,default,filtered_out,39.02,0.4511,37.21,False,0.017486645220317,0.0481534842558879,0.0635248346318504
2025-05-13,MRK,medium,default,filtered_out,40.26,0.4539,41.07,False,0.017486645220317,0.0481534842558879,0.0635248346318504
2025-05-13,MRK,long,default,filtered_out,41.86,0.4575,46.08,False,0.017486645220317,0.0481534842558879,0.0635248346318504
2025-06-11,MRK,short,default,filtered_out,40.5,0.455,41.63,False,-0.0029396770340929,0.0482399514105591,0.0574195762859575
2025-06-11,MRK,medium,default,filtered_out,41.31,0.4568,44.15,False,-0.0029396770340929,0.0482399514105591,0.0574195762859575
2025-06-11,MRK,long,default,filtered_out,41.62,0.4575,45.12,False,-0.0029396770340929,0.0482399514105591,0.0574195762859575
2025-07-11,MRK,short,default,filtered_out,44.09,0.4559,45.21,False,-0.0407869439557381,-0.0320296703859005,0.0757817991000782
2025-07-11,MRK,medium,default,early_watchlist,46.3,0.461,48.6,False,-0.0407869439557381,-0.0320296703859005,0.0757817991000782
2025-07-11,MRK,long,default,filtered_out,39.56,0.4456,49.07,False,-0.0407869439557381,-0.0320296703859005,0.0757817991000782
2025-08-08,MRK,short,default,filtered_out,39.53,0.05,36.27,False,0.0436235600407541,0.0421364665059027,0.032405916832396
2025-08-08,MRK,medium,default,filtered_out,41.33,0.236,41.92,False,0.0436235600407541,0.0421364665059027,0.032405916832396
2025-08-08,MRK,long,default,filtered_out,43.53,0.4606,48.43,False,0.0436235600407541,0.0421364665059027,0.032405916832396
2025-09-08,MRK,short,default,filtered_out,36.8,0.05,38.11,False,-0.0269911237244128,0.0664427688939179,0.2133188389544995
2025-09-08,MRK,medium,default,early_watchlist,51.36,0.2764,47.78,False,-0.0269911237244128,0.0664427688939179,0.2133188389544995
2025-09-08,MRK,long,default,filtered_out,41.07,0.4478,51.11,False,-0.0269911237244128,0.0664427688939179,0.2133188389544995
2025-10-06,MRK,short,default,filtered_out,42.49,0.05,55.2,False,-0.0349099672364352,-0.0710585581130156,0.1954916139253721
2025-10-06,MRK,medium,default,early_watchlist,55.25,0.747,52.33,False,-0.0349099672364352,-0.0710585581130156,0.1954916139253721
2025-10-06,MRK,long,default,early_watchlist,51.07,0.4724,56.12,False,-0.0349099672364352,-0.0710585581130156,0.1954916139253721
2025-11-03,MRK,short,default,filtered_out,40.34,0.05,38.58,False,0.0516425744018309,0.2247545146318261,0.3481933664410908
2025-11-03,MRK,medium,default,early_watchlist,47.99,0.723,43.3,False,0.0516425744018309,0.2247545146318261,0.3481933664410908
2025-11-03,MRK,long,default,filtered_out,43.81,0.4618,49.09,False,0.0516425744018309,0.2247545146318261,0.3481933664410908
2025-12-02,MRK,short,default,early_watchlist,50.27,0.2349,50.57,False,-0.0409780539844626,0.0507735856492732,0.2119933788703432
2025-12-02,MRK,medium,default,early_watchlist,57.93,0.5074,62.9,False,-0.0409780539844626,0.0507735856492732,0.2119933788703432
2025-12-02,MRK,long,default,early_watchlist,55.93,0.2731,60.27,False,-0.0409780539844626,0.0507735856492732,0.2119933788703432
2025-12-31,MRK,short,default,early_watchlist,46.35,0.05,42.67,False,0.0544366504822237,0.0475963822548688,0.1302939086973853
2025-12-31,MRK,medium,default,early_watchlist,54.22,0.522,57.71,False,0.0544366504822237,0.0475963822548688,0.1302939086973853
2025-12-31,MRK,long,default,early_watchlist,53.17,0.3,61.38,False,0.0544366504822237,0.0475963822548688,0.1302939086973853
2026-01-30,MRK,short,default,early_watchlist,47.99,0.05,43.7,False,0.1057405019499309,0.1010248228663084,0.0052141835001706
2026-01-30,MRK,medium,default,early_watchlist,55.41,0.7439,55.67,False,0.1057405019499309,0.1010248228663084,0.0052141835001706
2026-01-30,MRK,long,default,early_watchlist,57.03,0.7408,62.55,False,0.1057405019499309,0.1010248228663084,0.0052141835001706
2026-03-02,MRK,short,default,filtered_out,40.15,0.05,43.3,False,-0.0354172273614327,-0.0200581917481416,-0.0023014388152974
2026-03-02,MRK,medium,default,early_watchlist,60.96,0.8156,59.56,False,-0.0354172273614327,-0.0200581917481416,-0.0023014388152974
2026-03-02,MRK,long,default,early_watchlist,60.81,0.8081,61.38,False,-0.0354172273614327,-0.0200581917481416,-0.0023014388152974
2026-03-30,MRK,short,default,filtered_out,38.62,0.05,38.32,False,0.0099914887558989,-0.0683319321435029,0.0698741193438956
2026-03-30,MRK,medium,default,early_watchlist,49.14,0.7922,45.55,False,0.0099914887558989,-0.0683319321435029,0.0698741193438956
2026-03-30,MRK,long,default,early_watchlist,62.5,0.8125,61.44,False,0.0099914887558989,-0.0683319321435029,0.0698741193438956
2025-03-17,TMO,short,default,filtered_out,41.71,0.3891,34.5,False,0.0006350811460447,-0.1351887829161401,-0.2009739130475833
2025-03-17,TMO,medium,default,filtered_out,39.73,0.05,39.5,False,0.0006350811460447,-0.1351887829161401,-0.2009739130475833
2025-03-17,TMO,long,default,filtered_out,41.6,0.4573,45.12,False,0.0006350811460447,-0.1351887829161401,-0.2009739130475833
2025-04-14,TMO,short,default,filtered_out,42.54,0.388,37.12,False,-0.0324928565214202,-0.0453564062715903,-0.0312004626415262
2025-04-14,TMO,medium,default,filtered_out,39.74,0.05,39.5,False,-0.0324928565214202,-0.0453564062715903,-0.0312004626415262
2025-04-14,TMO,long,default,filtered_out,41.67,0.4576,45.29,False,-0.0324928565214202,-0.0453564062715903,-0.0312004626415262
2025-05-13,TMO,short,default,filtered_out,43.96,0.3929,41.31,False,-0.0354353930636689,-0.0321715551327858,0.075177777024874
2025-05-13,TMO,medium,default,filtered_out,39.81,0.05,39.5,False,-0.0354353930636689,-0.0321715551327858,0.075177777024874
2025-05-13,TMO,long,default,filtered_out,41.68,0.4582,45.12,False,-0.0354353930636689,-0.0321715551327858,0.075177777024874
2025-06-11,TMO,short,default,filtered_out,44.03,0.3953,41.3,False,-0.0534340399532089,0.0485623945131046,0.1758530106189801
2025-06-11,TMO,medium,default,filtered_out,40.07,0.05,40.1,False,-0.0534340399532089,0.0485623945131046,0.1758530106189801
2025-06-11,TMO,long,default,filtered_out,41.78,0.4584,45.42,False,-0.0534340399532089,0.0485623945131046,0.1758530106189801
2025-07-11,TMO,short,default,early_watchlist,50.59,0.4056,45.48,False,-0.0462447772471844,0.0594674515994912,0.2519852289094322
2025-07-11,TMO,medium,default,filtered_out,42.69,0.05,48.51,False,-0.0462447772471844,0.0594674515994912,0.2519852289094322
2025-07-11,TMO,long,default,filtered_out,41.68,0.4582,45.12,False,-0.0462447772471844,0.0594674515994912,0.2519852289094322
2025-08-08,TMO,short,default,early_watchlist,45.45,0.3305,44.22,False,0.0614038551696061,0.0584519276512833,0.2271814799539104
2025-08-08,TMO,medium,default,early_watchlist,51.92,0.05,55.42,False,0.0614038551696061,0.0584519276512833,0.2271814799539104
2025-08-08,TMO,long,default,early_watchlist,45.14,0.4661,52.79,False,0.0614038551696061,0.0584519276512833,0.2271814799539104
2025-09-08,TMO,short,default,filtered_out,41.19,0.3238,40.68,False,-0.0261746674511935,0.116453007021047,0.1912046977151071
2025-09-08,TMO,medium,default,early_watchlist,50.27,0.05,55.73,False,-0.0261746674511935,0.116453007021047,0.1912046977151071
2025-09-08,TMO,long,default,early_watchlist,52.15,0.4741,58.14,False,-0.0261746674511935,0.116453007021047,0.1912046977151071
2025-10-06,TMO,short,default,early_watchlist,56.87,0.2868,59.45,False,-0.0356098714669617,0.0384777752924385,0.0660644019876512
2025-10-06,TMO,medium,default,early_watchlist,58.43,0.4877,62.63,False,-0.0356098714669617,0.0384777752924385,0.0660644019876512
2025-10-06,TMO,long,default,early_watchlist,61.95,0.7584,60.21,False,-0.0356098714669617,0.0384777752924385,0.0660644019876512
2025-11-03,TMO,short,default,early_watchlist,50.84,0.3262,45.47,False,0.0203052032069674,0.0274217213342991,0.0250763463072396
2025-11-03,TMO,medium,default,early_watchlist,55.51,0.639,56.79,False,0.0203052032069674,0.0274217213342991,0.0250763463072396
2025-11-03,TMO,long,default,early_watchlist,59.9,0.775,61.38,False,0.0203052032069674,0.0274217213342991,0.0250763463072396
2025-12-02,TMO,short,default,filtered_out,41.97,0.3272,38.1,False,-0.0298084510743563,-0.0008343573861033,-0.12303802895933
2025-12-02,TMO,medium,default,early_watchlist,56.08,0.644,52.45,False,-0.0298084510743563,-0.0008343573861033,-0.12303802895933
2025-12-02,TMO,long,default,early_watchlist,61.82,0.8003,61.55,False,-0.0298084510743563,-0.0008343573861033,-0.12303802895933
2025-12-31,TMO,short,default,filtered_out,40.01,0.2867,35.6,False,0.0466821849668095,-0.0014496294658429,-0.1707230257835624
2025-12-31,TMO,medium,default,early_watchlist,45.27,0.6656,45.1,False,0.0466821849668095,-0.0014496294658429,-0.1707230257835624
2025-12-31,TMO,long,default,early_watchlist,59.54,0.7916,57.39,False,0.0466821849668095,-0.0014496294658429,-0.1707230257835624
2026-01-30,TMO,short,default,filtered_out,41.78,0.2332,41.12,False,-0.0618378412658147,-0.1210315396729767,-0.186524875543013
2026-01-30,TMO,medium,default,filtered_out,44.22,0.4822,44.4,False,-0.0618378412658147,-0.1210315396729767,-0.186524875543013
2026-01-30,TMO,long,default,early_watchlist,53.72,0.4553,53.7,False,-0.0618378412658147,-0.1210315396729767,-0.186524875543013
2026-03-02,TMO,short,default,filtered_out,43.05,0.2423,34.72,False,0.0027331621895287,-0.0551642052794919,-0.1020861149913446
2026-03-02,TMO,medium,default,early_watchlist,45.98,0.4928,39.5,False,0.0027331621895287,-0.0551642052794919,-0.1020861149913446
2026-03-02,TMO,long,default,early_watchlist,45.93,0.1984,46.24,False,0.0027331621895287,-0.0551642052794919,-0.1020861149913446
2026-03-30,TMO,short,default,filtered_out,43.11,0.2424,34.9,False,0.0196854820619776,-0.0204769791005454,0.0545922323455529
2026-03-30,TMO,medium,default,early_watchlist,45.98,0.4928,39.5,False,0.0196854820619776,-0.0204769791005454,0.0545922323455529
2026-03-30,TMO,long,default,early_watchlist,45.57,0.1977,45.12,False,0.0196854820619776,-0.0204769791005454,0.0545922323455529
2025-03-17,ISRG,short,default,filtered_out,40.07,0.05,35.78,False,0.0404664469584126,0.0027209842943103,0.0687602008815884
2025-03-17,ISRG,medium,default,filtered_out,42.7,0.1625,41.43,False,0.0404664469584126,0.0027209842943103,0.0687602008815884
2025-03-17,ISRG,long,default,filtered_out,42.41,0.05,48.3,False,0.0404664469584126,0.0027209842943103,0.0687602008815884
2025-04-14,ISRG,short,default,filtered_out,41.42,0.05,40.22,False,-0.0232387622364821,0.1506131160892072,0.044743215998426
2025-04-14,ISRG,medium,default,filtered_out,42.08,0.1599,39.71,False,-0.0232387622364821,0.1506131160892072,0.044743215998426
2025-04-14,ISRG,long,default,filtered_out,41.39,0.05,45.12,False,-0.0232387622364821,0.1506131160892072,0.044743215998426
2025-05-13,ISRG,short,default,early_watchlist,56.83,0.05,59.67,False,-0.0120401434799638,-0.0736590799952855,-0.1664509683533884
2025-05-13,ISRG,medium,default,early_watchlist,46.2,0.1679,57.5,False,-0.0120401434799638,-0.0736590799952855,-0.1664509683533884
2025-05-13,ISRG,long,default,filtered_out,40.69,0.05,48.32,False,-0.0120401434799638,-0.0736590799952855,-0.1664509683533884
2025-06-11,ISRG,short,default,filtered_out,41.02,0.05,35.87,False,-0.0247315012620974,-0.0198119793227493,-0.1003234544491197
2025-06-11,ISRG,medium,default,filtered_out,43.4,0.1651,43.63,False,-0.0247315012620974,-0.0198119793227493,-0.1003234544491197
2025-06-11,ISRG,long,default,filtered_out,42.71,0.05,49.27,False,-0.0247315012620974,-0.0198119793227493,-0.1003234544491197
2025-07-11,ISRG,short,default,filtered_out,41.89,0.05,38.56,False,0.0128109940043561,-0.0819826020124222,-0.1218021236076943
2025-07-11,ISRG,medium,default,filtered_out,43.87,0.166,45.09,False,0.0128109940043561,-0.0819826020124222,-0.1218021236076943
2025-07-11,ISRG,long,default,filtered_out,42.7,0.05,49.25,False,0.0128109940043561,-0.0819826020124222,-0.1218021236076943
2025-08-08,ISRG,short,default,filtered_out,41.36,0.05,34.5,False,0.0216559383172003,-0.0001701552385773,0.1576966420990029
2025-08-08,ISRG,medium,default,filtered_out,43.15,0.1648,39.5,False,0.0216559383172003,-0.0001701552385773,0.1576966420990029
2025-08-08,ISRG,long,default,filtered_out,42.46,0.05,45.12,False,0.0216559383172003,-0.0001701552385773,0.1576966420990029
2025-09-08,ISRG,short,default,filtered_out,41.21,0.05,34.5,False,-0.0766170420545212,-0.0432127607629654,0.2079148312832446
2025-09-08,ISRG,medium,default,filtered_out,43.01,0.163,39.5,False,-0.0766170420545212,-0.0432127607629654,0.2079148312832446
2025-09-08,ISRG,long,default,filtered_out,42.38,0.05,45.12,False,-0.0766170420545212,-0.0432127607629654,0.2079148312832446
2025-10-06,ISRG,short,default,filtered_out,43.02,0.05,38.51,False,-0.0310435886483757,0.2101892837690244,0.2594453563048873
2025-10-06,ISRG,medium,default,filtered_out,43.24,0.1664,39.55,False,-0.0310435886483757,0.2101892837690244,0.2594453563048873
2025-10-06,ISRG,long,default,filtered_out,42.53,0.05,45.13,False,-0.0310435886483757,0.2101892837690244,0.2594453563048873
2025-11-03,ISRG,short,default,early_watchlist,48.49,0.05,53.7,False,0.0587824349842318,0.043200139250008,-0.0734826981079787
2025-11-03,ISRG,medium,default,early_watchlist,55.15,0.1871,58.12,False,0.0587824349842318,0.043200139250008,-0.0734826981079787
2025-11-03,ISRG,long,default,early_watchlist,46.46,0.05,57.62,False,0.0587824349842318,0.043200139250008,-0.0734826981079787
2025-12-02,ISRG,short,default,filtered_out,44.49,0.0997,40.09,False,-0.0168920705897227,-0.0023955214220809,-0.1258894778963103
2025-12-02,ISRG,medium,default,early_watchlist,55.99,0.2827,57.14,False,-0.0168920705897227,-0.0023955214220809,-0.1258894778963103
2025-12-02,ISRG,long,default,early_watchlist,54.37,0.05,58.76,False,-0.0168920705897227,-0.0023955214220809,-0.1258894778963103
2025-12-31,ISRG,short,default,filtered_out,39.35,0.2081,35.42,False,0.0330532386158266,-0.1097181752561254,-0.2005438051944329
2025-12-31,ISRG,medium,default,filtered_out,42.51,0.2494,46.31,False,0.0330532386158266,-0.1097181752561254,-0.2005438051944329
2025-12-31,ISRG,long,default,early_watchlist,52.57,0.05,59.75,False,0.0330532386158266,-0.1097181752561254,-0.2005438051944329
2026-01-30,ISRG,short,default,filtered_out,42.61,0.2025,34.5,False,-0.0318710231353649,-0.0158065947431834,-0.0745309318973572
2026-01-30,ISRG,medium,default,filtered_out,43.3,0.0942,39.59,False,-0.0318710231353649,-0.0158065947431834,-0.0745309318973572
2026-01-30,ISRG,long,default,filtered_out,43.62,0.05,47.34,False,-0.0318710231353649,-0.0158065947431834,-0.0745309318973572
2026-03-02,ISRG,short,default,filtered_out,43.27,0.2005,36.45,False,-0.0054206598315491,-0.0875969797898299,-0.1565743319033375
2026-03-02,ISRG,medium,default,filtered_out,43.34,0.0957,39.5,False,-0.0054206598315491,-0.0875969797898299,-0.1565743319033375
2026-03-02,ISRG,long,default,filtered_out,43.36,0.05,46.53,False,-0.0054206598315491,-0.0875969797898299,-0.1565743319033375
2026-03-30,ISRG,short,default,filtered_out,43.01,0.2013,36.21,False,0.000375487937172,0.0306109278380393,-0.1172534044812541
2026-03-30,ISRG,medium,default,filtered_out,43.48,0.0929,40.62,False,0.000375487937172,0.0306109278380393,-0.1172534044812541
2026-03-30,ISRG,long,default,filtered_out,43.02,0.05,45.94,False,0.000375487937172,0.0306109278380393,-0.1172534044812541
2025-03-17,SYK,short,default,filtered_out,38.43,0.4495,35.41,False,0.0020884717767373,-0.0515505141131029,0.0226786976127499
2025-03-17,SYK,medium,default,filtered_out,40.09,0.4533,40.61,False,0.0020884717767373,-0.0515505141131029,0.0226786976127499
2025-03-17,SYK,long,default,filtered_out,41.94,0.4575,46.37,False,0.0020884717767373,-0.0515505141131029,0.0226786976127499
2025-04-14,SYK,short,default,filtered_out,38.82,0.4499,36.84,False,-0.0149964024333903,0.0965139138106783,0.1043320541305492
2025-04-14,SYK,medium,default,filtered_out,39.67,0.4518,39.5,False,-0.0149964024333903,0.0965139138106783,0.1043320541305492
2025-04-14,SYK,long,default,filtered_out,41.47,0.4559,45.12,False,-0.0149964024333903,0.0965139138106783,0.1043320541305492
2025-05-13,SYK,short,default,early_watchlist,48.09,0.4715,48.55,False,0.0052125498205681,-0.016643806703968,-0.0235913220631923
2025-05-13,SYK,medium,default,filtered_out,43.63,0.4614,51.65,False,0.0052125498205681,-0.016643806703968,-0.0235913220631923
2025-05-13,SYK,long,default,filtered_out,42.44,0.4587,47.94,False,0.0052125498205681,-0.016643806703968,-0.0235913220631923
2025-06-11,SYK,short,default,filtered_out,34.98,0.4351,34.82,False,-0.0205205695765111,0.0241761869426879,0.0337746551699398
2025-06-11,SYK,medium,default,filtered_out,37.61,0.441,43.02,False,-0.0205205695765111,0.0241761869426879,0.0337746551699398
2025-06-11,SYK,long,default,early_watchlist,51.35,0.4723,47.74,False,-0.0205205695765111,0.0241761869426879,0.0337746551699398
2025-07-11,SYK,short,default,filtered_out,35.88,0.4371,37.61,False,-0.0001541176971602,-0.0305038263458464,-0.0573776941111208
2025-07-11,SYK,medium,default,early_watchlist,49.84,0.4689,46.31,False,-0.0001541176971602,-0.0305038263458464,-0.0573776941111208
2025-07-11,SYK,long,default,filtered_out,40.74,0.4482,52.81,False,-0.0001541176971602,-0.0305038263458464,-0.0573776941111208
2025-08-08,SYK,short,default,filtered_out,39.2,0.4519,34.5,False,0.0114677354155723,0.0411303510553411,-0.0492737454707323
2025-08-08,SYK,medium,default,filtered_out,41.07,0.4561,40.35,False,0.0114677354155723,0.0411303510553411,-0.0492737454707323
2025-08-08,SYK,long,default,filtered_out,42.98,0.2763,45.52,False,0.0114677354155723,0.0411303510553411,-0.0492737454707323
2025-09-08,SYK,short,default,early_watchlist,53.55,0.4805,37.64,False,-0.0407010132611603,-0.0661298241891076,-0.0651099520930669
2025-09-08,SYK,medium,default,early_watchlist,56.55,0.4873,44.17,False,-0.0407010132611603,-0.0661298241891076,-0.0651099520930669
2025-09-08,SYK,long,default,early_watchlist,61.75,0.7464,49.55,False,-0.0407010132611603,-0.0661298241891076,-0.0651099520930669
2025-10-06,SYK,short,default,filtered_out,39.22,0.4519,34.56,False,-0.0037128606863526,-0.0221688366588184,-0.0380430081846854
2025-10-06,SYK,medium,default,filtered_out,41.0,0.4559,40.12,False,-0.0037128606863526,-0.0221688366588184,-0.0380430081846854
2025-10-06,SYK,long,default,filtered_out,42.85,0.05,46.27,False,-0.0037128606863526,-0.0221688366588184,-0.0380430081846854
2025-11-03,SYK,short,default,filtered_out,39.88,0.4534,36.62,False,-0.0087670031046832,0.023788287257745,0.0343998768844342
2025-11-03,SYK,medium,default,filtered_out,41.11,0.4562,40.48,False,-0.0087670031046832,0.023788287257745,0.0343998768844342
2025-11-03,SYK,long,default,filtered_out,42.65,0.05,45.65,False,-0.0087670031046832,0.023788287257745,0.0343998768844342
2025-12-02,SYK,short,default,filtered_out,39.43,0.4524,35.22,False,-0.0475891852117668,-0.0390924076255502,0.0581000815092729
2025-12-02,SYK,medium,default,filtered_out,41.37,0.4568,41.29,False,-0.0475891852117668,-0.0390924076255502,0.0581000815092729
2025-12-02,SYK,long,default,filtered_out,42.48,0.05,45.12,False,-0.0475891852117668,-0.0390924076255502,0.0581000815092729
2025-12-31,SYK,short,default,filtered_out,39.2,0.4519,34.5,False,0.0447833401962356,0.0514694976800713,-0.0721826010978839
2025-12-31,SYK,medium,default,filtered_out,40.8,0.4555,39.5,False,0.0447833401962356,0.0514694976800713,-0.0721826010978839
2025-12-31,SYK,long,default,filtered_out,42.48,0.05,45.12,False,0.0447833401962356,0.0514694976800713,-0.0721826010978839
2026-01-30,SYK,short,default,early_watchlist,46.21,0.4606,46.05,False,-0.0304956252052734,0.0472453587856378,-0.1278825043744627
2026-01-30,SYK,medium,default,filtered_out,40.32,0.4472,48.37,False,-0.0304956252052734,0.0472453587856378,-0.1278825043744627
2026-01-30,SYK,long,default,filtered_out,40.66,0.05,49.81,False,-0.0304956252052734,0.0472453587856378,-0.1278825043744627
2026-03-02,SYK,short,default,early_watchlist,51.77,0.7593,44.82,False,-0.0545190595763079,-0.1574078874746373,-0.2073591558060925
2026-03-02,SYK,medium,default,early_watchlist,48.49,0.4658,50.17,False,-0.0545190595763079,-0.1574078874746373,-0.2073591558060925
2026-03-02,SYK,long,default,filtered_out,41.38,0.05,52.05,False,-0.0545190595763079,-0.1574078874746373,-0.2073591558060925
2026-03-30,SYK,short,default,early_watchlist,45.57,0.7122,34.5,False,0.0210627434801078,-0.0116536442100836,-0.0280118380551793
2026-03-30,SYK,medium,default,filtered_out,40.71,0.05,39.5,False,0.0210627434801078,-0.0116536442100836,-0.0280118380551793
2026-03-30,SYK,long,default,filtered_out,42.71,0.05,45.12,False,0.0210627434801078,-0.0116536442100836,-0.0280118380551793
2025-03-17,BSX,short,default,early_watchlist,42.36,0.6026,39.57,False,0.0381192779059758,-0.0468150132596406,0.0050556116510187
2025-03-17,BSX,medium,default,early_watchlist,45.36,0.7213,44.49,False,0.0381192779059758,-0.0468150132596406,0.0050556116510187
2025-03-17,BSX,long,default,early_watchlist,52.89,0.451,55.43,False,0.0381192779059758,-0.0468150132596406,0.0050556116510187
2025-04-14,BSX,short,default,early_watchlist,44.54,0.5685,37.48,False,0.0082741745673837,0.0920759585686714,0.0947279158074796
2025-04-14,BSX,medium,default,early_watchlist,45.82,0.6174,39.6,False,0.0082741745673837,0.0920759585686714,0.0947279158074796
2025-04-14,BSX,long,default,filtered_out,42.35,0.05,46.98,False,0.0082741745673837,0.0920759585686714,0.0947279158074796
2025-05-13,BSX,short,default,early_watchlist,47.32,0.6207,44.35,False,0.0348713363157264,-0.0344827151782047,0.0018455798643857
2025-05-13,BSX,medium,default,early_watchlist,49.29,0.6287,49.78,False,0.0348713363157264,-0.0344827151782047,0.0018455798643857
2025-05-13,BSX,long,default,filtered_out,43.13,0.05,49.21,False,0.0348713363157264,-0.0344827151782047,0.0018455798643857
2025-06-11,BSX,short,default,early_watchlist,43.98,0.577,34.78,False,0.0198189254573626,0.0382293296180076,0.0879275425513355
2025-06-11,BSX,medium,default,early_watchlist,46.69,0.6237,41.65,False,0.0198189254573626,0.0382293296180076,0.0879275425513355
2025-06-11,BSX,long,default,filtered_out,42.81,0.1351,47.7,False,0.0198189254573626,0.0382293296180076,0.0879275425513355
2025-07-11,BSX,short,default,early_watchlist,44.37,0.5776,35.98,False,0.0042635896745899,-0.0005813717089918,-0.0629844979865642
2025-07-11,BSX,medium,default,early_watchlist,46.83,0.5505,45.22,False,0.0042635896745899,-0.0005813717089918,-0.0629844979865642
2025-07-11,BSX,long,default,early_watchlist,47.15,0.5215,51.19,False,0.0042635896745899,-0.0005813717089918,-0.0629844979865642
2025-08-08,BSX,short,default,early_watchlist,41.94,0.5755,34.99,False,0.0002908549493347,0.0484777974557737,-0.0441148252732535
2025-08-08,BSX,medium,default,filtered_out,42.38,0.4661,39.69,False,0.0002908549493347,0.0484777974557737,-0.0441148252732535
2025-08-08,BSX,long,default,early_watchlist,55.35,0.5141,46.4,False,0.0002908549493347,0.0484777974557737,-0.0441148252732535
2025-09-08,BSX,short,default,near_watchlist,59.1,0.6113,42.74,False,-0.0764749092818845,-0.1057888154796987,-0.08433514701365
2025-09-08,BSX,medium,default,near_watchlist,63.95,0.8268,48.02,False,-0.0764749092818845,-0.1057888154796987,-0.08433514701365
2025-09-08,BSX,long,default,early_watchlist,64.28,0.7036,54.07,False,-0.0764749092818845,-0.1057888154796987,-0.08433514701365
2025-10-06,BSX,short,default,early_watchlist,45.16,0.5876,34.5,False,-0.0180972084304891,0.0195449787931227,-0.0139606878668637
2025-10-06,BSX,medium,default,early_watchlist,45.51,0.3187,39.5,False,-0.0180972084304891,0.0195449787931227,-0.0139606878668637
2025-10-06,BSX,long,default,filtered_out,43.6,0.05,45.12,False,-0.0180972084304891,0.0195449787931227,-0.0139606878668637
2025-11-03,BSX,short,default,early_watchlist,46.0,0.5895,37.31,False,0.0235318735205907,0.0043615003666503,-0.051323640800756
2025-11-03,BSX,medium,default,early_watchlist,45.92,0.3197,40.97,False,0.0235318735205907,0.0043615003666503,-0.051323640800756
2025-11-03,BSX,long,default,filtered_out,43.52,0.05,45.12,False,0.0235318735205907,0.0043615003666503,-0.051323640800756
2025-12-02,BSX,short,default,early_watchlist,45.38,0.5807,35.5,False,-0.0655422953321618,-0.0370632023163403,-0.2302564754122296
2025-12-02,BSX,medium,default,early_watchlist,45.56,0.3191,39.83,False,-0.0655422953321618,-0.0370632023163403,-0.2302564754122296
2025-12-02,BSX,long,default,filtered_out,43.52,0.05,45.12,False,-0.0655422953321618,-0.0370632023163403,-0.2302564754122296
2025-12-31,BSX,short,default,early_watchlist,45.2,0.5804,34.92,False,0.0317776489542287,-0.0190875692076512,-0.3400104739146316
2025-12-31,BSX,medium,default,early_watchlist,45.45,0.319,39.5,False,0.0317776489542287,-0.0190875692076512,-0.3400104739146316
2025-12-31,BSX,long,default,filtered_out,43.52,0.05,45.12,False,0.0317776489542287,-0.0190875692076512,-0.3400104739146316
2026-01-30,BSX,short,default,early_watchlist,45.47,0.5804,35.6,False,-0.1845397451245451,-0.1850742840213247,-0.3750668071656435
2026-01-30,BSX,medium,default,early_watchlist,45.69,0.319,40.08,False,-0.1845397451245451,-0.1850742840213247,-0.3750668071656435
2026-01-30,BSX,long,default,filtered_out,43.86,0.05,45.92,False,-0.1845397451245451,-0.1850742840213247,-0.3750668071656435
2026-03-02,BSX,short,default,early_watchlist,46.02,0.5835,36.99,False,-0.0566780323489526,-0.1743636932915381,-0.3379690596125765
2026-03-02,BSX,medium,default,early_watchlist,45.61,0.3209,39.5,False,-0.0566780323489526,-0.1743636932915381,-0.3379690596125765
2026-03-02,BSX,long,default,filtered_out,43.6,0.05,45.12,False,-0.0566780323489526,-0.1743636932915381,-0.3379690596125765
2026-03-30,BSX,short,default,early_watchlist,46.49,0.5803,39.3,False,-0.0170030142958097,-0.0711902037265342,-0.2976322811283357
2026-03-30,BSX,medium,default,early_watchlist,46.5,0.3185,43.1,False,-0.0170030142958097,-0.0711902037265342,-0.2976322811283357
2026-03-30,BSX,long,default,filtered_out,44.25,0.05,47.62,False,-0.0170030142958097,-0.0711902037265342,-0.2976322811283357
2025-03-17,VRTX,short,default,early_watchlist,48.4,0.29,47.96,False,-0.003931834889546,-0.0348996084797237,-0.1193553530026454
2025-03-17,VRTX,medium,default,early_watchlist,53.87,0.4742,62.06,False,-0.003931834889546,-0.0348996084797237,-0.1193553530026454
2025-03-17,VRTX,long,default,early_watchlist,51.69,0.4757,57.03,False,-0.003931834889546,-0.0348996084797237,-0.1193553530026454
2025-04-14,VRTX,short,default,filtered_out,39.31,0.2699,39.78,False,-0.0108101274564226,-0.1287336149504193,-0.0544137732678613
2025-04-14,VRTX,medium,default,filtered_out,39.17,0.05,46.81,False,-0.0108101274564226,-0.1287336149504193,-0.0544137732678613
2025-04-14,VRTX,long,default,early_watchlist,56.65,0.7564,56.31,False,-0.0108101274564226,-0.1287336149504193,-0.0544137732678613
2025-05-13,VRTX,short,default,filtered_out,40.94,0.2801,34.5,False,0.0351388719346787,0.0473148204662181,-0.151527757997866
2025-05-13,VRTX,medium,default,filtered_out,40.61,0.05,40.94,False,0.0351388719346787,0.0473148204662181,-0.151527757997866
2025-05-13,VRTX,long,default,filtered_out,41.87,0.05,46.36,False,0.0351388719346787,0.0473148204662181,-0.151527757997866
2025-06-11,VRTX,short,default,filtered_out,42.36,0.285,38.68,False,-0.0089293796373477,0.0362700105507018,-0.1264035057307133
2025-06-11,VRTX,medium,default,filtered_out,41.35,0.05,43.05,False,-0.0089293796373477,0.0362700105507018,-0.1264035057307133
2025-06-11,VRTX,long,default,filtered_out,41.84,0.05,46.08,False,-0.0089293796373477,0.0362700105507018,-0.1264035057307133
2025-07-11,VRTX,short,default,early_watchlist,48.71,0.4529,42.52,False,-0.019281237980673,-0.218214772798798,-0.1406633493622486
2025-07-11,VRTX,medium,default,filtered_out,39.17,0.05,45.74,False,-0.019281237980673,-0.218214772798798,-0.1406633493622486
2025-07-11,VRTX,long,default,filtered_out,38.76,0.0749,45.15,False,-0.019281237980673,-0.218214772798798,-0.1406633493622486
2025-08-08,VRTX,short,default,filtered_out,43.05,0.3224,35.05,False,0.0716156473728648,0.0783270332999939,0.1622196487939213
2025-08-08,VRTX,medium,default,filtered_out,41.99,0.05,42.12,False,0.0716156473728648,0.0783270332999939,0.1622196487939213
2025-08-08,VRTX,long,default,filtered_out,43.31,0.05,47.58,False,0.0716156473728648,0.0783270332999939,0.1622196487939213
2025-09-08,VRTX,short,default,filtered_out,43.68,0.3277,36.53,False,-0.0051613119416112,0.0193548232675127,0.095888662609701
2025-09-08,VRTX,medium,default,filtered_out,43.17,0.05,45.38,False,-0.0051613119416112,0.0193548232675127,0.095888662609701
2025-09-08,VRTX,long,default,filtered_out,42.65,0.05,45.12,False,-0.0051613119416112,0.0193548232675127,0.095888662609701
2025-10-06,VRTX,short,default,filtered_out,44.75,0.3295,39.88,False,0.0110945676059046,0.0573343421530321,0.1252419762211329
2025-10-06,VRTX,medium,default,filtered_out,42.01,0.05,41.75,False,0.0110945676059046,0.0573343421530321,0.1252419762211329
2025-10-06,VRTX,long,default,filtered_out,42.65,0.05,45.12,False,0.0110945676059046,0.0573343421530321,0.1252419762211329
2025-11-03,VRTX,short,default,early_watchlist,55.0,0.3038,45.43,False,-0.0112675769787998,0.0167840232311839,0.1030516288649867
2025-11-03,VRTX,medium,default,early_watchlist,51.32,0.05,51.63,False,-0.0112675769787998,0.0167840232311839,0.1030516288649867
2025-11-03,VRTX,long,default,filtered_out,43.51,0.05,52.92,False,-0.0112675769787998,0.0167840232311839,0.1030516288649867
2025-12-02,VRTX,short,default,early_watchlist,51.85,0.3915,39.37,False,0.0089114993040104,0.0466581824768719,0.1220824324782281
2025-12-02,VRTX,medium,default,early_watchlist,48.7,0.05,48.14,False,0.0089114993040104,0.0466581824768719,0.1220824324782281
2025-12-02,VRTX,long,default,filtered_out,42.0,0.05,52.8,False,0.0089114993040104,0.0466581824768719,0.1220824324782281
2025-12-31,VRTX,short,default,filtered_out,41.99,0.4011,39.11,False,0.0359978997960379,0.0364831680768997,-0.0224986368868514
2025-12-31,VRTX,medium,default,early_watchlist,49.91,0.05,51.69,False,0.0359978997960379,0.0364831680768997,-0.0224986368868514
2025-12-31,VRTX,long,default,early_watchlist,51.91,0.05,57.11,False,0.0359978997960379,0.0364831680768997,-0.0224986368868514
2026-01-30,VRTX,short,default,early_watchlist,59.87,0.3986,38.21,False,0.0170675029483331,0.0343264632737276,-0.0846137045424302
2026-01-30,VRTX,medium,default,early_watchlist,58.16,0.1089,49.56,False,0.0170675029483331,0.0343264632737276,-0.0846137045424302
2026-01-30,VRTX,long,default,early_watchlist,60.72,0.05,58.75,False,0.0170675029483331,0.0343264632737276,-0.0846137045424302
2026-03-02,VRTX,short,default,early_watchlist,57.2,0.2668,40.62,False,-0.0517663595360383,-0.0882044220004092,-0.100425894864893
2026-03-02,VRTX,medium,default,early_watchlist,58.34,0.2037,49.28,False,-0.0517663595360383,-0.0882044220004092,-0.100425894864893
2026-03-02,VRTX,long,default,early_watchlist,60.63,0.071,59.72,False,-0.0517663595360383,-0.0882044220004092,-0.100425894864893
2026-03-30,VRTX,short,default,filtered_out,44.5,0.3032,35.96,False,-0.0254987323250467,-0.0293798829002607,0.083536394773338
2026-03-30,VRTX,medium,default,filtered_out,43.69,0.0692,41.0,False,-0.0254987323250467,-0.0293798829002607,0.083536394773338
2026-03-30,VRTX,long,default,filtered_out,43.91,0.05,47.52,False,-0.0254987323250467,-0.0293798829002607,0.083536394773338
2025-03-17,JPM,short,default,filtered_out,38.51,0.2435,35.23,False,0.0604028045450597,0.0095575214815559,0.153343751402958
2025-03-17,JPM,medium,default,early_watchlist,47.64,0.7565,41.49,False,0.0604028045450597,0.0095575214815559,0.153343751402958
2025-03-17,JPM,long,default,filtered_out,42.4,0.4593,47.55,False,0.0604028045450597,0.0095575214815559,0.153343751402958
2025-04-14,JPM,short,default,filtered_out,41.31,0.2497,43.96,False,0.0037065576406061,0.1205267654962209,0.2280247924888918
2025-04-14,JPM,medium,default,early_watchlist,47.24,0.7556,40.22,False,0.0037065576406061,0.1205267654962209,0.2280247924888918
2025-04-14,JPM,long,default,filtered_out,41.78,0.4579,45.62,False,0.0037065576406061,0.1205267654962209,0.2280247924888918
2025-05-13,JPM,short,default,early_watchlist,50.34,0.2725,56.31,False,0.0101515116228778,0.0195428035306133,0.1031941823110964
2025-05-13,JPM,medium,default,early_watchlist,52.85,0.7704,57.36,False,0.0101515116228778,0.0195428035306133,0.1031941823110964
2025-05-13,JPM,long,default,filtered_out,42.99,0.4612,49.22,False,0.0101515116228778,0.0195428035306133,0.1031941823110964
2025-06-11,JPM,short,default,early_watchlist,54.21,0.2771,41.11,False,0.0216669036391987,0.0749281507052068,0.0975989632257479
2025-06-11,JPM,medium,default,early_watchlist,61.6,0.7859,52.24,False,0.0216669036391987,0.0749281507052068,0.0975989632257479
2025-06-11,JPM,long,default,early_watchlist,56.85,0.4887,56.78,False,0.0216669036391987,0.0749281507052068,0.0975989632257479
2025-07-11,JPM,short,default,filtered_out,37.87,0.2375,43.36,False,0.0153732179251462,0.0066234952096726,0.0830479895760534
2025-07-11,JPM,medium,default,early_watchlist,56.67,0.7717,56.79,False,0.0153732179251462,0.0066234952096726,0.0830479895760534
2025-07-11,JPM,long,default,early_watchlist,51.0,0.4722,58.52,False,0.0153732179251462,0.0066234952096726,0.0830479895760534
2025-08-08,JPM,short,default,filtered_out,36.44,0.2343,35.75,False,0.00599108037304,0.0143718504526215,0.0765133687236179
2025-08-08,JPM,medium,default,early_watchlist,54.81,0.7676,47.45,False,0.00599108037304,0.0143718504526215,0.0765133687236179
2025-08-08,JPM,long,default,early_watchlist,52.31,0.4752,59.18,False,0.00599108037304,0.0143718504526215,0.0765133687236179
2025-09-08,JPM,short,default,filtered_out,36.71,0.2349,36.6,False,0.0545900659000133,0.0606777261692197,0.0562180289796965
2025-09-08,JPM,medium,default,early_watchlist,57.6,0.7738,45.23,False,0.0545900659000133,0.0606777261692197,0.0562180289796965
2025-09-08,JPM,long,default,early_watchlist,51.97,0.4744,57.92,False,0.0545900659000133,0.0606777261692197,0.0562180289796965
2025-10-06,JPM,short,default,filtered_out,37.15,0.2359,37.96,False,-0.0039134635338536,0.000549985129179,0.0421761712285699
2025-10-06,JPM,medium,default,early_watchlist,55.71,0.7696,49.98,False,-0.0039134635338536,0.000549985129179,0.0421761712285699
2025-10-06,JPM,long,default,early_watchlist,51.94,0.4744,57.86,False,-0.0039134635338536,0.000549985129179,0.0421761712285699
2025-11-03,JPM,short,default,filtered_out,36.12,0.2296,39.14,False,0.0243737402893788,-0.0047519448756385,-0.0067244597345333
2025-11-03,JPM,medium,default,early_watchlist,55.46,0.765,42.78,False,0.0243737402893788,-0.0047519448756385,-0.0067244597345333
2025-11-03,JPM,long,default,early_watchlist,49.33,0.4644,54.2,False,0.0243737402893788,-0.0047519448756385,-0.0067244597345333
2025-12-02,JPM,short,default,early_watchlist,46.27,0.2564,38.07,False,-0.0239379091537855,0.0465765791124479,-0.0291599982306863
2025-12-02,JPM,medium,default,filtered_out,43.8,0.7391,40.71,False,-0.0239379091537855,0.0465765791124479,-0.0291599982306863
2025-12-02,JPM,long,default,early_watchlist,48.66,0.2868,50.91,False,-0.0239379091537855,0.0465765791124479,-0.0291599982306863
2025-12-31,JPM,short,default,filtered_out,41.24,0.4882,40.34,False,0.0281099955680101,-0.0463974762825154,-0.1153559318061443
2025-12-31,JPM,medium,default,early_watchlist,55.21,0.7708,47.81,False,0.0281099955680101,-0.0463974762825154,-0.1153559318061443
2025-12-31,JPM,long,default,early_watchlist,56.38,0.7455,51.91,False,0.0281099955680101,-0.0463974762825154,-0.1153559318061443
2026-01-30,JPM,short,default,filtered_out,43.62,0.5006,37.4,False,0.0539736261721688,-0.0272320374066558,0.0233872182174121
2026-01-30,JPM,medium,default,early_watchlist,48.58,0.7632,40.51,False,0.0539736261721688,-0.0272320374066558,0.0233872182174121
2026-01-30,JPM,long,default,filtered_out,43.37,0.284,46.33,False,0.0539736261721688,-0.0272320374066558,0.0233872182174121
2026-03-02,JPM,short,default,filtered_out,42.59,0.4955,34.59,False,-0.0256754091078298,-0.0463436189947599,0.0109275941140867
2026-03-02,JPM,medium,default,early_watchlist,48.17,0.76,39.61,False,-0.0256754091078298,-0.0463436189947599,0.0109275941140867
2026-03-02,JPM,long,default,filtered_out,42.84,0.243,45.17,False,-0.0256754091078298,-0.0463436189947599,0.0109275941140867
2026-03-30,JPM,short,default,filtered_out,42.58,0.4955,34.54,False,0.0533954212175999,0.1031607729251018,0.1870001555961238
2026-03-30,JPM,medium,default,early_watchlist,48.19,0.76,39.69,False,0.0533954212175999,0.1031607729251018,0.1870001555961238
2026-03-30,JPM,long,default,filtered_out,42.7,0.05,45.36,False,0.0533954212175999,0.1031607729251018,0.1870001555961238
2025-03-17,V,short,default,filtered_out,38.37,0.4885,34.5,False,0.0278584103200159,0.0018831177681666,0.1177103321352648
2025-03-17,V,medium,default,filtered_out,42.14,0.5005,43.89,False,0.0278584103200159,0.0018831177681666,0.1177103321352648
2025-03-17,V,long,default,early_watchlist,50.05,0.4706,54.2,False,0.0278584103200159,0.0018831177681666,0.1177103321352648
2025-04-14,V,short,default,filtered_out,40.46,0.4874,41.82,False,-0.0112775617251381,0.0642983440812219,0.0397632657893585
2025-04-14,V,medium,default,filtered_out,41.18,0.4955,41.49,False,-0.0112775617251381,0.0642983440812219,0.0397632657893585
2025-04-14,V,long,default,early_watchlist,57.29,0.7153,51.11,False,-0.0112775617251381,0.0642983440812219,0.0397632657893585
2025-05-13,V,short,default,early_watchlist,48.01,0.5096,46.93,False,0.0300442888308889,0.0482112597961401,-0.0543608261490654
2025-05-13,V,medium,default,filtered_out,43.79,0.5041,49.07,False,0.0300442888308889,0.0482112597961401,-0.0543608261490654
2025-05-13,V,long,default,early_watchlist,56.02,0.776,50.82,False,0.0300442888308889,0.0482112597961401,-0.0543608261490654
2025-06-11,V,short,default,early_watchlist,55.66,0.5335,42.9,False,-0.0882107212174324,-0.0679863713170142,-0.0814543029455316
2025-06-11,V,medium,default,early_watchlist,60.59,0.5479,52.87,False,-0.0882107212174324,-0.0679863713170142,-0.0814543029455316
2025-06-11,V,long,default,early_watchlist,67.66,0.8424,58.66,False,-0.0882107212174324,-0.0679863713170142,-0.0814543029455316
2025-07-11,V,short,default,filtered_out,38.7,0.4893,35.54,False,0.0032189901678114,-0.0320467745474521,0.0056464934913842
2025-07-11,V,medium,default,filtered_out,41.6,0.4993,42.2,False,0.0032189901678114,-0.0320467745474521,0.0056464934913842
2025-07-11,V,long,default,early_watchlist,57.82,0.7596,47.91,False,0.0032189901678114,-0.0320467745474521,0.0056464934913842
2025-08-08,V,short,default,filtered_out,42.69,0.5052,34.5,False,0.0246337582715543,0.0181789935466052,0.0021165169331858
2025-08-08,V,medium,default,filtered_out,43.77,0.3445,39.5,False,0.0246337582715543,0.0181789935466052,0.0021165169331858
2025-08-08,V,long,default,filtered_out,44.47,0.3475,45.16,False,0.0246337582715543,0.0181789935466052,0.0021165169331858
2025-09-08,V,short,default,filtered_out,43.13,0.5061,35.86,False,-0.0094945670430963,0.0203915173483708,-0.0351360963889573
2025-09-08,V,medium,default,filtered_out,44.2,0.3454,40.86,False,-0.0094945670430963,0.0203915173483708,-0.0351360963889573
2025-09-08,V,long,default,early_watchlist,46.71,0.5482,45.61,False,-0.0094945670430963,0.0203915173483708,-0.0351360963889573
2025-10-06,V,short,default,filtered_out,43.26,0.4239,39.76,False,-0.0171209282973493,-0.0354444418364988,0.0060829891064941
2025-10-06,V,medium,default,filtered_out,44.73,0.3465,42.52,False,-0.0171209282973493,-0.0354444418364988,0.0060829891064941
2025-10-06,V,long,default,early_watchlist,47.31,0.5719,45.48,False,-0.0171209282973493,-0.0354444418364988,0.0060829891064941
2025-11-03,V,short,default,filtered_out,41.4,0.3769,34.93,False,-0.0060846887547226,-0.019670725222025,-0.0428391690161447
2025-11-03,V,medium,default,filtered_out,43.86,0.3447,39.79,False,-0.0060846887547226,-0.019670725222025,-0.0428391690161447
2025-11-03,V,long,default,early_watchlist,46.66,0.5506,45.23,False,-0.0060846887547226,-0.019670725222025,-0.0428391690161447
2025-12-02,V,short,default,filtered_out,41.52,0.3533,35.34,False,-0.0094653799734522,0.0639827482307844,-0.0256327777665184
2025-12-02,V,medium,default,filtered_out,44.07,0.3451,40.45,False,-0.0094653799734522,0.0639827482307844,-0.0256327777665184
2025-12-02,V,long,default,early_watchlist,46.64,0.5338,45.86,False,-0.0094653799734522,0.0639827482307844,-0.0256327777665184
2025-12-31,V,short,default,filtered_out,40.32,0.3436,41.96,False,0.0043341497235835,-0.0823472719663005,-0.1441427421799979
2025-12-31,V,medium,default,early_watchlist,50.9,0.3525,47.44,False,0.0043341497235835,-0.0823472719663005,-0.1441427421799979
2025-12-31,V,long,default,filtered_out,43.74,0.5207,47.18,False,0.0043341497235835,-0.0823472719663005,-0.1441427421799979
2026-01-30,V,short,default,filtered_out,41.83,0.3539,36.29,False,0.0302955052207378,-0.0020478466949609,-0.0369517925252405
2026-01-30,V,medium,default,filtered_out,44.13,0.3452,40.63,False,0.0302955052207378,-0.0020478466949609,-0.0369517925252405
2026-01-30,V,long,default,early_watchlist,46.79,0.5342,46.33,False,0.0302955052207378,-0.0020478466949609,-0.0369517925252405
2026-03-02,V,short,default,filtered_out,42.71,0.3558,39.06,False,-0.0141649295126377,-0.0654269391562278,0.0242711776950186
2026-03-02,V,medium,default,filtered_out,43.77,0.3445,39.5,False,-0.0141649295126377,-0.0654269391562278,0.0242711776950186
2026-03-02,V,long,default,early_watchlist,46.32,0.5309,45.12,False,-0.0141649295126377,-0.0654269391562278,0.0242711776950186
2026-03-30,V,short,default,filtered_out,41.47,0.3532,35.18,False,0.0100486767715965,0.0325831869068988,0.1057126881096017
2026-03-30,V,medium,default,filtered_out,44.09,0.3451,40.5,False,0.0100486767715965,0.0325831869068988,0.1057126881096017
2026-03-30,V,long,default,early_watchlist,46.56,0.5337,45.64,False,0.0100486767715965,0.0325831869068988,0.1057126881096017
2025-03-17,MA,short,default,filtered_out,44.16,0.7136,34.5,False,0.0219553854914271,-0.0351832322882864,0.1121956635962959
2025-03-17,MA,medium,default,filtered_out,43.22,0.2204,41.46,False,0.0219553854914271,-0.0351832322882864,0.1121956635962959
2025-03-17,MA,long,default,filtered_out,42.32,0.4602,46.91,False,0.0219553854914271,-0.0351832322882864,0.1121956635962959
2025-04-14,MA,short,default,early_watchlist,45.86,0.7144,40.22,False,0.0290168211481909,0.1251414053027446,0.0750582017115704
2025-04-14,MA,medium,default,filtered_out,42.52,0.2172,39.5,False,0.0290168211481909,0.1251414053027446,0.0750582017115704
2025-04-14,MA,long,default,filtered_out,41.62,0.05,45.5,False,0.0290168211481909,0.1251414053027446,0.0750582017115704
2025-05-13,MA,short,default,early_watchlist,51.82,0.6889,51.91,False,0.0078391272892652,0.0245407763783267,-0.0025891507809422
2025-05-13,MA,medium,default,filtered_out,42.15,0.05,55.37,False,0.0078391272892652,0.0245407763783267,-0.0025891507809422
2025-05-13,MA,long,default,early_watchlist,48.85,0.05,51.25,False,0.0078391272892652,0.0245407763783267,-0.0025891507809422
2025-06-11,MA,short,default,early_watchlist,59.34,0.7085,40.84,False,-0.0880421897432859,-0.0673995473751286,-0.0056646297263502
2025-06-11,MA,medium,default,early_watchlist,55.05,0.0528,51.19,False,-0.0880421897432859,-0.0673995473751286,-0.0056646297263502
2025-06-11,MA,long,default,early_watchlist,57.3,0.05,57.17,False,-0.0880421897432859,-0.0673995473751286,-0.0056646297263502
2025-07-11,MA,short,default,filtered_out,43.96,0.679,34.76,False,0.0045076512079715,0.0438767340855275,0.0520376356113041
2025-07-11,MA,medium,default,filtered_out,41.39,0.05,42.63,False,0.0045076512079715,0.0438767340855275,0.0520376356113041
2025-07-11,MA,long,default,filtered_out,42.82,0.05,49.26,False,0.0045076512079715,0.0438767340855275,0.0520376356113041
2025-08-08,MA,short,default,early_watchlist,48.8,0.6783,40.42,False,0.0128498599031201,0.0213816433200382,-0.0514203990723941
2025-08-08,MA,medium,default,filtered_out,38.35,0.05,44.75,False,0.0128498599031201,0.0213816433200382,-0.0514203990723941
2025-08-08,MA,long,default,filtered_out,41.6,0.4287,47.9,False,0.0128498599031201,0.0213816433200382,-0.0514203990723941
2025-09-08,MA,short,default,filtered_out,41.18,0.6617,37.7,False,-0.0062051018213791,-0.0132798203894869,-0.0681371837693038
2025-09-08,MA,medium,default,early_watchlist,46.28,0.05,44.81,False,-0.0062051018213791,-0.0132798203894869,-0.0681371837693038
2025-09-08,MA,long,default,filtered_out,42.07,0.4422,49.06,False,-0.0062051018213791,-0.0132798203894869,-0.0681371837693038
2025-10-06,MA,short,default,filtered_out,42.17,0.6679,36.41,False,-0.0325352215195849,-0.058778752472016,-0.0123983314117447
2025-10-06,MA,medium,default,filtered_out,38.54,0.05,40.98,False,-0.0325352215195849,-0.058778752472016,-0.0123983314117447
2025-10-06,MA,long,default,early_watchlist,56.79,0.5705,49.38,False,-0.0325352215195849,-0.058778752472016,-0.0123983314117447
2025-11-03,MA,short,default,early_watchlist,45.01,0.6813,34.91,False,0.0163398280193729,0.0033818708095814,-0.0082172054128871
2025-11-03,MA,medium,default,filtered_out,41.56,0.05,40.03,False,0.0163398280193729,0.0033818708095814,-0.0082172054128871
2025-11-03,MA,long,default,filtered_out,43.23,0.0934,45.52,False,0.0163398280193729,0.0033818708095814,-0.0082172054128871
2025-12-02,MA,short,default,early_watchlist,45.36,0.682,36.0,False,-0.0153138019936558,0.0457402944295584,-0.0441965666550531
2025-12-02,MA,medium,default,filtered_out,41.63,0.05,40.27,False,-0.0153138019936558,0.0457402944295584,-0.0441965666550531
2025-12-02,MA,long,default,filtered_out,43.2,0.0934,45.4,False,-0.0153138019936558,0.0457402944295584,-0.0441965666550531
2025-12-31,MA,short,default,early_watchlist,46.83,0.6852,40.62,False,0.0160978404206606,-0.0547939833551899,-0.1333695974256004
2025-12-31,MA,medium,default,filtered_out,43.23,0.05,45.27,False,0.0160978404206606,-0.0547939833551899,-0.1333695974256004
2025-12-31,MA,long,default,filtered_out,44.5,0.2115,45.55,False,0.0160978404206606,-0.0547939833551899,-0.1333695974256004
2026-01-30,MA,short,default,early_watchlist,45.73,0.6828,37.18,False,0.0184673326708073,-0.0330182754630984,-0.0562327318805729
2026-01-30,MA,medium,default,filtered_out,41.39,0.05,39.5,False,0.0184673326708073,-0.0330182754630984,-0.0562327318805729
2026-01-30,MA,long,default,filtered_out,44.47,0.2086,45.55,False,0.0184673326708073,-0.0330182754630984,-0.0562327318805729
2026-03-02,MA,short,default,early_watchlist,46.77,0.7193,39.54,False,-0.0062956380272617,-0.0518235227737576,-0.0481944620766506
2026-03-02,MA,medium,default,filtered_out,43.59,0.2212,39.5,False,-0.0062956380272617,-0.0518235227737576,-0.0481944620766506
2026-03-02,MA,long,default,filtered_out,44.27,0.2067,45.12,False,-0.0062956380272617,-0.0518235227737576,-0.0481944620766506
2026-03-30,MA,short,default,filtered_out,44.95,0.6811,34.74,False,0.0086639593498323,0.0293367247317819,-0.0085825092554953
2026-03-30,MA,medium,default,filtered_out,41.49,0.05,39.81,False,0.0086639593498323,0.0293367247317819,-0.0085825092554953
2026-03-30,MA,long,default,filtered_out,44.34,0.2084,45.12,False,0.0086639593498323,0.0293367247317819,-0.0085825092554953
2025-03-17,BAC,short,default,filtered_out,39.89,0.2847,38.54,False,0.0393339544364388,-0.1151062310543289,0.0857528175528392
2025-03-17,BAC,medium,default,early_watchlist,45.13,0.6916,39.5,False,0.0393339544364388,-0.1151062310543289,0.0857528175528392
2025-03-17,BAC,long,default,filtered_out,41.93,0.4582,46.1,False,0.0393339544364388,-0.1151062310543289,0.0857528175528392
2025-04-14,BAC,short,default,filtered_out,39.49,0.281,37.56,False,0.0449960958077968,0.2075267137521976,0.2818484625993569
2025-04-14,BAC,medium,default,early_watchlist,45.01,0.6885,39.5,False,0.0449960958077968,0.2075267137521976,0.2818484625993569
2025-04-14,BAC,long,default,filtered_out,41.62,0.4575,45.12,False,0.0449960958077968,0.2075267137521976,0.2818484625993569
2025-05-13,BAC,short,default,early_watchlist,53.51,0.3183,62.98,False,0.0092592199060079,0.0161155106078458,0.0451927425835747
2025-05-13,BAC,medium,default,early_watchlist,52.06,0.7103,57.65,False,0.0092592199060079,0.0161155106078458,0.0451927425835747
2025-05-13,BAC,long,default,filtered_out,43.47,0.4649,47.41,False,0.0092592199060079,0.0161155106078458,0.0451927425835747
2025-06-11,BAC,short,default,early_watchlist,52.3,0.6903,44.31,False,0.0073776634494393,0.0447126629091683,0.1118959856113603
2025-06-11,BAC,medium,default,early_watchlist,50.91,0.6962,52.9,False,0.0073776634494393,0.0447126629091683,0.1118959856113603
2025-06-11,BAC,long,default,filtered_out,39.69,0.4425,53.65,False,0.0073776634494393,0.0447126629091683,0.1118959856113603
2025-07-11,BAC,short,default,filtered_out,41.88,0.6711,40.09,False,0.0126258358822337,-0.015407675311102,0.0843202380882872
2025-07-11,BAC,medium,default,early_watchlist,53.54,0.706,52.68,False,0.0126258358822337,-0.015407675311102,0.0843202380882872
2025-07-11,BAC,long,default,early_watchlist,50.82,0.4718,57.73,False,0.0126258358822337,-0.015407675311102,0.0843202380882872
2025-08-08,BAC,short,default,filtered_out,41.5,0.6702,35.79,False,0.0202130444396062,0.0809630713370173,0.170569742233849
2025-08-08,BAC,medium,default,filtered_out,44.29,0.6854,43.73,False,0.0202130444396062,0.0809630713370173,0.170569742233849
2025-08-08,BAC,long,default,early_watchlist,50.22,0.4705,52.79,False,0.0202130444396062,0.0809630713370173,0.170569742233849
2025-09-08,BAC,short,default,filtered_out,44.94,0.6811,43.03,False,0.0228467405502292,0.0188031057209563,0.075414463557325
2025-09-08,BAC,medium,default,early_watchlist,56.13,0.715,53.94,False,0.0228467405502292,0.0188031057209563,0.075414463557325
2025-09-08,BAC,long,default,early_watchlist,54.06,0.4824,61.26,False,0.0228467405502292,0.0188031057209563,0.075414463557325
2025-10-06,BAC,short,default,filtered_out,41.74,0.6707,36.55,False,-0.0303631667455273,0.0629092248139595,0.0971584719714584
2025-10-06,BAC,medium,default,early_watchlist,52.74,0.7042,46.64,False,-0.0303631667455273,0.0629092248139595,0.0971584719714584
2025-10-06,BAC,long,default,early_watchlist,51.77,0.474,57.25,False,-0.0303631667455273,0.0629092248139595,0.0971584719714584
2025-11-03,BAC,short,default,early_watchlist,48.88,0.6867,42.11,False,-0.0026138528047044,-0.0069081067576891,-0.0015596125907849
2025-11-03,BAC,medium,default,early_watchlist,54.48,0.7081,52.66,False,-0.0026138528047044,-0.0069081067576891,-0.0015596125907849
2025-11-03,BAC,long,default,early_watchlist,52.42,0.4755,59.75,False,-0.0026138528047044,-0.0069081067576891,-0.0015596125907849
2025-12-02,BAC,short,default,filtered_out,42.61,0.6727,39.26,False,0.0118111094082595,0.0394024783850204,-0.0586792921569258
2025-12-02,BAC,medium,default,filtered_out,44.48,0.6858,44.31,False,0.0118111094082595,0.0394024783850204,-0.0586792921569258
2025-12-02,BAC,long,default,early_watchlist,51.16,0.4726,55.5,False,0.0118111094082595,0.0394024783850204,-0.0586792921569258
2025-12-31,BAC,short,default,filtered_out,42.75,0.6758,39.3,False,0.0214546057514093,-0.0327272446822197,-0.1364182190479896
2025-12-31,BAC,medium,default,early_watchlist,53.78,0.7094,48.76,False,0.0214546057514093,-0.0327272446822197,-0.1364182190479896
2025-12-31,BAC,long,default,early_watchlist,51.86,0.4747,56.86,False,0.0214546057514093,-0.0327272446822197,-0.1364182190479896
2026-01-30,BAC,short,default,early_watchlist,45.45,0.689,37.36,False,0.0625939403814908,-0.0637218048382776,-0.0045545863201928
2026-01-30,BAC,medium,default,early_watchlist,46.72,0.7009,40.53,False,0.0625939403814908,-0.0637218048382776,-0.0045545863201928
2026-01-30,BAC,long,default,filtered_out,43.74,0.2903,47.33,False,0.0625939403814908,-0.0637218048382776,-0.0045545863201928
2026-03-02,BAC,short,default,filtered_out,44.41,0.6839,34.5,False,-0.0329093428838344,-0.0464365269659954,0.0316979821518805
2026-03-02,BAC,medium,default,early_watchlist,46.26,0.697,39.5,False,-0.0329093428838344,-0.0464365269659954,0.0316979821518805
2026-03-02,BAC,long,default,filtered_out,42.68,0.05,45.75,False,-0.0329093428838344,-0.0464365269659954,0.0316979821518805
2026-03-30,BAC,short,default,filtered_out,44.48,0.6841,34.72,False,0.064577646101376,0.1149693628286741,0.2384573953662982
2026-03-30,BAC,medium,default,early_watchlist,46.26,0.697,39.5,False,0.064577646101376,0.1149693628286741,0.2384573953662982
2026-03-30,BAC,long,default,filtered_out,42.48,0.05,45.12,False,0.064577646101376,0.1149693628286741,0.2384573953662982
2025-03-17,WFC,short,default,early_watchlist,45.14,0.5598,40.58,False,0.0485602247492917,-0.1092602290209979,0.0635387522324091
2025-03-17,WFC,medium,default,early_watchlist,47.82,0.7639,41.28,False,0.0485602247492917,-0.1092602290209979,0.0635387522324091
2025-03-17,WFC,long,default,filtered_out,42.77,0.4601,48.71,False,0.0485602247492917,-0.1092602290209979,0.0635387522324091
2025-04-14,WFC,short,default,filtered_out,43.57,0.5545,36.03,False,0.0496039554202687,0.2108859037897641,0.3154182659267481
2025-04-14,WFC,medium,default,early_watchlist,47.52,0.7609,40.72,False,0.0496039554202687,0.2108859037897641,0.3154182659267481
2025-04-14,WFC,long,default,filtered_out,42.01,0.4584,46.33,False,0.0496039554202687,0.2108859037897641,0.3154182659267481
2025-05-13,WFC,short,default,early_watchlist,54.81,0.5809,56.09,False,-0.0061851132300907,-0.0139492864218798,0.0304953518282056
2025-05-13,WFC,medium,default,early_watchlist,52.9,0.7752,57.14,False,-0.0061851132300907,-0.0139492864218798,0.0304953518282056
2025-05-13,WFC,long,default,filtered_out,42.69,0.46,48.47,False,-0.0061851132300907,-0.0139492864218798,0.0304953518282056
2025-06-11,WFC,short,default,filtered_out,40.7,0.5448,36.76,False,-0.002535703430603,0.1016950369450606,0.0623906452532274
2025-06-11,WFC,medium,default,early_watchlist,46.66,0.7564,47.62,False,-0.002535703430603,0.1016950369450606,0.0623906452532274
2025-06-11,WFC,long,default,early_watchlist,48.78,0.4672,51.18,False,-0.002535703430603,0.1016950369450606,0.0623906452532274
2025-07-11,WFC,short,default,filtered_out,44.95,0.5572,46.53,False,-0.0231375610662811,-0.0513950370222889,-0.0167894257436664
2025-07-11,WFC,medium,default,early_watchlist,57.93,0.7847,60.16,False,-0.0231375610662811,-0.0513950370222889,-0.0167894257436664
2025-07-11,WFC,long,default,early_watchlist,51.87,0.4774,57.75,False,-0.0231375610662811,-0.0513950370222889,-0.0167894257436664
2025-08-08,WFC,short,default,filtered_out,41.2,0.5459,35.2,False,-0.0096338714646116,0.0165703823817979,0.1213872982007706
2025-08-08,WFC,medium,default,early_watchlist,46.27,0.7555,43.3,False,-0.0096338714646116,0.0165703823817979,0.1213872982007706
2025-08-08,WFC,long,default,early_watchlist,49.69,0.4692,51.29,False,-0.0096338714646116,0.0165703823817979,0.1213872982007706
2025-09-08,WFC,short,default,filtered_out,41.91,0.5474,37.4,False,0.0286833026655279,0.0195856060761137,0.096459854296991
2025-09-08,WFC,medium,default,early_watchlist,46.57,0.7562,44.22,False,0.0286833026655279,0.0195856060761137,0.096459854296991
2025-09-08,WFC,long,default,early_watchlist,50.56,0.4712,53.59,False,0.0286833026655279,0.0195856060761137,0.096459854296991
2025-10-06,WFC,short,default,filtered_out,40.29,0.5399,36.73,False,-0.0219359139820065,0.0819183441939728,0.1611103452813975
2025-10-06,WFC,medium,default,early_watchlist,55.55,0.7722,41.7,False,-0.0219359139820065,0.0819183441939728,0.1611103452813975
2025-10-06,WFC,long,default,filtered_out,39.21,0.4414,49.01,False,-0.0219359139820065,0.0819183441939728,0.1611103452813975
2025-11-03,WFC,short,default,early_watchlist,57.39,0.5884,42.13,False,-0.0085603086583847,-0.0060270745554475,0.0419904573317286
2025-11-03,WFC,medium,default,early_watchlist,64.52,0.8034,53.41,False,-0.0085603086583847,-0.0060270745554475,0.0419904573317286
2025-11-03,WFC,long,default,early_watchlist,59.49,0.4987,58.11,False,-0.0085603086583847,-0.0060270745554475,0.0419904573317286
2025-12-02,WFC,short,default,filtered_out,42.14,0.5479,38.11,False,0.0297729382676612,0.0797033657689372,-0.0386251756061319
2025-12-02,WFC,medium,default,early_watchlist,46.51,0.756,44.04,False,0.0297729382676612,0.0797033657689372,-0.0386251756061319
2025-12-02,WFC,long,default,early_watchlist,50.99,0.4722,54.84,False,0.0297729382676612,0.0797033657689372,-0.0386251756061319
2025-12-31,WFC,short,default,filtered_out,42.47,0.4629,42.75,False,0.0257511752237515,-0.0290771287641494,-0.1719155857586543
2025-12-31,WFC,medium,default,early_watchlist,54.61,0.5474,55.96,False,0.0257511752237515,-0.0290771287641494,-0.1719155857586543
2025-12-31,WFC,long,default,early_watchlist,53.11,0.2978,59.95,False,0.0257511752237515,-0.0290771287641494,-0.1719155857586543
2026-01-30,WFC,short,default,filtered_out,42.77,0.6043,38.56,False,0.0435611191005693,-0.0829277370749504,-0.0949214965775512
2026-01-30,WFC,medium,default,filtered_out,41.84,0.4714,42.54,False,0.0435611191005693,-0.0829277370749504,-0.0949214965775512
2026-01-30,WFC,long,default,early_watchlist,50.31,0.2583,52.47,False,0.0435611191005693,-0.0829277370749504,-0.0949214965775512
2026-03-02,WFC,short,default,early_watchlist,45.1,0.6144,35.82,False,-0.0454105201109492,-0.0699927785597185,-0.0730790801602171
2026-03-02,WFC,medium,default,filtered_out,44.63,0.4824,41.25,False,-0.0454105201109492,-0.0699927785597185,-0.0730790801602171
2026-03-02,WFC,long,default,filtered_out,43.44,0.1351,47.01,False,-0.0454105201109492,-0.0699927785597185,-0.0730790801602171
2026-03-30,WFC,short,default,filtered_out,44.79,0.6158,34.5,False,0.0644531089989455,0.0611978732166489,0.1096936129960057
2026-03-30,WFC,medium,default,filtered_out,44.18,0.4837,39.5,False,0.0644531089989455,0.0611978732166489,0.1096936129960057
2026-03-30,WFC,long,default,filtered_out,42.83,0.05,45.12,False,0.0644531089989455,0.0611978732166489,0.1096936129960057
2025-03-17,GS,short,default,filtered_out,39.58,0.2597,38.2,False,0.052163646212914,-0.0858998933490168,0.1377391149205487
2025-03-17,GS,medium,default,early_watchlist,46.92,0.7456,40.28,False,0.052163646212914,-0.0858998933490168,0.1377391149205487
2025-03-17,GS,long,default,filtered_out,42.38,0.4593,47.5,False,0.052163646212914,-0.0858998933490168,0.1377391149205487
2025-04-14,GS,short,default,filtered_out,40.96,0.26,42.77,False,0.0317670315461509,0.19808326681976,0.4057380939358928
2025-04-14,GS,medium,default,early_watchlist,46.77,0.743,40.21,False,0.0317670315461509,0.19808326681976,0.4057380939358928
2025-04-14,GS,long,default,filtered_out,41.78,0.4579,45.64,False,0.0317670315461509,0.19808326681976,0.4057380939358928
2025-05-13,GS,short,default,early_watchlist,53.68,0.2943,64.17,False,0.0044882085685828,0.0388717268146445,0.2004855792114561
2025-05-13,GS,medium,default,early_watchlist,53.72,0.7639,58.04,False,0.0044882085685828,0.0388717268146445,0.2004855792114561
2025-05-13,GS,long,default,filtered_out,43.71,0.4655,48.15,False,0.0044882085685828,0.0388717268146445,0.2004855792114561
2025-06-11,GS,short,default,early_watchlist,48.64,0.4893,48.78,False,0.0177354707419747,0.1294200267342338,0.194900843923947
2025-06-11,GS,medium,default,early_watchlist,54.83,0.7583,55.77,False,0.0177354707419747,0.1294200267342338,0.194900843923947
2025-06-11,GS,long,default,early_watchlist,50.58,0.4713,57.04,False,0.0177354707419747,0.1294200267342338,0.194900843923947
2025-07-11,GS,short,default,early_watchlist,45.62,0.4264,47.06,False,0.004695290154093,0.0231505361604467,0.1363149780109209
2025-07-11,GS,medium,default,early_watchlist,58.35,0.5572,62.9,False,0.004695290154093,0.0231505361604467,0.1363149780109209
2025-07-11,GS,long,default,early_watchlist,54.23,0.49,58.63,False,0.004695290154093,0.0231505361604467,0.1363149780109209
2025-08-08,GS,short,default,early_watchlist,50.46,0.5728,38.55,False,0.0131018446500865,0.0340388294501063,0.0949089328867669
2025-08-08,GS,medium,default,early_watchlist,54.14,0.7451,52.33,False,0.0131018446500865,0.0340388294501063,0.0949089328867669
2025-08-08,GS,long,default,early_watchlist,50.23,0.4665,60.95,False,0.0131018446500865,0.0340388294501063,0.0949089328867669
2025-09-08,GS,short,default,filtered_out,42.21,0.5624,37.87,False,0.060537869697655,0.0740446785769355,0.104335694833443
2025-09-08,GS,medium,default,early_watchlist,56.62,0.7717,50.24,False,0.060537869697655,0.0740446785769355,0.104335694833443
2025-09-08,GS,long,default,early_watchlist,54.16,0.4826,61.38,False,0.060537869697655,0.0740446785769355,0.104335694833443
2025-10-06,GS,short,default,filtered_out,43.06,0.5642,40.52,False,-0.0125504650479505,-0.0141319234470289,0.1086593902687376
2025-10-06,GS,medium,default,early_watchlist,59.53,0.8129,55.33,False,-0.0125504650479505,-0.0141319234470289,0.1086593902687376
2025-10-06,GS,long,default,early_watchlist,54.19,0.4827,61.38,False,-0.0125504650479505,-0.0141319234470289,0.1086593902687376
2025-11-03,GS,short,default,filtered_out,40.59,0.5557,36.31,False,0.0148691278956454,0.0429415222641522,0.1967197927895141
2025-11-03,GS,medium,default,early_watchlist,47.14,0.7827,43.69,False,0.0148691278956454,0.0429415222641522,0.1967197927895141
2025-11-03,GS,long,default,early_watchlist,51.82,0.4741,57.84,False,0.0148691278956454,0.0429415222641522,0.1967197927895141
2025-12-02,GS,short,default,early_watchlist,55.89,0.472,43.94,False,0.0752812670044205,0.0782497786165259,0.0625911595686117
2025-12-02,GS,medium,default,early_watchlist,63.22,0.8136,48.61,False,0.0752812670044205,0.0782497786165259,0.0625911595686117
2025-12-02,GS,long,default,early_watchlist,59.58,0.4989,58.22,False,0.0752812670044205,0.0782497786165259,0.0625911595686117
2025-12-31,GS,short,default,filtered_out,43.47,0.5072,41.7,False,0.0635153344812693,0.0641752107509632,-0.0763934382554363
2025-12-31,GS,medium,default,early_watchlist,58.77,0.7048,56.66,False,0.0635153344812693,0.0641752107509632,-0.0763934382554363
2025-12-31,GS,long,default,early_watchlist,53.92,0.2626,60.45,False,0.0635153344812693,0.0641752107509632,-0.0763934382554363
2026-01-30,GS,short,default,filtered_out,42.37,0.4219,40.14,False,-0.0071198788770712,-0.0739516065647298,-0.0042588826698379
2026-01-30,GS,medium,default,early_watchlist,56.92,0.6334,54.48,False,-0.0071198788770712,-0.0739516065647298,-0.0042588826698379
2026-01-30,GS,long,default,early_watchlist,56.18,0.4206,61.38,False,-0.0071198788770712,-0.0739516065647298,-0.0042588826698379
2026-03-02,GS,short,default,filtered_out,39.22,0.3295,35.27,False,-0.0344319157208466,-0.0627829323046966,0.1564000655940871
2026-03-02,GS,medium,default,filtered_out,43.47,0.4797,43.89,False,-0.0344319157208466,-0.0627829323046966,0.1564000655940871
2026-03-02,GS,long,default,early_watchlist,52.77,0.1466,51.39,False,-0.0344319157208466,-0.0627829323046966,0.1564000655940871
2026-03-30,GS,short,default,filtered_out,42.37,0.3449,34.5,False,0.0700223833029229,0.1472883122297306,0.3246459468853717
2026-03-30,GS,medium,default,early_watchlist,45.49,0.4928,39.5,False,0.0700223833029229,0.1472883122297306,0.3246459468853717
2026-03-30,GS,long,default,filtered_out,43.57,0.1568,46.09,False,0.0700223833029229,0.1472883122297306,0.3246459468853717
2025-03-17,MS,short,default,filtered_out,39.86,0.2365,40.12,False,0.0534926955532724,-0.075025411140332,0.126378249305805
2025-03-17,MS,medium,default,early_watchlist,45.59,0.7111,39.65,False,0.0534926955532724,-0.075025411140332,0.126378249305805
2025-03-17,MS,long,default,filtered_out,42.32,0.4578,47.76,False,0.0534926955532724,-0.075025411140332,0.126378249305805
2025-04-14,MS,short,default,filtered_out,40.74,0.2381,42.62,False,0.0116395893876488,0.1950128585253256,0.3144678585953464
2025-04-14,MS,medium,default,early_watchlist,45.58,0.7101,39.5,False,0.0116395893876488,0.1950128585253256,0.3144678585953464
2025-04-14,MS,long,default,filtered_out,41.55,0.4568,45.12,False,0.0116395893876488,0.1950128585253256,0.3144678585953464
2025-05-13,MS,short,default,early_watchlist,52.91,0.2688,63.01,False,-0.0017007365690437,0.0190180464731477,0.1146092878640561
2025-05-13,MS,medium,default,early_watchlist,52.42,0.7295,57.5,False,-0.0017007365690437,0.0190180464731477,0.1146092878640561
2025-05-13,MS,long,default,filtered_out,43.66,0.4641,48.47,False,-0.0017007365690437,0.0190180464731477,0.1146092878640561
2025-06-11,MS,short,default,early_watchlist,51.58,0.4762,45.79,False,0.0053866675266049,0.0794325687865646,0.1366642662691348
2025-06-11,MS,medium,default,early_watchlist,53.38,0.7241,54.83,False,0.0053866675266049,0.0794325687865646,0.1366642662691348
2025-06-11,MS,long,default,early_watchlist,50.15,0.469,56.13,False,0.0053866675266049,0.0794325687865646,0.1366642662691348
2025-07-11,MS,short,default,filtered_out,40.89,0.4529,45.05,False,-0.0101912143227045,0.0133168510127457,0.1188382270485424
2025-07-11,MS,medium,default,early_watchlist,54.56,0.7267,58.53,False,-0.0101912143227045,0.0133168510127457,0.1188382270485424
2025-07-11,MS,long,default,early_watchlist,50.61,0.47,57.78,False,-0.0101912143227045,0.0133168510127457,0.1188382270485424
2025-08-08,MS,short,default,early_watchlist,56.09,0.4893,39.46,False,0.0101273028655799,0.0391815434528104,0.1499251405085502
2025-08-08,MS,medium,default,early_watchlist,59.76,0.7415,49.95,False,0.0101273028655799,0.0391815434528104,0.1499251405085502
2025-08-08,MS,long,default,early_watchlist,57.89,0.4898,59.55,False,0.0101273028655799,0.0391815434528104,0.1499251405085502
2025-09-08,MS,short,default,filtered_out,41.18,0.4567,39.35,False,0.0527589330955777,0.0625040808608097,0.1433522699181992
2025-09-08,MS,medium,default,early_watchlist,55.67,0.7324,50.9,False,0.0527589330955777,0.0625040808608097,0.1433522699181992
2025-09-08,MS,long,default,early_watchlist,54.07,0.4811,61.38,False,0.0527589330955777,0.0625040808608097,0.1433522699181992
2025-10-06,MS,short,default,filtered_out,41.14,0.4567,39.21,False,-0.0187233500335536,0.0414718536694738,0.1298045528420806
2025-10-06,MS,medium,default,early_watchlist,56.56,0.7344,53.86,False,-0.0187233500335536,0.0414718536694738,0.1298045528420806
2025-10-06,MS,long,default,early_watchlist,53.99,0.4809,61.31,False,-0.0187233500335536,0.0414718536694738,0.1298045528420806
2025-11-03,MS,short,default,filtered_out,41.38,0.4572,39.95,False,0.0085549713535095,0.0332416734870351,0.1231759029208081
2025-11-03,MS,medium,default,early_watchlist,55.71,0.7325,51.73,False,0.0085549713535095,0.0332416734870351,0.1231759029208081
2025-11-03,MS,long,default,early_watchlist,53.78,0.4805,60.96,False,0.0085549713535095,0.0332416734870351,0.1231759029208081
2025-12-02,MS,short,default,early_watchlist,55.46,0.3622,42.73,False,0.0576024836753827,0.0499143435957116,-0.0069157317777277
2025-12-02,MS,medium,default,early_watchlist,59.95,0.4893,49.93,False,0.0576024836753827,0.0499143435957116,-0.0069157317777277
2025-12-02,MS,long,default,early_watchlist,61.16,0.05,60.5,False,0.0576024836753827,0.0499143435957116,-0.0069157317777277
2025-12-31,MS,short,default,filtered_out,41.87,0.4347,40.47,False,0.0402748429898729,0.0353614584657482,-0.1030077319683923
2025-12-31,MS,medium,default,early_watchlist,53.64,0.4706,53.01,False,0.0402748429898729,0.0353614584657482,-0.1030077319683923
2025-12-31,MS,long,default,early_watchlist,53.97,0.05,61.3,False,0.0402748429898729,0.0353614584657482,-0.1030077319683923
2026-01-30,MS,short,default,filtered_out,41.36,0.3865,38.99,False,-0.0155361576442321,-0.086433346243206,0.0413566024348048
2026-01-30,MS,medium,default,early_watchlist,51.99,0.3114,50.77,False,-0.0155361576442321,-0.086433346243206,0.0413566024348048
2026-01-30,MS,long,default,early_watchlist,54.16,0.2348,61.04,False,-0.0155361576442321,-0.086433346243206,0.0413566024348048
2026-03-02,MS,short,default,filtered_out,42.09,0.3148,35.71,False,-0.0392215329583566,-0.0516766014361552,0.2137333145936848
2026-03-02,MS,medium,default,filtered_out,43.49,0.2953,41.11,False,-0.0392215329583566,-0.0516766014361552,0.2137333145936848
2026-03-02,MS,long,default,filtered_out,43.78,0.2074,47.11,False,-0.0392215329583566,-0.0516766014361552,0.2137333145936848
2026-03-30,MS,short,default,filtered_out,41.79,0.3167,34.5,False,0.0635221260163019,0.2019953004119357,0.4032194444923396
2026-03-30,MS,medium,default,filtered_out,43.05,0.2963,39.5,False,0.0635221260163019,0.2019953004119357,0.4032194444923396
2026-03-30,MS,long,default,filtered_out,43.09,0.05,45.34,False,0.0635221260163019,0.2019953004119357,0.4032194444923396
2025-03-17,AXP,short,default,filtered_out,44.55,0.7189,35.67,False,0.0509871159822115,-0.0308350748793395,0.1350820493184237
2025-03-17,AXP,medium,default,early_watchlist,47.11,0.7599,39.5,False,0.0509871159822115,-0.0308350748793395,0.1350820493184237
2025-03-17,AXP,long,default,filtered_out,41.76,0.4571,45.83,False,0.0509871159822115,-0.0308350748793395,0.1350820493184237
2025-04-14,AXP,short,default,early_watchlist,47.09,0.7236,43.5,False,-0.0115906187009069,0.1837261177442091,0.2541175238402555
2025-04-14,AXP,medium,default,early_watchlist,47.15,0.7595,39.5,False,-0.0115906187009069,0.1837261177442091,0.2541175238402555
2025-04-14,AXP,long,default,filtered_out,41.62,0.4575,45.12,False,-0.0115906187009069,0.1837261177442091,0.2541175238402555
2025-05-13,AXP,short,default,early_watchlist,59.96,0.7557,64.21,False,-0.0202777159215155,-0.0105853482250707,-0.0136256758599335
2025-05-13,AXP,medium,default,early_watchlist,54.18,0.7789,58.09,False,-0.0202777159215155,-0.0105853482250707,-0.0136256758599335
2025-05-13,AXP,long,default,filtered_out,43.84,0.465,48.83,False,-0.0202777159215155,-0.0105853482250707,-0.0136256758599335
2025-06-11,AXP,short,default,early_watchlist,49.8,0.5653,41.04,False,-0.0089604171051831,0.0708007556061536,0.090710576625254
2025-06-11,AXP,medium,default,early_watchlist,46.3,0.7492,51.32,False,-0.0089604171051831,0.0708007556061536,0.090710576625254
2025-06-11,AXP,long,default,filtered_out,39.89,0.4422,54.52,False,-0.0089604171051831,0.0708007556061536,0.090710576625254
2025-07-11,AXP,short,default,filtered_out,42.89,0.6107,44.02,False,-0.036059597959103,-0.068989128083013,0.0391898588891657
2025-07-11,AXP,medium,default,early_watchlist,56.8,0.7743,56.66,False,-0.036059597959103,-0.068989128083013,0.0391898588891657
2025-07-11,AXP,long,default,filtered_out,42.22,0.451,57.62,False,-0.036059597959103,-0.068989128083013,0.0391898588891657
2025-08-08,AXP,short,default,filtered_out,44.62,0.6238,35.58,False,0.0270315142287582,0.0940725026472457,0.2188959893460993
2025-08-08,AXP,medium,default,early_watchlist,49.08,0.7666,42.14,False,0.0270315142287582,0.0940725026472457,0.2188959893460993
2025-08-08,AXP,long,default,filtered_out,43.66,0.462,48.42,False,0.0270315142287582,0.0940725026472457,0.2188959893460993
2025-09-08,AXP,short,default,filtered_out,44.02,0.6153,44.08,False,0.0056852078247719,0.0202204965865056,0.1112564271378722
2025-09-08,AXP,medium,default,early_watchlist,56.75,0.7749,52.79,False,0.0056852078247719,0.0202204965865056,0.1112564271378722
2025-09-08,AXP,long,default,early_watchlist,52.14,0.4741,58.29,False,0.0056852078247719,0.0202204965865056,0.1112564271378722
2025-10-06,AXP,short,default,filtered_out,41.58,0.6079,36.81,False,-0.0242514620687143,0.0920097113248124,0.1171645027517029
2025-10-06,AXP,medium,default,early_watchlist,55.56,0.7935,46.91,False,-0.0242514620687143,0.0920097113248124,0.1171645027517029
2025-10-06,AXP,long,default,early_watchlist,50.9,0.4713,54.42,False,-0.0242514620687143,0.0920097113248124,0.1171645027517029
2025-11-03,AXP,short,default,filtered_out,44.55,0.5428,45.69,False,0.0173109881142066,-0.0025440144619676,-0.0239689688429268
2025-11-03,AXP,medium,default,early_watchlist,59.77,0.7911,58.76,False,0.0173109881142066,-0.0025440144619676,-0.0239689688429268
2025-11-03,AXP,long,default,early_watchlist,53.62,0.4801,60.01,False,0.0173109881142066,-0.0025440144619676,-0.0239689688429268
2025-12-02,AXP,short,default,filtered_out,39.9,0.4778,36.32,False,0.0088992953064843,0.0256445730547403,-0.1457917553809881
2025-12-02,AXP,medium,default,early_watchlist,45.09,0.6014,46.77,False,0.0088992953064843,0.0256445730547403,-0.1457917553809881
2025-12-02,AXP,long,default,early_watchlist,52.19,0.4736,58.84,False,0.0088992953064843,0.0256445730547403,-0.1457917553809881
2025-12-31,AXP,short,default,filtered_out,41.46,0.5259,38.9,False,0.0375206098023239,-0.0459459086351017,-0.194078015617627
2025-12-31,AXP,medium,default,early_watchlist,55.52,0.5338,47.87,False,0.0375206098023239,-0.0459459086351017,-0.194078015617627
2025-12-31,AXP,long,default,early_watchlist,52.36,0.2551,58.9,False,0.0375206098023239,-0.0459459086351017,-0.194078015617627
2026-01-30,AXP,short,default,filtered_out,44.56,0.5385,38.07,False,0.0198199358863946,-0.1270409451212921,-0.1001542345732302
2026-01-30,AXP,medium,default,early_watchlist,45.95,0.4987,42.68,False,0.0198199358863946,-0.1270409451212921,-0.1001542345732302
2026-01-30,AXP,long,default,filtered_out,43.85,0.05,49.44,False,0.0198199358863946,-0.1270409451212921,-0.1001542345732302
2026-03-02,AXP,short,default,filtered_out,43.75,0.5345,35.88,False,-0.0066680945669392,-0.0323325549779049,0.0198356317035799
2026-03-02,AXP,medium,default,early_watchlist,45.44,0.4956,41.42,False,-0.0066680945669392,-0.0323325549779049,0.0198356317035799
2026-03-02,AXP,long,default,filtered_out,43.13,0.05,47.19,False,-0.0066680945669392,-0.0323325549779049,0.0198356317035799
2026-03-30,AXP,short,default,filtered_out,43.46,0.5364,34.65,False,0.035331069217072,0.0652414883069731,0.1548040306662825
2026-03-30,AXP,medium,default,filtered_out,44.93,0.4965,39.5,False,0.035331069217072,0.0652414883069731,0.1548040306662825
2026-03-30,AXP,long,default,filtered_out,42.47,0.05,45.12,False,0.035331069217072,0.0652414883069731,0.1548040306662825
2025-03-17,CME,short,default,early_watchlist,45.38,0.4608,44.1,False,-0.0024280845791253,0.0004174289926639,0.0277134425185958
2025-03-17,CME,medium,default,early_watchlist,50.1,0.4715,57.57,False,-0.0024280845791253,0.0004174289926639,0.0277134425185958
2025-03-17,CME,long,default,early_watchlist,51.83,0.4755,60.53,False,-0.0024280845791253,0.0004174289926639,0.0277134425185958
2025-04-14,CME,short,default,early_watchlist,53.71,0.4792,40.5,False,0.0070916409105878,0.0176343155580607,0.0479713800275838
2025-04-14,CME,medium,default,early_watchlist,51.83,0.4749,48.18,False,0.0070916409105878,0.0176343155580607,0.0479713800275838
2025-04-14,CME,long,default,early_watchlist,56.8,0.4868,59.76,False,0.0070916409105878,0.0176343155580607,0.0479713800275838
2025-05-13,CME,short,default,filtered_out,37.2,0.439,42.14,False,0.0355146698381385,0.0094830809330679,0.0565037133046333
2025-05-13,CME,medium,default,early_watchlist,50.34,0.4689,48.0,False,0.0355146698381385,0.0094830809330679,0.0565037133046333
2025-05-13,CME,long,default,early_watchlist,49.91,0.4679,57.71,False,0.0355146698381385,0.0094830809330679,0.0565037133046333
2025-06-11,CME,short,default,filtered_out,34.91,0.4338,34.99,False,0.0090858254538561,0.0201373167755554,-0.0262192054890966
2025-06-11,CME,medium,default,filtered_out,37.79,0.4403,44.0,False,0.0090858254538561,0.0201373167755554,-0.0262192054890966
2025-06-11,CME,long,default,early_watchlist,48.38,0.4644,52.55,False,0.0090858254538561,0.0201373167755554,-0.0262192054890966
2025-07-11,CME,short,default,filtered_out,34.93,0.4338,35.06,False,-0.0013814685889357,0.0259196516845825,-0.0428114649214628
2025-07-11,CME,medium,default,filtered_out,37.51,0.4397,43.11,False,-0.0013814685889357,0.0259196516845825,-0.0428114649214628
2025-07-11,CME,long,default,early_watchlist,48.26,0.4641,51.69,False,-0.0013814685889357,0.0259196516845825,-0.0428114649214628
2025-08-08,CME,short,default,early_watchlist,52.1,0.4761,37.71,False,-0.0293751600914936,-0.0695581811808797,-0.0594821349127528
2025-08-08,CME,medium,default,early_watchlist,51.74,0.4753,43.47,False,-0.0293751600914936,-0.0695581811808797,-0.0594821349127528
2025-08-08,CME,long,default,early_watchlist,55.54,0.4839,51.88,False,-0.0293751600914936,-0.0695581811808797,-0.0594821349127528
2025-09-08,CME,short,default,filtered_out,39.07,0.4504,34.5,False,-0.0095664561682871,0.0027551881568868,0.0618375741207313
2025-09-08,CME,medium,default,filtered_out,40.67,0.4541,39.5,False,-0.0095664561682871,0.0027551881568868,0.0618375741207313
2025-09-08,CME,long,default,filtered_out,42.66,0.4586,45.72,False,-0.0095664561682871,0.0027551881568868,0.0618375741207313
2025-10-06,CME,short,default,filtered_out,39.4,0.4512,35.51,False,0.0352223946787593,0.0080519408585124,0.0468951200686829
2025-10-06,CME,medium,default,filtered_out,40.94,0.4547,40.34,False,0.0352223946787593,0.0080519408585124,0.0468951200686829
2025-10-06,CME,long,default,filtered_out,42.59,0.4584,45.47,False,0.0352223946787593,0.0080519408585124,0.0468951200686829
2025-11-03,CME,short,default,filtered_out,39.08,0.4505,34.51,False,0.0496668538050815,0.0504617939008802,0.0993053979478482
2025-11-03,CME,medium,default,filtered_out,40.87,0.4545,40.1,False,0.0496668538050815,0.0504617939008802,0.0993053979478482
2025-11-03,CME,long,default,filtered_out,42.47,0.4582,45.12,False,0.0496668538050815,0.0504617939008802,0.0993053979478482
2025-12-02,CME,short,default,early_watchlist,53.6,0.4795,38.19,False,-0.0265595848877282,-0.0113558432189758,0.181898173001578
2025-12-02,CME,medium,default,early_watchlist,53.23,0.4787,47.66,False,-0.0265595848877282,-0.0113558432189758,0.181898173001578
2025-12-02,CME,long,default,early_watchlist,55.2,0.4831,50.12,False,-0.0265595848877282,-0.0113558432189758,0.181898173001578
2025-12-31,CME,short,default,filtered_out,39.25,0.4514,34.85,False,-0.0235828451007937,0.0585176287046458,0.1157677582725023
2025-12-31,CME,medium,default,filtered_out,41.16,0.4558,40.82,False,-0.0235828451007937,0.0585176287046458,0.1157677582725023
2025-12-31,CME,long,default,filtered_out,43.63,0.4614,48.53,False,-0.0235828451007937,0.0585176287046458,0.1157677582725023
2026-01-30,CME,short,default,filtered_out,44.92,0.4565,44.85,False,0.0456998246777835,0.1293848618746709,0.0078595640252068
2026-01-30,CME,medium,default,early_watchlist,47.62,0.4627,49.56,False,0.0456998246777835,0.1293848618746709,0.0078595640252068
2026-01-30,CME,long,default,early_watchlist,50.52,0.4698,55.03,False,0.0456998246777835,0.1293848618746709,0.0078595640252068
2026-03-02,CME,short,default,early_watchlist,51.76,0.4825,53.51,False,-0.0225754972367637,-0.0666731705496098,-0.1246336394487824
2026-03-02,CME,medium,default,early_watchlist,55.49,0.491,62.64,False,-0.0225754972367637,-0.0666731705496098,-0.1246336394487824
2026-03-02,CME,long,default,early_watchlist,56.18,0.4926,60.14,False,-0.0225754972367637,-0.0666731705496098,-0.1246336394487824
2026-03-30,CME,short,default,filtered_out,35.88,0.4371,34.5,False,0.0436856573949953,-0.0438537877891358,-0.2399805212021601
2026-03-30,CME,medium,default,filtered_out,39.21,0.4447,44.9,False,0.0436856573949953,-0.0438537877891358,-0.2399805212021601
2026-03-30,CME,long,default,early_watchlist,51.71,0.4726,57.17,False,0.0436856573949953,-0.0438537877891358,-0.2399805212021601
2025-03-17,ICE,short,default,early_watchlist,56.39,0.7096,41.56,False,0.0140607782114425,-0.0753964176486885,0.0270800438625984
2025-03-17,ICE,medium,default,early_watchlist,56.14,0.4898,53.63,False,0.0140607782114425,-0.0753964176486885,0.0270800438625984
2025-03-17,ICE,long,default,early_watchlist,58.47,0.4951,57.72,False,0.0140607782114425,-0.0753964176486885,0.0270800438625984
2025-04-14,ICE,short,default,filtered_out,44.33,0.6827,37.82,False,0.0055696635597379,0.0816695860489504,0.1327061679793462
2025-04-14,ICE,medium,default,filtered_out,41.11,0.4556,43.79,False,0.0055696635597379,0.0816695860489504,0.1327061679793462
2025-04-14,ICE,long,default,filtered_out,42.9,0.4597,49.37,False,0.0055696635597379,0.0816695860489504,0.1327061679793462
2025-05-13,ICE,short,default,filtered_out,43.18,0.673,44.6,False,0.0199607344217687,0.026961353644904,0.0813524901923463
2025-05-13,ICE,medium,default,early_watchlist,46.68,0.4611,48.45,False,0.0199607344217687,0.026961353644904,0.0813524901923463
2025-05-13,ICE,long,default,early_watchlist,55.45,0.7483,52.15,False,0.0199607344217687,0.026961353644904,0.0813524901923463
2025-06-11,ICE,short,default,filtered_out,40.77,0.6704,36.65,False,0.015454253562233,0.0196909061989689,-0.0177050543891882
2025-06-11,ICE,medium,default,early_watchlist,46.55,0.4614,46.86,False,0.015454253562233,0.0196909061989689,-0.0177050543891882
2025-06-11,ICE,long,default,early_watchlist,56.78,0.7763,52.61,False,0.015454253562233,0.0196909061989689,-0.0177050543891882
2025-07-11,ICE,short,default,filtered_out,40.62,0.6701,36.19,False,0.0011634682277288,0.0326297618083464,-0.116367198448983
2025-07-11,ICE,medium,default,early_watchlist,50.4,0.4701,47.73,False,0.0011634682277288,0.0326297618083464,-0.116367198448983
2025-07-11,ICE,long,default,early_watchlist,58.65,0.7976,56.31,False,0.0011634682277288,0.0326297618083464,-0.116367198448983
2025-08-08,ICE,short,default,early_watchlist,59.39,0.7151,38.75,False,-0.0278969955302428,-0.06711367831262,-0.2167549113398252
2025-08-08,ICE,medium,default,early_watchlist,53.9,0.4813,46.92,False,-0.0278969955302428,-0.06711367831262,-0.2167549113398252
2025-08-08,ICE,long,default,early_watchlist,65.64,0.8182,55.13,False,-0.0278969955302428,-0.06711367831262,-0.2167549113398252
2025-09-08,ICE,short,default,filtered_out,44.4,0.6857,34.5,False,-0.0095462922789827,-0.0827273048825378,-0.104064690511794
2025-09-08,ICE,medium,default,filtered_out,40.8,0.4555,39.5,False,-0.0095462922789827,-0.0827273048825378,-0.104064690511794
2025-09-08,ICE,long,default,early_watchlist,49.8,0.7526,46.13,False,-0.0095462922789827,-0.0827273048825378,-0.104064690511794
2025-10-06,ICE,short,default,filtered_out,44.76,0.6865,35.63,False,-0.0019489687207766,-0.0846851905892985,0.0212692983363813
2025-10-06,ICE,medium,default,filtered_out,41.02,0.456,40.17,False,-0.0019489687207766,-0.0846851905892985,0.0212692983363813
2025-10-06,ICE,long,default,early_watchlist,48.62,0.4667,46.03,False,-0.0019489687207766,-0.0846851905892985,0.0212692983363813
2025-11-03,ICE,short,default,filtered_out,44.27,0.6826,34.5,False,0.0268563789192455,0.0671063341974258,0.1971863889009439
2025-11-03,ICE,medium,default,filtered_out,40.74,0.4548,39.5,False,0.0268563789192455,0.0671063341974258,0.1971863889009439
2025-11-03,ICE,long,default,early_watchlist,48.29,0.4642,45.29,False,0.0268563789192455,0.0671063341974258,0.1971863889009439
2025-12-02,ICE,short,default,early_watchlist,51.8,0.691,40.48,False,0.0170571881717598,0.0455916089085266,0.0637971650972699
2025-12-02,ICE,medium,default,filtered_out,38.16,0.4383,45.99,False,0.0170571881717598,0.0455916089085266,0.0637971650972699
2025-12-02,ICE,long,default,filtered_out,43.77,0.4447,45.62,False,0.0170571881717598,0.0455916089085266,0.0637971650972699
2025-12-31,ICE,short,default,early_watchlist,51.58,0.6905,39.05,False,0.0001234241833987,0.0729808809204237,-0.0278650253621992
2025-12-31,ICE,medium,default,filtered_out,38.34,0.4387,46.56,False,0.0001234241833987,0.0729808809204237,-0.0278650253621992
2025-12-31,ICE,long,default,filtered_out,43.97,0.4451,46.23,False,0.0001234241833987,0.0729808809204237,-0.0278650253621992
2026-01-30,ICE,short,default,early_watchlist,47.62,0.4138,43.08,False,-0.0275059599031561,-0.0517895093856703,-0.0976814047042806
2026-01-30,ICE,medium,default,early_watchlist,50.78,0.2939,56.04,False,-0.0275059599031561,-0.0517895093856703,-0.0976814047042806
2026-01-30,ICE,long,default,early_watchlist,48.69,0.4596,56.62,False,-0.0275059599031561,-0.0517895093856703,-0.0976814047042806
2026-03-02,ICE,short,default,filtered_out,44.8,0.3067,45.23,False,0.0061899856766134,-0.0445018979582949,-0.0885203198420352
2026-03-02,ICE,medium,default,filtered_out,41.11,0.05,40.64,False,0.0061899856766134,-0.0445018979582949,-0.0885203198420352
2026-03-02,ICE,long,default,early_watchlist,49.96,0.4679,50.5,False,0.0061899856766134,-0.0445018979582949,-0.0885203198420352
2026-03-30,ICE,short,default,filtered_out,41.44,0.3015,34.5,False,0.0596406107369045,-0.0040780071594457,-0.2038208725498825
2026-03-30,ICE,medium,default,filtered_out,41.15,0.05,39.5,False,0.0596406107369045,-0.0040780071594457,-0.2038208725498825
2026-03-30,ICE,long,default,early_watchlist,48.48,0.4664,45.58,False,0.0596406107369045,-0.0040780071594457,-0.2038208725498825
2025-03-17,HD,short,default,filtered_out,38.22,0.4498,34.5,False,0.0272216378737564,0.0086692070988725,0.0242004831141493
2025-03-17,HD,medium,default,filtered_out,39.82,0.4534,39.5,False,0.0272216378737564,0.0086692070988725,0.0242004831141493
2025-03-17,HD,long,default,filtered_out,41.62,0.4575,45.12,False,0.0272216378737564,0.0086692070988725,0.0242004831141493
2025-04-14,HD,short,default,filtered_out,39.78,0.4533,39.38,False,-0.0077548024158489,0.0459126381631131,0.0424686872637711
2025-04-14,HD,medium,default,filtered_out,40.03,0.4539,40.15,False,-0.0077548024158489,0.0459126381631131,0.0424686872637711
2025-04-14,HD,long,default,filtered_out,41.62,0.4575,45.12,False,-0.0077548024158489,0.0459126381631131,0.0424686872637711
2025-05-13,HD,short,default,filtered_out,44.22,0.4562,45.22,False,0.0092344239709414,-0.0291753322978453,0.044594080572313
2025-05-13,HD,medium,default,filtered_out,38.71,0.4437,46.4,False,0.0092344239709414,-0.0291753322978453,0.044594080572313
2025-05-13,HD,long,default,filtered_out,38.3,0.4428,45.12,False,0.0092344239709414,-0.0291753322978453,0.044594080572313
2025-06-11,HD,short,default,filtered_out,39.01,0.4521,36.78,False,-0.0372579655885496,0.026660386851778,0.1716206833044677
2025-06-11,HD,medium,default,filtered_out,40.38,0.4553,41.04,False,-0.0372579655885496,0.026660386851778,0.1716206833044677
2025-06-11,HD,long,default,filtered_out,42.25,0.4595,46.91,False,-0.0372579655885496,0.026660386851778,0.1716206833044677
2025-07-11,HD,short,default,filtered_out,34.51,0.4307,37.47,False,-0.0288323482661259,0.0480450530256699,0.0580127208782099
2025-07-11,HD,medium,default,early_watchlist,47.82,0.461,44.01,False,-0.0288323482661259,0.0480450530256699,0.0580127208782099
2025-07-11,HD,long,default,filtered_out,38.01,0.4387,48.41,False,-0.0288323482661259,0.0480450530256699,0.0580127208782099
2025-08-08,HD,short,default,early_watchlist,45.37,0.4594,44.91,False,0.029727819705444,0.0888806299944289,-0.0189598171038114
2025-08-08,HD,medium,default,early_watchlist,47.69,0.4647,48.8,False,0.029727819705444,0.0888806299944289,-0.0189598171038114
2025-08-08,HD,long,default,filtered_out,41.46,0.4505,51.69,False,0.029727819705444,0.0888806299944289,-0.0189598171038114
2025-09-08,HD,short,default,early_watchlist,46.38,0.4617,49.34,False,0.006596240693981,-0.0728912823156002,-0.1569509743659133
2025-09-08,HD,medium,default,early_watchlist,50.11,0.4702,59.97,False,0.006596240693981,-0.0728912823156002,-0.1569509743659133
2025-09-08,HD,long,default,early_watchlist,52.31,0.4752,59.87,False,0.006596240693981,-0.0728912823156002,-0.1569509743659133
2025-10-06,HD,short,default,filtered_out,36.28,0.4387,35.49,False,-0.0255824669912233,-0.0282023172175978,-0.1104575488165345
2025-10-06,HD,medium,default,filtered_out,39.16,0.4453,44.48,False,-0.0255824669912233,-0.0282023172175978,-0.1104575488165345
2025-10-06,HD,long,default,early_watchlist,53.38,0.4776,51.51,False,-0.0255824669912233,-0.0282023172175978,-0.1104575488165345
2025-11-03,HD,short,default,filtered_out,39.36,0.4529,34.74,False,-0.0209330469540307,-0.064279149668865,-0.00353440100359
2025-11-03,HD,medium,default,filtered_out,40.88,0.4564,39.5,False,-0.0209330469540307,-0.064279149668865,-0.00353440100359
2025-11-03,HD,long,default,filtered_out,42.9,0.461,45.82,False,-0.0209330469540307,-0.064279149668865,-0.00353440100359
2025-12-02,HD,short,default,filtered_out,40.94,0.4565,39.68,False,-0.0184358945366344,-0.0217620373592714,0.0541715154584248
2025-12-02,HD,medium,default,filtered_out,40.88,0.4564,39.5,False,-0.0184358945366344,-0.0217620373592714,0.0541715154584248
2025-12-02,HD,long,default,filtered_out,42.68,0.4605,45.12,False,-0.0184358945366344,-0.0217620373592714,0.0541715154584248
2025-12-31,HD,short,default,filtered_out,39.66,0.4542,35.47,False,0.044928759040046,0.0886079228582736,-0.0535809376461698
2025-12-31,HD,medium,default,filtered_out,40.95,0.4571,39.5,False,0.044928759040046,0.0886079228582736,-0.0535809376461698
2025-12-31,HD,long,default,filtered_out,42.68,0.4605,45.12,False,0.044928759040046,0.0886079228582736,-0.0535809376461698
2026-01-30,HD,short,default,filtered_out,41.7,0.4588,41.85,False,0.0281908223513733,-0.0100909977895059,-0.1156732388761383
2026-01-30,HD,medium,default,filtered_out,44.44,0.4651,50.43,False,0.0281908223513733,-0.0100909977895059,-0.1156732388761383
2026-01-30,HD,long,default,filtered_out,42.74,0.4606,45.31,False,0.0281908223513733,-0.0100909977895059,-0.1156732388761383
2026-03-02,HD,short,default,filtered_out,39.41,0.4531,34.91,False,-0.046519792576853,-0.1217529199138441,-0.137091712055644
2026-03-02,HD,medium,default,filtered_out,42.3,0.4596,43.93,False,-0.046519792576853,-0.1217529199138441,-0.137091712055644
2026-03-02,HD,long,default,filtered_out,43.79,0.463,48.59,False,-0.046519792576853,-0.1217529199138441,-0.137091712055644
2026-03-30,HD,short,default,filtered_out,39.28,0.4528,34.5,False,-0.0146213525979587,0.0171869490463838,0.0744597031040161
2026-03-30,HD,medium,default,filtered_out,40.88,0.4564,39.5,False,-0.0146213525979587,0.0171869490463838,0.0744597031040161
2026-03-30,HD,long,default,filtered_out,42.68,0.4605,45.12,False,-0.0146213525979587,0.0171869490463838,0.0744597031040161
2025-03-17,LOW,short,default,filtered_out,38.14,0.4489,34.5,False,0.0311711152937488,-0.0075714082107339,-0.0136398647440445
2025-03-17,LOW,medium,default,filtered_out,39.74,0.4525,39.5,False,0.0311711152937488,-0.0075714082107339,-0.0136398647440445
2025-03-17,LOW,long,default,filtered_out,41.58,0.4567,45.26,False,0.0311711152937488,-0.0075714082107339,-0.0136398647440445
2025-04-14,LOW,short,default,filtered_out,39.14,0.4506,37.82,False,-0.0226196904480017,0.0350130472179914,0.0052324249849513
2025-04-14,LOW,medium,default,filtered_out,39.67,0.4518,39.5,False,-0.0226196904480017,0.0350130472179914,0.0052324249849513
2025-04-14,LOW,long,default,filtered_out,41.47,0.4559,45.12,False,-0.0226196904480017,0.0350130472179914,0.0052324249849513
2025-05-13,LOW,short,default,filtered_out,42.96,0.4486,44.56,False,0.0020799616828581,-0.0397365049254301,0.0505374728863341
2025-05-13,LOW,medium,default,filtered_out,36.82,0.4347,45.14,False,0.0020799616828581,-0.0397365049254301,0.0505374728863341
2025-05-13,LOW,long,default,filtered_out,36.88,0.4348,45.32,False,0.0020799616828581,-0.0397365049254301,0.0505374728863341
2025-06-11,LOW,short,default,filtered_out,38.15,0.4489,34.54,False,-0.0486011293418239,0.0114169909044901,0.2385919961984555
2025-06-11,LOW,medium,default,filtered_out,39.74,0.4525,39.5,False,-0.0486011293418239,0.0114169909044901,0.2385919961984555
2025-06-11,LOW,long,default,filtered_out,41.54,0.4566,45.12,False,-0.0486011293418239,0.0114169909044901,0.2385919961984555
2025-07-11,LOW,short,default,filtered_out,38.6,0.4499,35.96,False,-0.0221747086476865,0.0816602847297234,0.0839926998786553
2025-07-11,LOW,medium,default,filtered_out,40.08,0.4533,40.57,False,-0.0221747086476865,0.0816602847297234,0.0839926998786553
2025-07-11,LOW,long,default,filtered_out,41.63,0.4568,45.4,False,-0.0221747086476865,0.0816602847297234,0.0839926998786553
2025-08-08,LOW,short,default,early_watchlist,46.49,0.4607,51.2,False,0.0452415724827834,0.1321582617830186,-0.0180445803428356
2025-08-08,LOW,medium,default,early_watchlist,49.16,0.4668,52.92,False,0.0452415724827834,0.1321582617830186,-0.0180445803428356
2025-08-08,LOW,long,default,filtered_out,41.66,0.4497,52.76,False,0.0452415724827834,0.1321582617830186,-0.0180445803428356
2025-09-08,LOW,short,default,early_watchlist,60.28,0.7841,58.12,False,-0.003406192799537,-0.1148266434477781,-0.1049534006658424
2025-09-08,LOW,medium,default,early_watchlist,63.21,0.7906,64.32,False,-0.003406192799537,-0.1148266434477781,-0.1049534006658424
2025-09-08,LOW,long,default,early_watchlist,56.1,0.4929,61.04,False,-0.003406192799537,-0.1148266434477781,-0.1049534006658424
2025-10-06,LOW,short,default,filtered_out,43.25,0.7361,35.43,False,-0.0297513156272664,-0.0201574430001585,0.00279599812362
2025-10-06,LOW,medium,default,filtered_out,40.37,0.067,45.62,False,-0.0297513156272664,-0.0201574430001585,0.00279599812362
2025-10-06,LOW,long,default,early_watchlist,54.14,0.4786,53.54,False,-0.0297513156272664,-0.0201574430001585,0.00279599812362
2025-11-03,LOW,short,default,early_watchlist,46.35,0.7502,34.77,False,-0.0110761716039952,0.0319556079956795,0.1384288777041509
2025-11-03,LOW,medium,default,filtered_out,41.73,0.0772,39.5,False,-0.0110761716039952,0.0319556079956795,0.1384288777041509
2025-11-03,LOW,long,default,filtered_out,43.17,0.2571,46.08,False,-0.0110761716039952,0.0319556079956795,0.1384288777041509
2025-12-02,LOW,short,default,early_watchlist,49.7,0.7554,45.63,False,-0.0020562598313913,-0.0082658263194798,0.0623225267010725
2025-12-02,LOW,medium,default,filtered_out,41.92,0.05,43.51,False,-0.0020562598313913,-0.0082658263194798,0.0623225267010725
2025-12-02,LOW,long,default,filtered_out,42.99,0.05,46.69,False,-0.0020562598313913,-0.0082658263194798,0.0623225267010725
2025-12-31,LOW,short,default,early_watchlist,47.08,0.7518,37.03,False,0.0624066222040144,0.1123708756111165,-0.0312468328582554
2025-12-31,LOW,medium,default,filtered_out,41.94,0.0777,40.16,False,0.0624066222040144,0.1123708756111165,-0.0312468328582554
2025-12-31,LOW,long,default,filtered_out,42.98,0.05,46.46,False,0.0624066222040144,0.1123708756111165,-0.0312468328582554
2026-01-30,LOW,short,default,filtered_out,40.87,0.361,42.48,False,0.0423875122628718,-0.0370327822848807,-0.0958077053089508
2026-01-30,LOW,medium,default,early_watchlist,52.27,0.2936,59.41,False,0.0423875122628718,-0.0370327822848807,-0.0958077053089508
2026-01-30,LOW,long,default,early_watchlist,54.71,0.4719,57.41,False,0.0423875122628718,-0.0370327822848807,-0.0958077053089508
2026-03-02,LOW,short,default,filtered_out,39.67,0.4729,34.5,False,-0.0270249661681167,-0.0956177643157052,-0.1527750013876154
2026-03-02,LOW,medium,default,filtered_out,39.39,0.05,45.0,False,-0.0270249661681167,-0.0956177643157052,-0.1527750013876154
2026-03-02,LOW,long,default,early_watchlist,52.35,0.2973,50.95,False,-0.0270249661681167,-0.0956177643157052,-0.1527750013876154
2026-03-30,LOW,short,default,filtered_out,43.01,0.4871,34.54,False,-0.0041705928443738,0.0382388503914354,-0.0412103302234622
2026-03-30,LOW,medium,default,filtered_out,41.04,0.05,39.77,False,-0.0041705928443738,0.0382388503914354,-0.0412103302234622
2026-03-30,LOW,long,default,early_watchlist,45.36,0.2902,45.34,False,-0.0041705928443738,0.0382388503914354,-0.0412103302234622
2025-03-17,NKE,short,default,filtered_out,39.62,0.453,38.88,False,-0.0856172981931887,-0.2481681082362993,-0.1379997826537337
2025-03-17,NKE,medium,default,filtered_out,40.35,0.4546,41.17,False,-0.0856172981931887,-0.2481681082362993,-0.1379997826537337
2025-03-17,NKE,long,default,filtered_out,41.75,0.4578,45.52,False,-0.0856172981931887,-0.2481681082362993,-0.1379997826537337
2025-04-14,NKE,short,default,filtered_out,38.16,0.4491,34.5,False,0.0297779384143772,0.1259699965579905,0.3194848350078416
2025-04-14,NKE,medium,default,filtered_out,39.76,0.4527,39.5,False,0.0297779384143772,0.1259699965579905,0.3194848350078416
2025-04-14,NKE,long,default,filtered_out,41.67,0.4571,45.48,False,0.0297779384143772,0.1259699965579905,0.3194848350078416
2025-05-13,NKE,short,default,early_watchlist,50.14,0.4756,55.56,False,0.0027248650815834,0.0182626479296488,0.1970355258814438
2025-05-13,NKE,medium,default,filtered_out,42.59,0.4584,48.62,False,0.0027248650815834,0.0182626479296488,0.1970355258814438
2025-05-13,NKE,long,default,filtered_out,41.47,0.4559,45.12,False,0.0027248650815834,0.0182626479296488,0.1970355258814438
2025-06-11,NKE,short,default,filtered_out,41.67,0.4452,42.3,False,-0.0570433507480909,0.1508474820476297,0.1810386651341082
2025-06-11,NKE,medium,default,filtered_out,37.38,0.4354,47.07,False,-0.0570433507480909,0.1508474820476297,0.1810386651341082
2025-06-11,NKE,long,default,filtered_out,36.75,0.434,45.12,False,-0.0570433507480909,0.1508474820476297,0.1810386651341082
2025-07-11,NKE,short,default,filtered_out,44.79,0.2831,50.76,False,-0.0022026866755102,0.0214790281758043,-0.0150094387752073
2025-07-11,NKE,medium,default,early_watchlist,53.88,0.3033,62.9,False,-0.0022026866755102,0.0214790281758043,-0.0150094387752073
2025-07-11,NKE,long,default,early_watchlist,46.74,0.4724,57.62,False,-0.0022026866755102,0.0214790281758043,-0.0150094387752073
2025-08-08,NKE,short,default,filtered_out,43.6,0.7433,36.08,False,0.0374713257950722,0.0046548598306705,-0.1511581098116259
2025-08-08,NKE,medium,default,early_watchlist,53.95,0.7014,52.74,False,0.0374713257950722,0.0046548598306705,-0.1511581098116259
2025-08-08,NKE,long,default,filtered_out,43.15,0.4525,57.62,False,0.0374713257950722,0.0046548598306705,-0.1511581098116259
2025-09-08,NKE,short,default,filtered_out,44.9,0.7517,36.25,False,-0.015104579835481,-0.0401889957620349,-0.1187521513480519
2025-09-08,NKE,medium,default,early_watchlist,46.3,0.6957,46.6,False,-0.015104579835481,-0.0401889957620349,-0.1187521513480519
2025-09-08,NKE,long,default,early_watchlist,53.75,0.4798,61.68,False,-0.015104579835481,-0.0401889957620349,-0.1187521513480519
2025-10-06,NKE,short,default,early_watchlist,47.45,0.7632,36.83,False,-0.053252678236941,-0.1197132001078624,-0.0991042721729289
2025-10-06,NKE,medium,default,filtered_out,40.98,0.2537,39.5,False,-0.053252678236941,-0.1197132001078624,-0.0991042721729289
2025-10-06,NKE,long,default,filtered_out,44.02,0.4635,49.3,False,-0.053252678236941,-0.1197132001078624,-0.0991042721729289
2025-11-03,NKE,short,default,early_watchlist,47.79,0.7621,38.42,False,-0.0295291993773617,0.0430092389373326,-0.0071092063441089
2025-11-03,NKE,medium,default,filtered_out,41.7,0.2533,42.22,False,-0.0295291993773617,0.0430092389373326,-0.0071092063441089
2025-11-03,NKE,long,default,filtered_out,43.2,0.4598,47.39,False,-0.0295291993773617,0.0430092389373326,-0.0071092063441089
2025-12-02,NKE,short,default,early_watchlist,49.65,0.7663,44.22,False,-0.0246418915318555,-0.0187895101677511,-0.0541359746173044
2025-12-02,NKE,medium,default,filtered_out,41.86,0.2537,42.73,False,-0.0246418915318555,-0.0187895101677511,-0.0541359746173044
2025-12-02,NKE,long,default,filtered_out,42.54,0.4589,45.12,False,-0.0246418915318555,-0.0187895101677511,-0.0541359746173044
2025-12-31,NKE,short,default,early_watchlist,50.38,0.7697,45.99,False,0.0243290396109105,-0.0298226172102786,-0.1903922718226283
2025-12-31,NKE,medium,default,filtered_out,41.51,0.2548,41.18,False,0.0243290396109105,-0.0298226172102786,-0.1903922718226283
2025-12-31,NKE,long,default,filtered_out,43.29,0.4619,47.03,False,0.0243290396109105,-0.0298226172102786,-0.1903922718226283
2026-01-30,NKE,short,default,early_watchlist,47.7,0.7637,37.61,False,0.0341368379458135,-0.0063913135702647,-0.2666415228029812
2026-01-30,NKE,medium,default,filtered_out,40.98,0.2537,39.5,False,0.0341368379458135,-0.0063913135702647,-0.2666415228029812
2026-01-30,NKE,long,default,filtered_out,42.68,0.4605,45.12,False,0.0341368379458135,-0.0063913135702647,-0.2666415228029812
2026-03-02,NKE,short,default,filtered_out,42.67,0.4811,34.61,False,-0.0734305460331863,-0.160137636891855,-0.2463530412519546
2026-03-02,NKE,medium,default,filtered_out,40.76,0.2485,39.56,False,-0.0734305460331863,-0.160137636891855,-0.2463530412519546
2026-03-02,NKE,long,default,filtered_out,42.51,0.4583,45.22,False,-0.0734305460331863,-0.160137636891855,-0.2463530412519546
2026-03-30,NKE,short,default,filtered_out,43.01,0.4842,35.33,False,-0.1668618624077339,-0.1211943966303346,-0.1946530688646368
2026-03-30,NKE,medium,default,filtered_out,40.91,0.2516,39.75,False,-0.1668618624077339,-0.1211943966303346,-0.1946530688646368
2026-03-30,NKE,long,default,filtered_out,42.6,0.459,45.33,False,-0.1668618624077339,-0.1211943966303346,-0.1946530688646368
2025-03-17,SBUX,short,default,filtered_out,43.69,0.694,34.5,False,-0.0339120486624526,-0.1371620116925254,-0.0304650506444228
2025-03-17,SBUX,medium,default,filtered_out,41.55,0.4574,44.9,False,-0.0339120486624526,-0.1371620116925254,-0.0304650506444228
2025-03-17,SBUX,long,default,filtered_out,43.45,0.4617,50.83,False,-0.0339120486624526,-0.1371620116925254,-0.0304650506444228
2025-04-14,SBUX,short,default,early_watchlist,45.76,0.6957,41.36,False,-0.0437478311354583,0.016259219922726,0.1183574170693537
2025-04-14,SBUX,medium,default,filtered_out,39.76,0.4527,39.5,False,-0.0437478311354583,0.016259219922726,0.1183574170693537
2025-04-14,SBUX,long,default,filtered_out,41.55,0.4568,45.12,False,-0.0437478311354583,0.016259219922726,0.1183574170693537
2025-05-13,SBUX,short,default,early_watchlist,46.99,0.6994,45.32,False,-0.007912815526208,0.1056806585272054,0.0677776213555705
2025-05-13,SBUX,medium,default,filtered_out,40.07,0.4527,40.72,False,-0.007912815526208,0.1056806585272054,0.0677776213555705
2025-05-13,SBUX,long,default,filtered_out,41.47,0.4559,45.12,False,-0.007912815526208,0.1056806585272054,0.0677776213555705
2025-06-11,SBUX,short,default,early_watchlist,59.8,0.7239,62.9,False,-0.0326030589841395,-0.0047174012713546,-0.1118003167919865
2025-06-11,SBUX,medium,default,filtered_out,43.47,0.4564,58.22,False,-0.0326030589841395,-0.0047174012713546,-0.1118003167919865
2025-06-11,SBUX,long,default,filtered_out,39.7,0.4484,46.26,False,-0.0326030589841395,-0.0047174012713546,-0.1118003167919865
2025-07-11,SBUX,short,default,early_watchlist,49.42,0.4825,41.85,False,-0.012007641023653,-0.0297029947962846,-0.1294315504003207
2025-07-11,SBUX,medium,default,filtered_out,38.57,0.4387,50.61,False,-0.012007641023653,-0.0297029947962846,-0.1294315504003207
2025-07-11,SBUX,long,default,filtered_out,39.35,0.4404,53.05,False,-0.012007641023653,-0.0297029947962846,-0.1294315504003207
2025-08-08,SBUX,short,default,filtered_out,43.97,0.481,40.56,False,-0.0100109572412573,-0.080271780385943,-0.115347533260625
2025-08-08,SBUX,medium,default,filtered_out,42.22,0.4589,43.89,False,-0.0100109572412573,-0.080271780385943,-0.115347533260625
2025-08-08,SBUX,long,default,filtered_out,44.38,0.4638,50.63,False,-0.0100109572412573,-0.080271780385943,-0.115347533260625
2025-09-08,SBUX,short,default,filtered_out,42.03,0.4776,34.73,False,-0.0177023180154534,-0.0244742874043403,0.0195498909386668
2025-09-08,SBUX,medium,default,filtered_out,40.6,0.05,39.92,False,-0.0177023180154534,-0.0244742874043403,0.0195498909386668
2025-09-08,SBUX,long,default,filtered_out,42.54,0.4589,45.12,False,-0.0177023180154534,-0.0244742874043403,0.0195498909386668
2025-10-06,SBUX,short,default,filtered_out,42.89,0.4795,37.43,False,-0.0253318917140811,-0.0140055735789543,0.0329845251420255
2025-10-06,SBUX,medium,default,filtered_out,41.14,0.05,41.62,False,-0.0253318917140811,-0.0140055735789543,0.0329845251420255
2025-10-06,SBUX,long,default,filtered_out,43.17,0.4603,47.09,False,-0.0253318917140811,-0.0140055735789543,0.0329845251420255
2025-11-03,SBUX,short,default,filtered_out,41.96,0.4774,34.5,False,0.0449604361383888,0.0599742172843358,0.1439510935553589
2025-11-03,SBUX,medium,default,filtered_out,40.46,0.05,39.5,False,0.0449604361383888,0.0599742172843358,0.1439510935553589
2025-11-03,SBUX,long,default,filtered_out,42.54,0.4589,45.12,False,0.0449604361383888,0.0599742172843358,0.1439510935553589
2025-12-02,SBUX,short,default,early_watchlist,47.77,0.3695,39.26,False,-0.0342723070237098,-0.0116197608910498,0.1430047641572633
2025-12-02,SBUX,medium,default,filtered_out,37.74,0.05,45.76,False,-0.0342723070237098,-0.0116197608910498,0.1430047641572633
2025-12-02,SBUX,long,default,filtered_out,38.14,0.4377,46.14,False,-0.0342723070237098,-0.0116197608910498,0.1430047641572633
2025-12-31,SBUX,short,default,filtered_out,41.39,0.3341,35.72,False,0.0471441518129553,0.0919131650967999,0.036447682061623
2025-12-31,SBUX,medium,default,filtered_out,40.89,0.05,40.85,False,0.0471441518129553,0.0919131650967999,0.036447682061623
2025-12-31,SBUX,long,default,filtered_out,43.09,0.4601,46.84,False,0.0471441518129553,0.0919131650967999,0.036447682061623
2026-01-30,SBUX,short,default,filtered_out,42.22,0.4792,41.75,False,0.0815660256258952,0.0590973574529232,0.0647890515861859
2026-01-30,SBUX,medium,default,early_watchlist,53.18,0.4864,54.73,False,0.0815660256258952,0.0590973574529232,0.0647890515861859
2026-01-30,SBUX,long,default,early_watchlist,51.42,0.4732,56.73,False,0.0815660256258952,0.0590973574529232,0.0647890515861859
2026-03-02,SBUX,short,default,near_watchlist,58.22,0.4654,39.15,False,0.0311078329318224,-0.103761909010697,0.0613727507955863
2026-03-02,SBUX,medium,default,early_watchlist,60.34,0.3953,53.93,False,0.0311078329318224,-0.103761909010697,0.0613727507955863
2026-03-02,SBUX,long,default,early_watchlist,59.82,0.499,59.97,False,0.0311078329318224,-0.103761909010697,0.0613727507955863
2026-03-30,SBUX,short,default,filtered_out,42.41,0.3263,34.5,False,0.0979013002275155,0.1217712226103131,0.1965480654104792
2026-03-30,SBUX,medium,default,filtered_out,44.96,0.2832,43.66,False,0.0979013002275155,0.1217712226103131,0.1965480654104792
2026-03-30,SBUX,long,default,filtered_out,43.89,0.462,49.36,False,0.0979013002275155,0.1217712226103131,0.1965480654104792
2025-03-17,BKNG,short,default,filtered_out,42.63,0.489,37.02,False,0.0320661515745579,-0.001435327707263,0.1999230697451717
2025-03-17,BKNG,medium,default,filtered_out,43.95,0.5099,39.5,False,0.0320661515745579,-0.001435327707263,0.1999230697451717
2025-03-17,BKNG,long,default,filtered_out,42.26,0.4595,46.94,False,0.0320661515745579,-0.001435327707263,0.1999230697451717
2025-04-14,BKNG,short,default,filtered_out,44.08,0.4905,41.85,False,0.0090502260569182,0.154839813417418,0.2567854707922217
2025-04-14,BKNG,medium,default,filtered_out,43.85,0.5083,39.5,False,0.0090502260569182,0.154839813417418,0.2567854707922217
2025-04-14,BKNG,long,default,filtered_out,41.62,0.4575,45.12,False,0.0090502260569182,0.154839813417418,0.2567854707922217
2025-05-13,BKNG,short,default,early_watchlist,55.11,0.6744,51.72,False,0.009170639746459,0.0405320410727612,0.0290403469923503
2025-05-13,BKNG,medium,default,early_watchlist,49.73,0.5225,57.56,False,0.009170639746459,0.0405320410727612,0.0290403469923503
2025-05-13,BKNG,long,default,filtered_out,44.36,0.4643,53.48,False,0.009170639746459,0.0405320410727612,0.0290403469923503
2025-06-11,BKNG,short,default,filtered_out,42.96,0.5836,42.01,False,-0.0329328626483819,0.045885026654608,0.0206737627858475
2025-06-11,BKNG,medium,default,early_watchlist,51.93,0.4606,57.17,False,-0.0329328626483819,0.045885026654608,0.0206737627858475
2025-06-11,BKNG,long,default,early_watchlist,52.2,0.3003,59.83,False,-0.0329328626483819,0.045885026654608,0.0206737627858475
2025-07-11,BKNG,short,default,early_watchlist,57.84,0.6142,40.62,False,-0.0024838911109077,-0.0544314921380008,-0.0503576388701976
2025-07-11,BKNG,medium,default,early_watchlist,61.47,0.5636,53.2,False,-0.0024838911109077,-0.0544314921380008,-0.0503576388701976
2025-07-11,BKNG,long,default,early_watchlist,63.99,0.5529,60.0,False,-0.0024838911109077,-0.0544314921380008,-0.0503576388701976
2025-08-08,BKNG,short,default,filtered_out,41.14,0.558,34.86,False,0.0089494104722356,0.0320720239639624,-0.0678330885596046
2025-08-08,BKNG,medium,default,filtered_out,40.76,0.2536,42.37,False,0.0089494104722356,0.0320720239639624,-0.0678330885596046
2025-08-08,BKNG,long,default,early_watchlist,50.27,0.2308,51.39,False,0.0089494104722356,0.0320720239639624,-0.0678330885596046
2025-09-08,BKNG,short,default,filtered_out,41.87,0.5666,36.77,False,-0.0017720320118617,-0.0269008939039616,-0.078034704798773
2025-09-08,BKNG,medium,default,filtered_out,41.08,0.2545,43.53,False,-0.0017720320118617,-0.0269008939039616,-0.078034704798773
2025-09-08,BKNG,long,default,early_watchlist,52.59,0.4496,51.18,False,-0.0017720320118617,-0.0269008939039616,-0.078034704798773
2025-10-06,BKNG,short,default,early_watchlist,45.42,0.5825,36.99,False,-0.0306316661608674,-0.0718319742177713,-0.0100175887766273
2025-10-06,BKNG,medium,default,filtered_out,43.94,0.2694,41.61,False,-0.0306316661608674,-0.0718319742177713,-0.0100175887766273
2025-10-06,BKNG,long,default,filtered_out,44.37,0.253,48.42,False,-0.0306316661608674,-0.0718319742177713,-0.0100175887766273
2025-11-03,BKNG,short,default,filtered_out,44.34,0.5715,34.5,False,-0.0143423872607929,0.0207770481496065,-0.0038048084411782
2025-11-03,BKNG,medium,default,filtered_out,43.16,0.2658,39.5,False,-0.0143423872607929,0.0207770481496065,-0.0038048084411782
2025-11-03,BKNG,long,default,filtered_out,42.98,0.05,45.12,False,-0.0143423872607929,0.0207770481496065,-0.0038048084411782
2025-12-02,BKNG,short,default,early_watchlist,48.21,0.579,46.6,False,0.0137546043313265,0.0448885705638244,-0.1844752414055784
2025-12-02,BKNG,medium,default,filtered_out,44.27,0.2681,42.97,False,0.0137546043313265,0.0448885705638244,-0.1844752414055784
2025-12-02,BKNG,long,default,filtered_out,43.36,0.05,46.29,False,0.0137546043313265,0.0448885705638244,-0.1844752414055784
2025-12-31,BKNG,short,default,filtered_out,43.53,0.5296,42.48,False,0.0167441106776682,-0.0660071191565117,-0.229383981031806
2025-12-31,BKNG,medium,default,early_watchlist,50.29,0.2755,47.27,False,0.0167441106776682,-0.0660071191565117,-0.229383981031806
2025-12-31,BKNG,long,default,filtered_out,40.03,0.05,46.06,False,0.0167441106776682,-0.0660071191565117,-0.229383981031806
2026-01-30,BKNG,short,default,filtered_out,43.55,0.4201,35.09,False,-0.1088938825724513,-0.1643515619982997,-0.1314419373680301
2026-01-30,BKNG,medium,default,filtered_out,43.92,0.2674,41.87,False,-0.1088938825724513,-0.1643515619982997,-0.1314419373680301
2026-01-30,BKNG,long,default,filtered_out,43.29,0.05,46.07,False,-0.1088938825724513,-0.1643515619982997,-0.1314419373680301
2026-03-02,BKNG,short,default,early_watchlist,45.81,0.4216,42.48,False,0.0648456824399119,-0.0126506129610849,0.0093479969946872
2026-03-02,BKNG,medium,default,filtered_out,44.43,0.4885,39.5,False,0.0648456824399119,-0.0126506129610849,0.0093479969946872
2026-03-02,BKNG,long,default,filtered_out,42.96,0.05,45.26,False,0.0648456824399119,-0.0126506129610849,0.0093479969946872
2026-03-30,BKNG,short,default,filtered_out,44.25,0.3711,38.31,False,0.0528815691437833,0.0526994341275881,0.0776847175068251
2026-03-30,BKNG,medium,default,filtered_out,43.31,0.2661,39.98,False,0.0528815691437833,0.0526994341275881,0.0776847175068251
2026-03-30,BKNG,long,default,filtered_out,42.98,0.05,45.12,False,0.0528815691437833,0.0526994341275881,0.0776847175068251
2025-03-17,TJX,short,default,filtered_out,38.21,0.2437,34.5,False,0.0443589762498202,0.1404122584655085,0.0909408637414335
2025-03-17,TJX,medium,default,filtered_out,39.74,0.4525,39.5,False,0.0443589762498202,0.1404122584655085,0.0909408637414335
2025-03-17,TJX,long,default,filtered_out,41.74,0.4571,45.76,False,0.0443589762498202,0.1404122584655085,0.0909408637414335
2025-04-14,TJX,short,default,early_watchlist,47.18,0.254,57.42,False,-0.0374426260240109,0.0016844530688737,-0.0496794413552983
2025-04-14,TJX,medium,default,filtered_out,41.34,0.4484,55.07,False,-0.0374426260240109,0.0016844530688737,-0.0496794413552983
2025-04-14,TJX,long,default,early_watchlist,55.81,0.7489,54.5,False,-0.0374426260240109,0.0016844530688737,-0.0496794413552983
2025-05-13,TJX,short,default,early_watchlist,51.82,0.2768,42.32,False,0.034767742831111,-0.0449889439703062,0.0074664327377875
2025-05-13,TJX,medium,default,early_watchlist,54.24,0.4861,47.02,False,0.034767742831111,-0.0449889439703062,0.0074664327377875
2025-05-13,TJX,long,default,early_watchlist,63.23,0.7737,52.31,False,0.034767742831111,-0.0449889439703062,0.0074664327377875
2025-06-11,TJX,short,default,filtered_out,34.97,0.232,34.5,False,-0.0159801355264128,-0.0065848199751074,0.1345681653702541
2025-06-11,TJX,medium,default,filtered_out,37.76,0.4414,43.49,False,-0.0159801355264128,-0.0065848199751074,0.1345681653702541
2025-06-11,TJX,long,default,early_watchlist,55.17,0.4999,51.03,False,-0.0159801355264128,-0.0065848199751074,0.1345681653702541
2025-07-11,TJX,short,default,filtered_out,38.29,0.2466,34.5,False,-0.0124483990599215,0.0619190056262879,0.1604964027914697
2025-07-11,TJX,medium,default,filtered_out,39.8,0.4532,39.5,False,-0.0124483990599215,0.0619190056262879,0.1604964027914697
2025-07-11,TJX,long,default,filtered_out,43.73,0.4075,45.19,False,-0.0124483990599215,0.0619190056262879,0.1604964027914697
2025-08-08,TJX,short,default,early_watchlist,47.9,0.4751,45.78,False,0.0127248445621044,0.075495030443289,0.0722115029980059
2025-08-08,TJX,medium,default,filtered_out,40.31,0.4472,48.34,False,0.0127248445621044,0.075495030443289,0.0722115029980059
2025-08-08,TJX,long,default,early_watchlist,55.54,0.7464,49.15,False,0.0127248445621044,0.075495030443289,0.0722115029980059
2025-09-08,TJX,short,default,early_watchlist,51.03,0.5886,47.33,False,0.0023431259469004,0.0161176543509893,0.0682558688286743
2025-09-08,TJX,medium,default,early_watchlist,55.39,0.7241,56.84,False,0.0023431259469004,0.0161176543509893,0.0682558688286743
2025-09-08,TJX,long,default,early_watchlist,60.1,0.7973,59.36,False,0.0023431259469004,0.0161176543509893,0.0682558688286743
2025-10-06,TJX,short,default,filtered_out,41.88,0.5665,39.81,False,-0.0120187665538431,-0.0188666071295819,0.0764691130663459
2025-10-06,TJX,medium,default,early_watchlist,55.6,0.7424,51.67,False,-0.0120187665538431,-0.0188666071295819,0.0764691130663459
2025-10-06,TJX,long,default,early_watchlist,60.76,0.8111,59.53,False,-0.0120187665538431,-0.0188666071295819,0.0764691130663459
2025-11-03,TJX,short,default,filtered_out,40.53,0.5637,35.6,False,0.0449398394527176,0.0715272825880641,0.0700272301191236
2025-11-03,TJX,medium,default,filtered_out,44.54,0.6964,43.76,False,0.0449398394527176,0.0715272825880641,0.0700272301191236
2025-11-03,TJX,long,default,early_watchlist,58.54,0.7981,53.91,False,0.0449398394527176,0.0715272825880641,0.0700272301191236
2025-12-02,TJX,short,default,early_watchlist,58.87,0.606,41.41,False,0.0243966759268099,0.0239300359282099,0.0691385487925844
2025-12-02,TJX,medium,default,early_watchlist,62.35,0.7823,51.22,False,0.0243966759268099,0.0239300359282099,0.0691385487925844
2025-12-02,TJX,long,default,early_watchlist,66.66,0.8436,56.69,False,0.0243966759268099,0.0239300359282099,0.0691385487925844
2025-12-31,TJX,short,default,filtered_out,41.07,0.5648,37.3,False,0.0302063866559409,-0.0247379752866103,0.0170590528662737
2025-12-31,TJX,medium,default,early_watchlist,55.21,0.7632,47.78,False,0.0302063866559409,-0.0247379752866103,0.0170590528662737
2025-12-31,TJX,long,default,early_watchlist,60.48,0.8276,56.4,False,0.0302063866559409,-0.0247379752866103,0.0170590528662737
2026-01-30,TJX,short,default,filtered_out,39.16,0.4824,34.5,False,0.0403844642313466,0.0706373554347081,0.0522958541886415
2026-01-30,TJX,medium,default,early_watchlist,45.61,0.7418,42.78,False,0.0403844642313466,0.0706373554347081,0.0522958541886415
2026-01-30,TJX,long,default,early_watchlist,62.4,0.8315,52.02,False,0.0403844642313466,0.0706373554347081,0.0522958541886415
2026-03-02,TJX,short,default,early_watchlist,56.03,0.5248,42.32,False,-0.0112542507337565,-0.0259472790326742,-0.0151040314682556
2026-03-02,TJX,medium,default,early_watchlist,62.7,0.7822,49.01,False,-0.0112542507337565,-0.0259472790326742,-0.0151040314682556
2026-03-02,TJX,long,default,early_watchlist,67.28,0.849,54.24,False,-0.0112542507337565,-0.0259472790326742,-0.0151040314682556
2026-03-30,TJX,short,default,filtered_out,38.3,0.3831,34.5,False,0.0114898794981113,0.0090507355116744,-0.0005885115355237
2026-03-30,TJX,medium,default,filtered_out,42.41,0.575,40.22,False,0.0114898794981113,0.0090507355116744,-0.0005885115355237
2026-03-30,TJX,long,default,early_watchlist,61.22,0.8291,48.5,False,0.0114898794981113,0.0090507355116744,-0.0005885115355237
2025-03-17,ORLY,short,default,early_watchlist,55.6,0.05,36.6,False,0.0109422632778772,0.0491175928243312,0.0016024394774527
2025-03-17,ORLY,medium,default,early_watchlist,58.56,0.3625,48.78,False,0.0109422632778772,0.0491175928243312,0.0016024394774527
2025-03-17,ORLY,long,default,early_watchlist,62.57,0.6391,55.3,False,0.0109422632778772,0.0491175928243312,0.0016024394774527
2025-04-14,ORLY,short,default,early_watchlist,57.2,0.3479,46.5,False,-0.0146089797683474,-0.0660444356400518,-0.0282137894267661
2025-04-14,ORLY,medium,default,early_watchlist,59.74,0.4534,52.39,False,-0.0146089797683474,-0.0660444356400518,-0.0282137894267661
2025-04-14,ORLY,long,default,early_watchlist,62.61,0.308,59.51,False,-0.0146089797683474,-0.0660444356400518,-0.0282137894267661
2025-05-13,ORLY,short,default,filtered_out,40.5,0.3673,38.16,False,0.0495306171925131,0.0222214501176034,0.1734934096827349
2025-05-13,ORLY,medium,default,filtered_out,40.26,0.277,43.02,False,0.0495306171925131,0.0222214501176034,0.1734934096827349
2025-05-13,ORLY,long,default,early_watchlist,54.71,0.2846,47.81,False,0.0495306171925131,0.0222214501176034,0.1734934096827349
2025-06-11,ORLY,short,default,filtered_out,39.33,0.3654,34.5,False,-0.0187757182679367,0.0178869078118097,0.1820908676887054
2025-06-11,ORLY,medium,default,filtered_out,40.44,0.3467,41.81,False,-0.0187757182679367,0.0178869078118097,0.1820908676887054
2025-06-11,ORLY,long,default,early_watchlist,55.97,0.5479,47.11,False,-0.0187757182679367,0.0178869078118097,0.1820908676887054
2025-07-11,ORLY,short,default,early_watchlist,51.45,0.3882,36.82,False,0.0078584759847701,0.1278105078959901,0.1274830818056433
2025-07-11,ORLY,medium,default,filtered_out,42.02,0.3738,41.58,False,0.0078584759847701,0.1278105078959901,0.1274830818056433
2025-07-11,ORLY,long,default,early_watchlist,45.95,0.6818,46.36,False,0.0078584759847701,0.1278105078959901,0.1274830818056433
2025-08-08,ORLY,short,default,early_watchlist,55.29,0.4109,53.24,False,-0.0173231480093652,0.0297106323470668,-0.1125520630671007
2025-08-08,ORLY,medium,default,early_watchlist,57.88,0.4637,60.31,False,-0.0173231480093652,0.0297106323470668,-0.1125520630671007
2025-08-08,ORLY,long,default,near_watchlist,64.06,0.8147,59.07,False,-0.0173231480093652,0.0297106323470668,-0.1125520630671007
2025-09-08,ORLY,short,default,early_watchlist,63.78,0.4348,44.09,False,-0.0009398352696148,-0.0291353235870688,-0.0616541832134536
2025-09-08,ORLY,medium,default,near_watchlist,68.09,0.5446,54.61,False,-0.0009398352696148,-0.0291353235870688,-0.0616541832134536
2025-09-08,ORLY,long,default,near_watchlist,75.45,0.8976,59.48,False,-0.0009398352696148,-0.0291353235870688,-0.0616541832134536
2025-10-06,ORLY,short,default,filtered_out,44.03,0.509,35.28,False,-0.0040658836973064,-0.1122943442480202,-0.1170377890620926
2025-10-06,ORLY,medium,default,early_watchlist,45.07,0.3685,44.9,False,-0.0040658836973064,-0.1122943442480202,-0.1170377890620926
2025-10-06,ORLY,long,default,early_watchlist,62.18,0.7445,57.27,False,-0.0040658836973064,-0.1122943442480202,-0.1170377890620926
2025-11-03,ORLY,short,default,early_watchlist,48.03,0.5196,37.71,False,0.0697928215798222,0.0887677171270011,0.0731734671447643
2025-11-03,ORLY,medium,default,early_watchlist,47.58,0.2815,43.1,False,0.0697928215798222,0.0887677171270011,0.0731734671447643
2025-11-03,ORLY,long,default,early_watchlist,53.73,0.6955,48.85,False,0.0697928215798222,0.0887677171270011,0.0731734671447643
2025-12-02,ORLY,short,default,early_watchlist,55.15,0.5228,39.34,False,-0.0559895487072363,-0.0864382769427523,-0.0481770606472697
2025-12-02,ORLY,medium,default,filtered_out,44.76,0.2709,46.16,False,-0.0559895487072363,-0.0864382769427523,-0.0481770606472697
2025-12-02,ORLY,long,default,early_watchlist,49.07,0.6798,46.41,False,-0.0559895487072363,-0.0864382769427523,-0.0481770606472697
2025-12-31,ORLY,short,default,early_watchlist,47.1,0.5204,34.5,False,0.0046047382212595,0.0789387638406677,0.0098673559358923
2025-12-31,ORLY,medium,default,early_watchlist,46.51,0.2823,39.5,False,0.0046047382212595,0.0789387638406677,0.0098673559358923
2025-12-31,ORLY,long,default,early_watchlist,52.53,0.6937,45.12,False,0.0046047382212595,0.0789387638406677,0.0098673559358923
2026-01-30,ORLY,short,default,early_watchlist,49.95,0.5114,43.58,False,-0.0425769971088774,-0.0343461513772292,-0.0695051693196791
2026-01-30,ORLY,medium,default,early_watchlist,49.22,0.2863,47.97,False,-0.0425769971088774,-0.0343461513772292,-0.0695051693196791
2026-01-30,ORLY,long,default,early_watchlist,53.81,0.6956,49.12,False,-0.0425769971088774,-0.0343461513772292,-0.0695051693196791
2026-03-02,ORLY,short,default,early_watchlist,47.21,0.5003,35.53,False,-0.0044196377390337,-0.0307271199248027,-0.0632432096541266
2026-03-02,ORLY,medium,default,early_watchlist,46.64,0.2801,40.16,False,-0.0044196377390337,-0.0307271199248027,-0.0632432096541266
2026-03-02,ORLY,long,default,early_watchlist,52.44,0.692,45.12,False,-0.0044196377390337,-0.0307271199248027,-0.0632432096541266
2026-03-30,ORLY,short,default,early_watchlist,48.46,0.5043,39.11,False,-0.0081424383349283,-0.0058625655406483,-0.0565627950271356
2026-03-30,ORLY,medium,default,early_watchlist,46.53,0.2824,39.57,False,-0.0081424383349283,-0.0058625655406483,-0.0565627950271356
2026-03-30,ORLY,long,default,early_watchlist,52.7,0.6939,45.64,False,-0.0081424383349283,-0.0058625655406483,-0.0565627950271356
2025-03-17,MAR,short,default,filtered_out,40.99,0.4568,34.5,False,-0.0209181667071199,-0.0992301501568599,0.0751101540533221
2025-03-17,MAR,medium,default,filtered_out,42.94,0.3397,39.61,False,-0.0209181667071199,-0.0992301501568599,0.0751101540533221
2025-03-17,MAR,long,default,filtered_out,41.62,0.05,45.98,False,-0.0209181667071199,-0.0992301501568599,0.0751101540533221
2025-04-14,MAR,short,default,filtered_out,42.43,0.4572,39.25,False,-0.0129760016065315,0.2266321273435894,0.2634824968582723
2025-04-14,MAR,medium,default,filtered_out,42.83,0.3376,39.5,False,-0.0129760016065315,0.2266321273435894,0.2634824968582723
2025-04-14,MAR,long,default,filtered_out,41.28,0.05,45.12,False,-0.0129760016065315,0.2266321273435894,0.2634824968582723
2025-05-13,MAR,short,default,early_watchlist,56.11,0.493,62.5,False,-0.024804872226776,-0.0269732338290532,-0.049428353315258
2025-05-13,MAR,medium,default,early_watchlist,49.78,0.3572,57.5,False,-0.024804872226776,-0.0269732338290532,-0.049428353315258
2025-05-13,MAR,long,default,filtered_out,43.4,0.05,48.06,False,-0.024804872226776,-0.0269732338290532,-0.049428353315258
2025-06-11,MAR,short,default,early_watchlist,47.24,0.3406,39.15,False,-0.0320605045175189,0.0585956561600991,0.0101227741763552
2025-06-11,MAR,medium,default,filtered_out,41.45,0.3274,49.47,False,-0.0320605045175189,0.0585956561600991,0.0101227741763552
2025-06-11,MAR,long,default,filtered_out,38.51,0.05,50.79,False,-0.0320605045175189,0.0585956561600991,0.0101227741763552
2025-07-11,MAR,short,default,early_watchlist,45.51,0.2229,44.13,False,-0.0322029327604539,-0.0771524543753162,-0.0320144798311095
2025-07-11,MAR,medium,default,early_watchlist,52.31,0.3541,54.95,False,-0.0322029327604539,-0.0771524543753162,-0.0320144798311095
2025-07-11,MAR,long,default,filtered_out,42.09,0.05,57.62,False,-0.0322029327604539,-0.0771524543753162,-0.0320144798311095
2025-08-08,MAR,short,default,filtered_out,41.55,0.1744,36.29,False,0.0203140848261904,0.0339846552549409,0.0178618110627479
2025-08-08,MAR,medium,default,filtered_out,44.44,0.3448,40.96,False,0.0203140848261904,0.0339846552549409,0.0178618110627479
2025-08-08,MAR,long,default,filtered_out,42.79,0.05,46.3,False,0.0203140848261904,0.0339846552549409,0.0178618110627479
2025-09-08,MAR,short,default,early_watchlist,47.1,0.1745,36.48,False,-0.0109299965174676,0.0144363567212875,0.1391422889402105
2025-09-08,MAR,medium,default,filtered_out,39.94,0.3493,42.71,False,-0.0109299965174676,0.0144363567212875,0.1391422889402105
2025-09-08,MAR,long,default,early_watchlist,47.71,0.05,49.13,False,-0.0109299965174676,0.0144363567212875,0.1391422889402105
2025-10-06,MAR,short,default,filtered_out,42.99,0.0753,41.53,False,-0.0319186286087008,-0.0296019366483277,0.143535864796886
2025-10-06,MAR,medium,default,early_watchlist,45.11,0.2749,44.26,False,-0.0319186286087008,-0.0296019366483277,0.143535864796886
2025-10-06,MAR,long,default,filtered_out,43.66,0.05,49.01,False,-0.0319186286087008,-0.0296019366483277,0.143535864796886
2025-11-03,MAR,short,default,filtered_out,41.9,0.0732,38.1,False,0.1007237729055592,0.1571862055482467,0.197639286572526
2025-11-03,MAR,medium,default,filtered_out,44.29,0.2732,41.71,False,0.1007237729055592,0.1571862055482467,0.197639286572526
2025-11-03,MAR,long,default,filtered_out,43.1,0.05,47.47,False,0.1007237729055592,0.1571862055482467,0.197639286572526
2025-12-02,MAR,short,default,early_watchlist,51.62,0.3917,50.33,False,-0.0683078617507109,0.0183489523015736,0.0868488917618977
2025-12-02,MAR,medium,default,early_watchlist,57.47,0.6059,61.56,False,-0.0683078617507109,0.0183489523015736,0.0868488917618977
2025-12-02,MAR,long,default,early_watchlist,58.11,0.6136,58.86,False,-0.0683078617507109,0.0183489523015736,0.0868488917618977
2025-12-31,MAR,short,default,filtered_out,41.76,0.378,40.75,False,0.047286031534357,0.0163099208876009,0.0312240775355232
2025-12-31,MAR,medium,default,early_watchlist,54.42,0.5365,52.15,False,0.047286031534357,0.0163099208876009,0.0312240775355232
2025-12-31,MAR,long,default,early_watchlist,57.95,0.6271,59.64,False,0.047286031534357,0.0163099208876009,0.0312240775355232
2026-01-30,MAR,short,default,filtered_out,41.17,0.3145,35.76,False,0.0568982477987685,0.0501380166490599,0.1386690313337826
2026-01-30,MAR,medium,default,early_watchlist,53.92,0.5395,48.02,False,0.0568982477987685,0.0501380166490599,0.1386690313337826
2026-01-30,MAR,long,default,early_watchlist,58.37,0.5587,60.04,False,0.0568982477987685,0.0501380166490599,0.1386690313337826
2026-03-02,MAR,short,default,filtered_out,43.35,0.2502,41.31,False,-0.0048718909113922,-0.0337700420855575,0.1699144705699038
2026-03-02,MAR,medium,default,early_watchlist,58.71,0.57,49.94,False,-0.0048718909113922,-0.0337700420855575,0.1699144705699038
2026-03-02,MAR,long,default,early_watchlist,60.02,0.6376,59.26,False,-0.0048718909113922,-0.0337700420855575,0.1699144705699038
2026-03-30,MAR,short,default,filtered_out,39.49,0.2395,34.5,False,0.0363909616608528,0.1222009438701587,0.1889947635335394
2026-03-30,MAR,medium,default,filtered_out,42.19,0.4301,40.65,False,0.0363909616608528,0.1222009438701587,0.1889947635335394
2026-03-30,MAR,long,default,early_watchlist,57.96,0.4744,50.42,False,0.0363909616608528,0.1222009438701587,0.1889947635335394
2025-03-17,KMB,short,default,filtered_out,36.65,0.4372,40.63,False,-0.0149381651811567,0.0189406987372058,-0.0415352495131219
2025-03-17,KMB,medium,default,early_watchlist,46.28,0.4591,52.13,False,-0.0149381651811567,0.0189406987372058,-0.0415352495131219
2025-03-17,KMB,long,default,early_watchlist,47.82,0.4626,52.45,False,-0.0149381651811567,0.0189406987372058,-0.0415352495131219
2025-04-14,KMB,short,default,filtered_out,37.49,0.4391,43.24,False,-0.0325477031573858,-0.0598346265611352,-0.0839211667280727
2025-04-14,KMB,medium,default,early_watchlist,45.05,0.4563,48.11,False,-0.0325477031573858,-0.0598346265611352,-0.0839211667280727
2025-04-14,KMB,long,default,early_watchlist,49.0,0.4653,56.13,False,-0.0325477031573858,-0.0598346265611352,-0.0839211667280727
2025-05-13,KMB,short,default,filtered_out,38.67,0.449,36.57,False,0.0567038649228002,0.0005135719571509,0.025441611009112
2025-05-13,KMB,medium,default,filtered_out,39.85,0.4517,40.23,False,0.0567038649228002,0.0005135719571509,0.025441611009112
2025-05-13,KMB,long,default,filtered_out,41.96,0.4565,46.84,False,0.0567038649228002,0.0005135719571509,0.025441611009112
2025-06-11,KMB,short,default,filtered_out,38.91,0.4495,37.3,False,-0.0368084426179291,-0.0261196293360804,-0.0134857142030988
2025-06-11,KMB,medium,default,filtered_out,39.62,0.4511,39.54,False,-0.0368084426179291,-0.0261196293360804,-0.0134857142030988
2025-06-11,KMB,long,default,filtered_out,41.8,0.4561,46.35,False,-0.0368084426179291,-0.0261196293360804,-0.0134857142030988
2025-07-11,KMB,short,default,filtered_out,38.07,0.4482,34.5,False,-0.0142990142187868,0.0524036361704205,-0.0591482954732076
2025-07-11,KMB,medium,default,filtered_out,39.67,0.4518,39.5,False,-0.0142990142187868,0.0524036361704205,-0.0591482954732076
2025-07-11,KMB,long,default,filtered_out,41.57,0.4561,45.41,False,-0.0142990142187868,0.0524036361704205,-0.0591482954732076
2025-08-08,KMB,short,default,early_watchlist,48.87,0.4722,45.19,False,-0.0236486287919022,-0.037467446929414,-0.2414994078908854
2025-08-08,KMB,medium,default,filtered_out,42.96,0.4587,46.84,False,-0.0236486287919022,-0.037467446929414,-0.2414994078908854
2025-08-08,KMB,long,default,filtered_out,43.27,0.46,47.6,False,-0.0236486287919022,-0.037467446929414,-0.2414994078908854
2025-09-08,KMB,short,default,filtered_out,40.09,0.4528,37.67,False,-0.0332100168695066,-0.0711974272078896,-0.1759131217356014
2025-09-08,KMB,medium,default,filtered_out,41.21,0.4553,41.18,False,-0.0332100168695066,-0.0711974272078896,-0.1759131217356014
2025-09-08,KMB,long,default,filtered_out,42.64,0.4586,45.65,False,-0.0332100168695066,-0.0711974272078896,-0.1759131217356014
2025-10-06,KMB,short,default,filtered_out,39.07,0.4504,34.5,False,-0.0105359878777232,-0.1515679066824524,-0.1528447351355104
2025-10-06,KMB,medium,default,filtered_out,40.67,0.4541,39.5,False,-0.0105359878777232,-0.1515679066824524,-0.1528447351355104
2025-10-06,KMB,long,default,filtered_out,42.47,0.4582,45.12,False,-0.0105359878777232,-0.1515679066824524,-0.1528447351355104
2025-11-03,KMB,short,default,filtered_out,40.55,0.4532,39.3,False,0.0080178573421163,0.0457611439460721,-0.0104121335203004
2025-11-03,KMB,medium,default,filtered_out,41.76,0.456,43.1,False,0.0080178573421163,0.0457611439460721,-0.0104121335203004
2025-11-03,KMB,long,default,filtered_out,43.21,0.4593,47.62,False,0.0080178573421163,0.0457611439460721,-0.0104121335203004
2025-12-02,KMB,short,default,filtered_out,41.04,0.4549,40.63,False,-0.0262701855412574,-0.0451977694176179,0.0385567355136222
2025-12-02,KMB,medium,default,filtered_out,41.79,0.4566,43.0,False,-0.0262701855412574,-0.0451977694176179,0.0385567355136222
2025-12-02,KMB,long,default,filtered_out,42.51,0.4583,45.25,False,-0.0262701855412574,-0.0451977694176179,0.0385567355136222
2025-12-31,KMB,short,default,filtered_out,39.39,0.4517,35.28,False,-0.0200217717200923,-0.0089206313162453,-0.033203696893017
2025-12-31,KMB,medium,default,filtered_out,40.74,0.4548,39.5,False,-0.0200217717200923,-0.0089206313162453,-0.033203696893017
2025-12-31,KMB,long,default,filtered_out,42.54,0.4589,45.12,False,-0.0200217717200923,-0.0089206313162453,-0.033203696893017
2026-01-30,KMB,short,default,filtered_out,39.78,0.4526,36.52,False,0.043404385205491,0.0975096972916491,-0.0033413528097714
2026-01-30,KMB,medium,default,filtered_out,41.27,0.456,41.17,False,0.043404385205491,0.0975096972916491,-0.0033413528097714
2026-01-30,KMB,long,default,filtered_out,43.08,0.4601,46.81,False,0.043404385205491,0.0975096972916491,-0.0033413528097714
2026-03-02,KMB,short,default,filtered_out,38.77,0.4431,43.74,False,-0.0512085227055034,-0.1111710750507765,-0.0758393134163789
2026-03-02,KMB,medium,default,early_watchlist,49.23,0.4669,54.17,False,-0.0512085227055034,-0.1111710750507765,-0.0758393134163789
2026-03-02,KMB,long,default,filtered_out,40.58,0.4472,49.38,False,-0.0512085227055034,-0.1111710750507765,-0.0758393134163789
2026-03-30,KMB,short,default,filtered_out,39.44,0.4518,35.46,False,-0.0342500479222609,0.0216917665863198,0.1373616555768508
2026-03-30,KMB,medium,default,filtered_out,41.22,0.4559,41.0,False,-0.0342500479222609,0.0216917665863198,0.1373616555768508
2026-03-30,KMB,long,default,filtered_out,42.76,0.4594,45.83,False,-0.0342500479222609,0.0216917665863198,0.1373616555768508
2025-03-17,GIS,short,default,filtered_out,39.07,0.4499,37.8,False,-0.0454545697599075,-0.021724922629652,-0.1008159929866391
2025-03-17,GIS,medium,default,filtered_out,40.81,0.4538,43.25,False,-0.0454545697599075,-0.021724922629652,-0.1008159929866391
2025-03-17,GIS,long,default,filtered_out,41.41,0.4552,45.12,False,-0.0454545697599075,-0.021724922629652,-0.1008159929866391
2025-04-14,GIS,short,default,filtered_out,38.98,0.4497,37.53,False,-0.0159321509076717,-0.088644073077251,-0.11522138915429
2025-04-14,GIS,medium,default,filtered_out,39.61,0.4511,39.5,False,-0.0159321509076717,-0.088644073077251,-0.11522138915429
2025-04-14,GIS,long,default,filtered_out,41.54,0.4555,45.53,False,-0.0159321509076717,-0.088644073077251,-0.11522138915429
2025-05-13,GIS,short,default,filtered_out,39.23,0.4482,39.05,False,0.0189697333822536,0.0085549425199804,-0.0621008519406881
2025-05-13,GIS,medium,default,filtered_out,40.53,0.4511,43.1,False,0.0189697333822536,0.0085549425199804,-0.0621008519406881
2025-05-13,GIS,long,default,filtered_out,41.92,0.4543,47.44,False,0.0189697333822536,0.0085549425199804,-0.0621008519406881
2025-06-11,GIS,short,default,filtered_out,37.79,0.4449,34.55,False,-0.0234187086527641,-0.0373973989421113,-0.0646444459212088
2025-06-11,GIS,medium,default,filtered_out,39.58,0.449,40.14,False,-0.0234187086527641,-0.0373973989421113,-0.0646444459212088
2025-06-11,GIS,long,default,filtered_out,41.18,0.4526,45.12,False,-0.0234187086527641,-0.0373973989421113,-0.0646444459212088
2025-07-11,GIS,short,default,filtered_out,38.01,0.4475,34.5,False,-0.0286933329050105,-0.0339278809841098,-0.0271422584542863
2025-07-11,GIS,medium,default,filtered_out,39.61,0.4511,39.5,False,-0.0286933329050105,-0.0339278809841098,-0.0271422584542863
2025-07-11,GIS,long,default,filtered_out,41.41,0.4552,45.12,False,-0.0286933329050105,-0.0339278809841098,-0.0271422584542863
2025-08-08,GIS,short,default,filtered_out,39.66,0.4518,36.32,False,-0.003612281517358,0.0058197291592194,-0.0565369897755271
2025-08-08,GIS,medium,default,filtered_out,40.67,0.4541,39.5,False,-0.003612281517358,0.0058197291592194,-0.0565369897755271
2025-08-08,GIS,long,default,filtered_out,42.47,0.4582,45.12,False,-0.003612281517358,0.0058197291592194,-0.0565369897755271
2025-09-08,GIS,short,default,filtered_out,44.18,0.4509,37.5,False,-0.0221468606154738,0.0011972328464109,-0.0720970997560792
2025-09-08,GIS,medium,default,filtered_out,36.1,0.4325,39.94,False,-0.0221468606154738,0.0011972328464109,-0.0720970997560792
2025-09-08,GIS,long,default,filtered_out,37.75,0.4362,45.12,False,-0.0221468606154738,0.0011972328464109,-0.0720970997560792
2025-10-06,GIS,short,default,filtered_out,44.13,0.4507,37.56,False,-0.0284106964714458,-0.0631175858738453,-0.0617050085059446
2025-10-06,GIS,medium,default,filtered_out,36.23,0.4328,40.36,False,-0.0284106964714458,-0.0631175858738453,-0.0617050085059446
2025-10-06,GIS,long,default,filtered_out,37.75,0.4362,45.12,False,-0.0284106964714458,-0.0631175858738453,-0.0617050085059446
2025-11-03,GIS,short,default,filtered_out,39.43,0.4513,35.6,False,-0.0045228883959665,-0.0107688020674608,0.0103715327791218
2025-11-03,GIS,medium,default,filtered_out,41.07,0.455,40.74,False,-0.0045228883959665,-0.0107688020674608,0.0103715327791218
2025-11-03,GIS,long,default,filtered_out,42.78,0.4589,46.09,False,-0.0045228883959665,-0.0107688020674608,0.0103715327791218
2025-12-02,GIS,short,default,filtered_out,39.33,0.451,35.31,False,-0.0063139925309858,0.0124101873488562,-0.0037995123660796
2025-12-02,GIS,medium,default,filtered_out,40.89,0.4546,40.17,False,-0.0063139925309858,0.0124101873488562,-0.0037995123660796
2025-12-02,GIS,long,default,filtered_out,42.6,0.4585,45.51,False,-0.0063139925309858,0.0124101873488562,-0.0037995123660796
2025-12-31,GIS,short,default,filtered_out,39.1,0.4505,34.57,False,-0.0554839731380245,0.008850446155711,-0.190695137321922
2025-12-31,GIS,medium,default,filtered_out,40.97,0.4548,40.43,False,-0.0554839731380245,0.008850446155711,-0.190695137321922
2025-12-31,GIS,long,default,filtered_out,42.47,0.4582,45.12,False,-0.0554839731380245,0.008850446155711,-0.190695137321922
2026-01-30,GIS,short,default,filtered_out,42.45,0.4587,44.84,False,0.0348032571902896,-0.0246433417888887,-0.2361318731225619
2026-01-30,GIS,medium,default,filtered_out,41.55,0.4566,42.03,False,0.0348032571902896,-0.0246433417888887,-0.2361318731225619
2026-01-30,GIS,long,default,filtered_out,42.85,0.4596,46.09,False,0.0348032571902896,-0.0246433417888887,-0.2361318731225619
2026-03-02,GIS,short,default,filtered_out,39.34,0.4516,35.12,False,-0.0381205214171143,-0.1775265141735764,-0.2416228915535245
2026-03-02,GIS,medium,default,filtered_out,40.85,0.455,39.86,False,-0.0381205214171143,-0.1775265141735764,-0.2416228915535245
2026-03-02,GIS,long,default,filtered_out,42.54,0.4589,45.12,False,-0.0381205214171143,-0.1775265141735764,-0.2416228915535245
2026-03-30,GIS,short,default,filtered_out,39.14,0.4512,34.5,False,-0.0083535684756169,-0.0477893607924998,-0.0299781847221974
2026-03-30,GIS,medium,default,filtered_out,40.74,0.4548,39.5,False,-0.0083535684756169,-0.0477893607924998,-0.0299781847221974
2026-03-30,GIS,long,default,filtered_out,42.55,0.4589,45.15,False,-0.0083535684756169,-0.0477893607924998,-0.0299781847221974
2025-03-17,XOM,short,default,filtered_out,42.49,0.4523,41.4,False,0.0179324837050753,-0.0911569434893704,-0.0302675701841466
2025-03-17,XOM,medium,default,early_watchlist,46.22,0.4608,48.38,False,0.0179324837050753,-0.0911569434893704,-0.0302675701841466
2025-03-17,XOM,long,default,filtered_out,39.86,0.4463,50.0,False,0.0179324837050753,-0.0911569434893704,-0.0302675701841466
2025-04-14,XOM,short,default,filtered_out,38.3,0.4494,34.94,False,0.047490316069565,0.0587098200552937,0.1267350559472861
2025-04-14,XOM,medium,default,filtered_out,40.22,0.4538,40.95,False,0.047490316069565,0.0587098200552937,0.1267350559472861
2025-04-14,XOM,long,default,filtered_out,41.55,0.4568,45.12,False,0.047490316069565,0.0587098200552937,0.1267350559472861
2025-05-13,XOM,short,default,filtered_out,40.71,0.4555,42.28,False,-0.0323715960321541,0.0078272216099719,-0.0153146751985385
2025-05-13,XOM,medium,default,filtered_out,41.29,0.4568,44.09,False,-0.0323715960321541,0.0078272216099719,-0.0153146751985385
2025-05-13,XOM,long,default,filtered_out,41.95,0.4583,46.17,False,-0.0323715960321541,0.0078272216099719,-0.0153146751985385
2025-06-11,XOM,short,default,filtered_out,42.51,0.4596,47.91,False,0.0354954377361336,0.0559875081410481,0.0142913699740934
2025-06-11,XOM,medium,default,filtered_out,41.56,0.4574,44.93,False,0.0354954377361336,0.0559875081410481,0.0142913699740934
2025-06-11,XOM,long,default,filtered_out,42.34,0.4597,47.19,False,0.0354954377361336,0.0559875081410481,0.0142913699740934
2025-07-11,XOM,short,default,early_watchlist,52.46,0.4822,46.57,False,-0.0663604929198173,-0.0747638342048563,-0.0014495033952125
2025-07-11,XOM,medium,default,early_watchlist,55.47,0.489,52.59,False,-0.0663604929198173,-0.0747638342048563,-0.0014495033952125
2025-07-11,XOM,long,default,early_watchlist,57.6,0.4939,56.07,False,-0.0663604929198173,-0.0747638342048563,-0.0014495033952125
2025-08-08,XOM,short,default,filtered_out,39.22,0.4521,34.5,False,0.0063756923898883,0.0381290627135846,0.0750803328542946
2025-08-08,XOM,medium,default,filtered_out,41.42,0.4571,41.39,False,0.0063756923898883,0.0381290627135846,0.0750803328542946
2025-08-08,XOM,long,default,filtered_out,42.67,0.4599,45.27,False,0.0063756923898883,0.0381290627135846,0.0750803328542946
2025-09-08,XOM,short,default,filtered_out,35.55,0.4331,37.58,False,0.0227583459209219,0.0395995488846838,0.0595283057251356
2025-09-08,XOM,medium,default,early_watchlist,49.2,0.4641,43.82,False,0.0227583459209219,0.0395995488846838,0.0595283057251356
2025-09-08,XOM,long,default,filtered_out,38.64,0.4401,47.24,False,0.0227583459209219,0.0395995488846838,0.0595283057251356
2025-10-06,XOM,short,default,filtered_out,36.6,0.4395,36.48,False,-0.0171629552879206,-0.003852876270148,0.0629821303311726
2025-10-06,XOM,medium,default,early_watchlist,47.17,0.4635,46.42,False,-0.0171629552879206,-0.003852876270148,0.0629821303311726
2025-10-06,XOM,long,default,filtered_out,40.66,0.4487,49.17,False,-0.0171629552879206,-0.003852876270148,0.0629821303311726
2025-11-03,XOM,short,default,filtered_out,36.21,0.4386,35.27,False,0.0392053261659559,0.0231115697379427,0.2538392551046995
2025-11-03,XOM,medium,default,filtered_out,38.44,0.4437,42.23,False,0.0392053261659559,0.0231115697379427,0.2538392551046995
2025-11-03,XOM,long,default,early_watchlist,49.92,0.4698,51.81,False,0.0392053261659559,0.0231115697379427,0.2538392551046995
2025-12-02,XOM,short,default,filtered_out,35.12,0.4321,36.23,False,0.0248743555766166,0.0429884102137876,0.3455359864808724
2025-12-02,XOM,medium,default,early_watchlist,48.84,0.4633,44.03,False,0.0248743555766166,0.0429884102137876,0.3455359864808724
2025-12-02,XOM,long,default,early_watchlist,48.45,0.4624,51.33,False,0.0248743555766166,0.0429884102137876,0.3455359864808724
2025-12-31,XOM,short,default,early_watchlist,54.29,0.4835,38.94,False,0.0213561768929286,0.1750041058573557,0.4343768336604741
2025-12-31,XOM,medium,default,early_watchlist,54.33,0.4836,47.9,False,0.0213561768929286,0.1750041058573557,0.4343768336604741
2025-12-31,XOM,long,default,early_watchlist,57.02,0.4897,53.45,False,0.0213561768929286,0.1750041058573557,0.4343768336604741
2026-01-30,XOM,short,default,early_watchlist,57.35,0.5282,59.45,False,0.0541019221355096,0.0979345475607904,0.0718779679969272
2026-01-30,XOM,medium,default,early_watchlist,59.91,0.5251,64.58,False,0.0541019221355096,0.0979345475607904,0.0718779679969272
2026-01-30,XOM,long,default,early_watchlist,64.55,0.8258,61.91,False,0.0541019221355096,0.0979345475607904,0.0718779679969272
2026-03-02,XOM,short,default,early_watchlist,54.36,0.6372,50.93,False,-0.0245104406651616,0.1118531413639685,-0.0344711691329582
2026-03-02,XOM,medium,default,early_watchlist,57.83,0.6199,62.68,False,-0.0245104406651616,0.1118531413639685,-0.0344711691329582
2026-03-02,XOM,long,default,early_watchlist,60.84,0.7504,62.52,False,-0.0245104406651616,0.1118531413639685,-0.0344711691329582
2026-03-30,XOM,short,default,early_watchlist,60.72,0.7881,58.3,False,-0.0440892595373929,-0.1219455140248374,-0.1923740455977217
2026-03-30,XOM,medium,default,early_watchlist,63.22,0.7825,63.1,False,-0.0440892595373929,-0.1219455140248374,-0.1923740455977217
2026-03-30,XOM,long,default,early_watchlist,65.44,0.8787,62.09,False,-0.0440892595373929,-0.1219455140248374,-0.1923740455977217
2025-03-17,CVX,short,default,early_watchlist,53.4,0.4798,38.61,False,0.0396925621168609,-0.147429444017622,-0.0767171290441427
2025-03-17,CVX,medium,default,early_watchlist,51.05,0.4744,46.06,False,0.0396925621168609,-0.147429444017622,-0.0767171290441427
2025-03-17,CVX,long,default,early_watchlist,54.62,0.4825,52.52,False,0.0396925621168609,-0.147429444017622,-0.0767171290441427
2025-04-14,CVX,short,default,filtered_out,38.16,0.4491,34.5,False,0.0146319542540653,0.0519510124559376,0.1617036310425366
2025-04-14,CVX,medium,default,filtered_out,40.04,0.4534,40.39,False,0.0146319542540653,0.0519510124559376,0.1617036310425366
2025-04-14,CVX,long,default,filtered_out,41.72,0.4572,45.65,False,0.0146319542540653,0.0519510124559376,0.1617036310425366
2025-05-13,CVX,short,default,filtered_out,41.11,0.4558,43.72,False,-0.0239410237975736,0.0294587103279571,0.10219922950664
2025-05-13,CVX,medium,default,filtered_out,41.0,0.4556,43.4,False,-0.0239410237975736,0.0294587103279571,0.10219922950664
2025-05-13,CVX,long,default,filtered_out,41.55,0.4568,45.12,False,-0.0239410237975736,0.0294587103279571,0.10219922950664
2025-06-11,CVX,short,default,early_watchlist,48.77,0.4738,47.36,False,0.0235529621560841,0.0727311658877682,0.0755238896306969
2025-06-11,CVX,medium,default,filtered_out,41.94,0.4583,46.13,False,0.0235529621560841,0.0727311658877682,0.0755238896306969
2025-06-11,CVX,long,default,filtered_out,41.68,0.4577,45.31,False,0.0235529621560841,0.0727311658877682,0.0755238896306969
2025-07-11,CVX,short,default,early_watchlist,49.69,0.4759,50.25,False,-0.033932240746818,-0.0019316765265321,0.0027335817731461
2025-07-11,CVX,medium,default,early_watchlist,52.01,0.4812,55.93,False,-0.033932240746818,-0.0019316765265321,0.0027335817731461
2025-07-11,CVX,long,default,filtered_out,44.9,0.465,55.37,False,-0.033932240746818,-0.0019316765265321,0.0027335817731461
2025-08-08,CVX,short,default,early_watchlist,47.46,0.4596,40.83,False,0.0099348096065756,0.004543830829683,0.0048047441926009
2025-08-08,CVX,medium,default,filtered_out,38.99,0.4403,48.53,False,0.0099348096065756,0.004543830829683,0.0048047441926009
2025-08-08,CVX,long,default,filtered_out,40.87,0.4446,54.42,False,0.0099348096065756,0.004543830829683,0.0048047441926009
2025-09-08,CVX,short,default,filtered_out,37.08,0.4406,37.99,False,0.0214935331645271,0.0001298665896452,-0.0134541582679635
2025-09-08,CVX,medium,default,early_watchlist,50.83,0.4718,45.75,False,0.0214935331645271,0.0001298665896452,-0.0134541582679635
2025-09-08,CVX,long,default,early_watchlist,50.18,0.4698,53.72,False,0.0214935331645271,0.0001298665896452,-0.0134541582679635
2025-10-06,CVX,short,default,filtered_out,35.96,0.438,34.5,False,-0.0135046778057723,0.000129849726504,0.0005985133227146
2025-10-06,CVX,medium,default,filtered_out,38.31,0.4434,41.84,False,-0.0135046778057723,0.000129849726504,0.0005985133227146
2025-10-06,CVX,long,default,early_watchlist,48.94,0.4675,49.54,False,-0.0135046778057723,0.000129849726504,0.0005985133227146
2025-11-03,CVX,short,default,filtered_out,36.21,0.438,35.47,False,0.0104518520627963,-0.0137103304195449,0.1612289456662716
2025-11-03,CVX,medium,default,filtered_out,37.89,0.4418,40.71,False,0.0104518520627963,-0.0137103304195449,0.1612289456662716
2025-11-03,CVX,long,default,early_watchlist,52.06,0.4741,48.2,False,0.0104518520627963,-0.0137103304195449,0.1612289456662716
2025-12-02,CVX,short,default,filtered_out,39.43,0.4531,34.96,False,-0.0117136822862895,0.0143760333349616,0.274241199939397
2025-12-02,CVX,medium,default,filtered_out,40.97,0.4566,39.78,False,-0.0117136822862895,0.0143760333349616,0.274241199939397
2025-12-02,CVX,long,default,filtered_out,43.03,0.4613,46.2,False,-0.0117136822862895,0.0143760333349616,0.274241199939397
2025-12-31,CVX,short,default,filtered_out,40.29,0.4551,37.64,False,0.0448788906366401,0.1606850454640891,0.396045237396144
2025-12-31,CVX,medium,default,filtered_out,41.41,0.4576,41.15,False,0.0448788906366401,0.1606850454640891,0.396045237396144
2025-12-31,CVX,long,default,filtered_out,42.72,0.4606,45.23,False,0.0448788906366401,0.1606850454640891,0.396045237396144
2026-01-30,CVX,short,default,early_watchlist,50.76,0.05,61.14,False,0.0223854588348837,0.082276614567974,0.0751984410385868
2026-01-30,CVX,medium,default,early_watchlist,52.98,0.4799,63.49,False,0.0223854588348837,0.082276614567974,0.0751984410385868
2026-01-30,CVX,long,default,early_watchlist,53.81,0.4818,61.17,False,0.0223854588348837,0.082276614567974,0.0751984410385868
2026-03-02,CVX,short,default,early_watchlist,51.53,0.05,52.05,False,-0.0008439150968296,0.1113396979578245,-0.0291633537320766
2026-03-02,CVX,medium,default,early_watchlist,55.55,0.493,61.71,False,-0.0008439150968296,0.1113396979578245,-0.0291633537320766
2026-03-02,CVX,long,default,early_watchlist,56.6,0.4954,61.44,False,-0.0008439150968296,0.1113396979578245,-0.0291633537320766
2026-03-30,CVX,short,default,early_watchlist,55.04,0.5145,52.11,False,-0.043519620595481,-0.1060699768243507,-0.1750862464034919
2026-03-30,CVX,medium,default,early_watchlist,62.66,0.7889,62.25,False,-0.043519620595481,-0.1060699768243507,-0.1750862464034919
2026-03-30,CVX,long,default,early_watchlist,63.5,0.7931,61.38,False,-0.043519620595481,-0.1060699768243507,-0.1750862464034919
2025-03-17,COP,short,default,filtered_out,41.63,0.4557,45.82,False,0.0284823137619634,-0.1299314952046643,-0.0524911943836068
2025-03-17,COP,medium,default,filtered_out,40.57,0.4533,42.51,False,0.0284823137619634,-0.1299314952046643,-0.0524911943836068
2025-03-17,COP,long,default,filtered_out,41.58,0.4561,45.44,False,0.0284823137619634,-0.1299314952046643,-0.0524911943836068
2025-04-14,COP,short,default,filtered_out,38.45,0.4498,35.41,False,0.0382879413926959,0.0893000934704477,0.1153695668865422
2025-04-14,COP,medium,default,filtered_out,39.76,0.4527,39.5,False,0.0382879413926959,0.0893000934704477,0.1153695668865422
2025-04-14,COP,long,default,filtered_out,41.55,0.4568,45.12,False,0.0382879413926959,0.0893000934704477,0.1153695668865422
2025-05-13,COP,short,default,filtered_out,42.36,0.4579,47.9,False,-0.039467706298757,-0.0002710564244762,0.0057262885563202
2025-05-13,COP,medium,default,filtered_out,42.18,0.4575,47.34,False,-0.039467706298757,-0.0002710564244762,0.0057262885563202
2025-05-13,COP,long,default,filtered_out,41.47,0.4559,45.12,False,-0.039467706298757,-0.0002710564244762,0.0057262885563202
2025-06-11,COP,short,default,filtered_out,43.19,0.4598,50.5,False,0.0048206409322073,0.0242099340954187,-0.0128119228937254
2025-06-11,COP,medium,default,filtered_out,41.29,0.4555,44.56,False,0.0048206409322073,0.0242099340954187,-0.0128119228937254
2025-06-11,COP,long,default,filtered_out,41.53,0.456,45.3,False,0.0048206409322073,0.0242099340954187,-0.0128119228937254
2025-07-11,COP,short,default,filtered_out,43.67,0.4537,44.12,False,-0.0415229497722541,-0.0177804983614666,0.0008677837548176
2025-07-11,COP,medium,default,early_watchlist,46.14,0.4593,48.4,False,-0.0415229497722541,-0.0177804983614666,0.0008677837548176
2025-07-11,COP,long,default,filtered_out,40.81,0.4472,53.42,False,-0.0415229497722541,-0.0177804983614666,0.0008677837548176
2025-08-08,COP,short,default,filtered_out,44.39,0.4513,37.74,False,0.0151208524168511,-0.0186987208492944,-0.0490825264936595
2025-08-08,COP,medium,default,filtered_out,37.69,0.4361,44.91,False,0.0151208524168511,-0.0186987208492944,-0.0490825264936595
2025-08-08,COP,long,default,filtered_out,38.53,0.438,47.54,False,0.0151208524168511,-0.0186987208492944,-0.0490825264936595
2025-09-08,COP,short,default,filtered_out,40.48,0.4542,38.68,False,0.0101750883285083,0.038402661671727,-0.0140207687785591
2025-09-08,COP,medium,default,filtered_out,42.15,0.458,43.9,False,0.0101750883285083,0.038402661671727,-0.0140207687785591
2025-09-08,COP,long,default,filtered_out,42.91,0.4597,46.3,False,0.0101750883285083,0.038402661671727,-0.0140207687785591
2025-10-06,COP,short,default,filtered_out,34.72,0.4299,35.43,False,-0.0645874937274901,-0.0668001287614877,-0.0045456132957768
2025-10-06,COP,medium,default,early_watchlist,49.18,0.2888,43.41,False,-0.0645874937274901,-0.0668001287614877,-0.0045456132957768
2025-10-06,COP,long,default,early_watchlist,46.85,0.4575,47.76,False,-0.0645874937274901,-0.0668001287614877,-0.0045456132957768
2025-11-03,COP,short,default,filtered_out,39.14,0.4512,34.5,False,-0.0038386294515532,0.0174833334863289,0.1877285665562509
2025-11-03,COP,medium,default,filtered_out,40.71,0.05,39.5,False,-0.0038386294515532,0.0174833334863289,0.1877285665562509
2025-11-03,COP,long,default,filtered_out,42.61,0.459,45.35,False,-0.0038386294515532,0.0174833334863289,0.1877285665562509
2025-12-02,COP,short,default,early_watchlist,46.5,0.4567,38.96,False,0.0463657043258232,0.0483816007421635,0.3345295868670221
2025-12-02,COP,medium,default,filtered_out,36.42,0.05,40.85,False,0.0463657043258232,0.0483816007421635,0.3345295868670221
2025-12-02,COP,long,default,filtered_out,37.82,0.437,45.12,False,0.0463657043258232,0.0483816007421635,0.3345295868670221
2025-12-31,COP,short,default,early_watchlist,45.97,0.4555,39.42,False,0.0545882525832863,0.1134494560280927,0.4306608034643677
2025-12-31,COP,medium,default,early_watchlist,46.07,0.05,47.64,False,0.0545882525832863,0.1134494560280927,0.4306608034643677
2025-12-31,COP,long,default,filtered_out,38.35,0.4382,46.79,False,0.0545882525832863,0.1134494560280927,0.4306608034643677
2026-01-30,COP,short,default,early_watchlist,48.15,0.4677,52.56,False,0.0325241908190894,0.143242362704663,0.2020288436399804
2026-01-30,COP,medium,default,early_watchlist,51.85,0.05,62.19,False,0.0325241908190894,0.143242362704663,0.2020288436399804
2026-01-30,COP,long,default,early_watchlist,52.76,0.4781,58.48,False,0.0325241908190894,0.143242362704663,0.2020288436399804
2026-03-02,COP,short,default,early_watchlist,70.69,0.797,64.18,False,-0.0102334124455825,0.1239004949873003,-0.0190662449109042
2026-03-02,COP,medium,default,early_watchlist,68.93,0.5282,66.5,False,-0.0102334124455825,0.1239004949873003,-0.0190662449109042
2026-03-02,COP,long,default,early_watchlist,72.25,0.8005,62.83,False,-0.0102334124455825,0.1239004949873003,-0.0190662449109042
2026-03-30,COP,short,default,early_watchlist,55.78,0.5115,55.59,False,-0.0084279245186112,-0.0644893892108731,-0.1933116579579964
2026-03-30,COP,medium,default,early_watchlist,60.98,0.5486,62.9,False,-0.0084279245186112,-0.0644893892108731,-0.1933116579579964
2026-03-30,COP,long,default,early_watchlist,64.43,0.8308,61.38,False,-0.0084279245186112,-0.0644893892108731,-0.1933116579579964
2025-03-17,EOG,short,default,filtered_out,38.07,0.4482,34.5,False,0.0379511493374038,-0.1289852839440408,-0.0207330580307282
2025-03-17,EOG,medium,default,filtered_out,40.08,0.4527,40.78,False,0.0379511493374038,-0.1289852839440408,-0.0207330580307282
2025-03-17,EOG,long,default,filtered_out,41.51,0.4554,45.42,False,0.0379511493374038,-0.1289852839440408,-0.0207330580307282
2025-04-14,EOG,short,default,filtered_out,38.01,0.4475,34.5,False,0.0436554913580828,0.0936256643119857,0.1535337660458804
2025-04-14,EOG,medium,default,filtered_out,39.61,0.4511,39.5,False,0.0436554913580828,0.0936256643119857,0.1535337660458804
2025-04-14,EOG,long,default,filtered_out,41.41,0.4552,45.12,False,0.0436554913580828,0.0936256643119857,0.1535337660458804
2025-05-13,EOG,short,default,filtered_out,42.36,0.4579,47.88,False,-0.0348906267611128,0.02803264994928,0.0050769497958191
2025-05-13,EOG,medium,default,filtered_out,42.01,0.4571,46.79,False,-0.0348906267611128,0.02803264994928,0.0050769497958191
2025-05-13,EOG,long,default,filtered_out,41.47,0.4559,45.12,False,-0.0348906267611128,0.02803264994928,0.0050769497958191
2025-06-11,EOG,short,default,early_watchlist,49.69,0.4746,51.69,False,0.0321881126151386,0.026017363225707,-0.0108109183686714
2025-06-11,EOG,medium,default,filtered_out,42.54,0.4583,48.45,False,0.0321881126151386,0.026017363225707,-0.0108109183686714
2025-06-11,EOG,long,default,filtered_out,41.54,0.4561,45.33,False,0.0321881126151386,0.026017363225707,-0.0108109183686714
2025-07-11,EOG,short,default,filtered_out,36.72,0.4379,40.64,False,-0.0356485799204874,-0.0471211339803999,-0.094896257227901
2025-07-11,EOG,medium,default,early_watchlist,46.85,0.4609,50.67,False,-0.0356485799204874,-0.0471211339803999,-0.094896257227901
2025-07-11,EOG,long,default,filtered_out,40.97,0.4476,53.92,False,-0.0356485799204874,-0.0471211339803999,-0.094896257227901
2025-08-08,EOG,short,default,filtered_out,39.6,0.4522,35.94,False,0.0233056988498381,0.011781906944474,-0.0827801213679827
2025-08-08,EOG,medium,default,filtered_out,41.99,0.4576,43.41,False,0.0233056988498381,0.011781906944474,-0.0827801213679827
2025-08-08,EOG,long,default,filtered_out,42.91,0.4597,46.28,False,0.0233056988498381,0.011781906944474,-0.0827801213679827
2025-09-08,EOG,short,default,filtered_out,39.86,0.4528,36.77,False,-0.0009349791506376,-0.0611985384298278,-0.0641124468791365
2025-09-08,EOG,medium,default,filtered_out,41.44,0.4564,41.69,False,-0.0009349791506376,-0.0611985384298278,-0.0641124468791365
2025-09-08,EOG,long,default,filtered_out,42.84,0.4596,46.07,False,-0.0009349791506376,-0.0611985384298278,-0.0641124468791365
2025-10-06,EOG,short,default,filtered_out,39.14,0.4512,34.5,False,-0.006609298667519,-0.0343654583013022,-0.0401240635898622
2025-10-06,EOG,medium,default,filtered_out,40.74,0.4548,39.5,False,-0.006609298667519,-0.0343654583013022,-0.0401240635898622
2025-10-06,EOG,long,default,filtered_out,42.8,0.4595,45.95,False,-0.006609298667519,-0.0343654583013022,-0.0401240635898622
2025-11-03,EOG,short,default,filtered_out,39.14,0.4512,34.5,False,0.0088035106474821,0.0323741506720229,0.071553432120808
2025-11-03,EOG,medium,default,filtered_out,40.74,0.4548,39.5,False,0.0088035106474821,0.0323741506720229,0.071553432120808
2025-11-03,EOG,long,default,filtered_out,42.54,0.4589,45.12,False,0.0088035106474821,0.0323741506720229,0.071553432120808
2025-12-02,EOG,short,default,early_watchlist,46.61,0.4569,39.94,False,0.0030258412464971,-0.0371354667311192,0.1908709056485549
2025-12-02,EOG,medium,default,filtered_out,36.99,0.4351,42.54,False,0.0030258412464971,-0.0371354667311192,0.1908709056485549
2025-12-02,EOG,long,default,filtered_out,37.82,0.437,45.12,False,0.0030258412464971,-0.0371354667311192,0.1908709056485549
2025-12-31,EOG,short,default,filtered_out,39.45,0.4519,35.48,False,0.0053327475239786,0.0779820267205051,0.4409946262290669
2025-12-31,EOG,medium,default,filtered_out,40.74,0.4548,39.5,False,0.0053327475239786,0.0779820267205051,0.4409946262290669
2025-12-31,EOG,long,default,filtered_out,42.54,0.4589,45.12,False,0.0053327475239786,0.0779820267205051,0.4409946262290669
2026-01-30,EOG,short,default,early_watchlist,45.89,0.4593,48.78,False,0.0140016342713995,0.1473290112520895,0.220317873124066
2026-01-30,EOG,medium,default,early_watchlist,48.79,0.4659,52.31,False,0.0140016342713995,0.1473290112520895,0.220317873124066
2026-01-30,EOG,long,default,filtered_out,41.66,0.4497,52.77,False,0.0140016342713995,0.1473290112520895,0.220317873124066
2026-03-02,EOG,short,default,early_watchlist,62.35,0.5072,59.25,False,0.0234745611174806,0.165099098185949,0.0520229617864542
2026-03-02,EOG,medium,default,early_watchlist,72.32,0.817,64.33,False,0.0234745611174806,0.165099098185949,0.0520229617864542
2026-03-02,EOG,long,default,early_watchlist,64.66,0.5124,59.88,False,0.0234745611174806,0.165099098185949,0.0520229617864542
2026-03-30,EOG,short,default,early_watchlist,61.79,0.809,60.56,False,-0.0377610359488804,-0.0871022624449243,-0.1018264360490907
2026-03-30,EOG,medium,default,early_watchlist,63.86,0.8282,62.9,False,-0.0377610359488804,-0.0871022624449243,-0.1018264360490907
2026-03-30,EOG,long,default,early_watchlist,64.16,0.8215,61.38,False,-0.0377610359488804,-0.0871022624449243,-0.1018264360490907
2025-03-17,SLB,short,default,filtered_out,38.79,0.4498,36.75,False,0.0065169879899162,-0.1812696761127269,-0.1312887727447373
2025-03-17,SLB,medium,default,filtered_out,40.75,0.4543,42.85,False,0.0065169879899162,-0.1812696761127269,-0.1312887727447373
2025-03-17,SLB,long,default,filtered_out,42.54,0.4583,48.46,False,0.0065169879899162,-0.1812696761127269,-0.1312887727447373
2025-04-14,SLB,short,default,filtered_out,38.76,0.4492,36.85,False,0.0203419968289138,0.0645637240001635,0.1092089539318708
2025-04-14,SLB,medium,default,filtered_out,39.61,0.4511,39.5,False,0.0203419968289138,0.0645637240001635,0.1092089539318708
2025-04-14,SLB,long,default,filtered_out,41.41,0.4552,45.12,False,0.0203419968289138,0.0645637240001635,0.1092089539318708
2025-05-13,SLB,short,default,filtered_out,42.43,0.4581,48.12,False,-0.0426475273276985,-0.0033035868968882,-0.0820562021270739
2025-05-13,SLB,medium,default,filtered_out,41.22,0.4553,44.34,False,-0.0426475273276985,-0.0033035868968882,-0.0820562021270739
2025-05-13,SLB,long,default,filtered_out,41.47,0.4559,45.12,False,-0.0426475273276985,-0.0033035868968882,-0.0820562021270739
2025-06-11,SLB,short,default,filtered_out,42.32,0.4578,47.77,False,0.0044832881399294,0.045391123792227,0.0105443467251846
2025-06-11,SLB,medium,default,filtered_out,40.88,0.4546,43.28,False,0.0044832881399294,0.045391123792227,0.0105443467251846
2025-06-11,SLB,long,default,filtered_out,41.54,0.4561,45.32,False,0.0044832881399294,0.045391123792227,0.0105443467251846
2025-07-11,SLB,short,default,early_watchlist,50.48,0.6989,49.67,False,-0.1069419494001338,-0.1190030837539765,-0.0654838974978202
2025-07-11,SLB,medium,default,early_watchlist,46.72,0.4606,50.56,False,-0.1069419494001338,-0.1190030837539765,-0.0654838974978202
2025-07-11,SLB,long,default,filtered_out,40.42,0.4463,52.19,False,-0.1069419494001338,-0.1190030837539765,-0.0654838974978202
2025-08-08,SLB,short,default,filtered_out,38.95,0.05,34.5,False,0.0036508209682535,0.09724138666935,0.1352676768962339
2025-08-08,SLB,medium,default,filtered_out,40.71,0.4542,39.6,False,0.0036508209682535,0.09724138666935,0.1352676768962339
2025-08-08,SLB,long,default,filtered_out,42.47,0.4582,45.12,False,0.0036508209682535,0.09724138666935,0.1352676768962339
2025-09-08,SLB,short,default,filtered_out,39.82,0.05,47.4,False,-0.0282280567247161,-0.0332588156446725,0.016210150747828
2025-09-08,SLB,medium,default,early_watchlist,49.28,0.467,54.25,False,-0.0282280567247161,-0.0332588156446725,0.016210150747828
2025-09-08,SLB,long,default,filtered_out,41.11,0.4484,51.03,False,-0.0282280567247161,-0.0332588156446725,0.016210150747828
2025-10-06,SLB,short,default,filtered_out,39.38,0.05,35.64,False,-0.0670714279050795,0.0702515663255105,0.1183351153752736
2025-10-06,SLB,medium,default,filtered_out,40.98,0.4553,40.26,False,-0.0670714279050795,0.0702515663255105,0.1183351153752736
2025-10-06,SLB,long,default,filtered_out,43.01,0.2605,46.2,False,-0.0670714279050795,0.0702515663255105,0.1183351153752736
2025-11-03,SLB,short,default,early_watchlist,45.24,0.05,49.16,False,-0.0029714983997281,-0.017828255268883,0.3171856890872757
2025-11-03,SLB,medium,default,early_watchlist,48.45,0.4651,51.82,False,-0.0029714983997281,-0.017828255268883,0.3171856890872757
2025-11-03,SLB,long,default,early_watchlist,57.4,0.7475,56.37,False,-0.0029714983997281,-0.017828255268883,0.3171856890872757
2025-12-02,SLB,short,default,early_watchlist,45.36,0.05,36.92,False,0.0616771002085139,0.0638947201505844,0.4295867710095697
2025-12-02,SLB,medium,default,filtered_out,37.3,0.4358,43.5,False,0.0616771002085139,0.0638947201505844,0.4295867710095697
2025-12-02,SLB,long,default,early_watchlist,53.21,0.7147,49.3,False,0.0616771002085139,0.0638947201505844,0.4295867710095697
2025-12-31,SLB,short,default,filtered_out,39.83,0.3061,39.8,False,0.1576341797575382,0.2605524296839698,0.3505438627946953
2025-12-31,SLB,medium,default,early_watchlist,49.39,0.248,53.36,False,0.1576341797575382,0.2605524296839698,0.3505438627946953
2025-12-31,SLB,long,default,early_watchlist,55.66,0.5304,58.47,False,0.1576341797575382,0.2605524296839698,0.3505438627946953
2026-01-30,SLB,short,default,early_watchlist,46.82,0.3874,46.49,False,0.0479536797376198,0.0659846555878866,0.1570518790000268
2026-01-30,SLB,medium,default,early_watchlist,60.39,0.5924,62.9,False,0.0479536797376198,0.0659846555878866,0.1570518790000268
2026-01-30,SLB,long,default,early_watchlist,62.46,0.6737,61.38,False,0.0479536797376198,0.0659846555878866,0.1570518790000268
2026-03-02,SLB,short,default,early_watchlist,51.16,0.5682,41.87,False,-0.0795786963118911,0.00507119546466,0.1020089494236471
2026-03-02,SLB,medium,default,early_watchlist,56.81,0.8076,59.39,False,-0.0795786963118911,0.00507119546466,0.1020089494236471
2026-03-02,SLB,long,default,early_watchlist,58.8,0.827,61.43,False,-0.0795786963118911,0.00507119546466,0.1020089494236471
2026-03-30,SLB,short,default,early_watchlist,45.12,0.4772,47.5,False,-0.0228993159235219,0.0799534894969982,-0.0749345225138741
2026-03-30,SLB,medium,default,early_watchlist,53.22,0.5293,49.54,False,-0.0228993159235219,0.0799534894969982,-0.0749345225138741
2026-03-30,SLB,long,default,early_watchlist,59.06,0.5825,61.48,False,-0.0228993159235219,0.0799534894969982,-0.0749345225138741
2025-03-17,CAT,short,default,filtered_out,41.44,0.4947,34.88,False,-0.0028310526902373,-0.1299324274447196,0.0649324708671605
2025-03-17,CAT,medium,default,filtered_out,39.6,0.05,39.5,False,-0.0028310526902373,-0.1299324274447196,0.0649324708671605
2025-03-17,CAT,long,default,filtered_out,41.54,0.4566,45.12,False,-0.0028310526902373,-0.1299324274447196,0.0649324708671605
2025-04-14,CAT,short,default,filtered_out,43.42,0.4981,40.95,False,-0.0186099992368391,0.1882378824303947,0.3681555442386868
2025-04-14,CAT,medium,default,filtered_out,39.68,0.05,39.5,False,-0.0186099992368391,0.1882378824303947,0.3681555442386868
2025-04-14,CAT,long,default,filtered_out,41.62,0.4575,45.12,False,-0.0186099992368391,0.1882378824303947,0.3681555442386868
2025-05-13,CAT,short,default,early_watchlist,57.24,0.5323,64.87,False,-0.0086515581519845,0.0300675180817941,0.1858109651212869
2025-05-13,CAT,medium,default,early_watchlist,47.01,0.05,59.14,False,-0.0086515581519845,0.0300675180817941,0.1858109651212869
2025-05-13,CAT,long,default,filtered_out,43.56,0.4644,47.94,False,-0.0086515581519845,0.0300675180817941,0.1858109651212869
2025-06-11,CAT,short,default,early_watchlist,50.29,0.5812,48.81,False,-0.0091975275501937,0.117805875788993,0.1684990139286821
2025-06-11,CAT,medium,default,early_watchlist,47.24,0.05,53.12,False,-0.0091975275501937,0.117805875788993,0.1684990139286821
2025-06-11,CAT,long,default,filtered_out,40.83,0.4484,53.1,False,-0.0091975275501937,0.117805875788993,0.1684990139286821
2025-07-11,CAT,short,default,early_watchlist,56.35,0.6962,51.68,False,0.0191909201274433,0.0298723095424915,0.2248588489430056
2025-07-11,CAT,medium,default,early_watchlist,59.23,0.6172,62.73,False,0.0191909201274433,0.0298723095424915,0.2248588489430056
2025-07-11,CAT,long,default,early_watchlist,54.43,0.491,57.92,False,0.0191909201274433,0.0298723095424915,0.2248588489430056
2025-08-08,CAT,short,default,filtered_out,44.39,0.6156,40.62,False,-0.0209593400403103,0.0150293044688041,0.3738342004469055
2025-08-08,CAT,medium,default,early_watchlist,54.75,0.5483,52.98,False,-0.0209593400403103,0.0150293044688041,0.3738342004469055
2025-08-08,CAT,long,default,early_watchlist,53.29,0.2767,61.41,False,-0.0209593400403103,0.0150293044688041,0.3738342004469055
2025-09-08,CAT,short,default,filtered_out,41.92,0.6095,36.04,False,0.0311273289083018,0.1717206450669706,0.3816723786711864
2025-09-08,CAT,medium,default,early_watchlist,55.41,0.522,47.42,False,0.0311273289083018,0.1717206450669706,0.3816723786711864
2025-09-08,CAT,long,default,early_watchlist,53.54,0.2905,61.38,False,0.0311273289083018,0.1717206450669706,0.3816723786711864
2025-10-06,CAT,short,default,early_watchlist,58.99,0.7156,55.68,False,0.018934965797106,0.1551321216838046,0.1597478092639108
2025-10-06,CAT,medium,default,early_watchlist,61.77,0.6789,62.9,False,0.018934965797106,0.1551321216838046,0.1597478092639108
2025-10-06,CAT,long,default,early_watchlist,64.7,0.8353,61.38,False,0.018934965797106,0.1551321216838046,0.1597478092639108
2025-11-03,CAT,short,default,early_watchlist,58.67,0.5899,59.36,False,0.0004555804740851,0.020820382161226,0.1547660904180607
2025-11-03,CAT,medium,default,early_watchlist,61.74,0.6713,62.9,False,0.0004555804740851,0.020820382161226,0.1547660904180607
2025-11-03,CAT,long,default,early_watchlist,63.72,0.7635,61.38,False,0.0004555804740851,0.020820382161226,0.1547660904180607
2025-12-02,CAT,short,default,early_watchlist,52.16,0.5779,45.6,False,0.0204130984276247,-0.0164814234090512,0.2946250691899879
2025-12-02,CAT,medium,default,early_watchlist,55.71,0.6121,55.37,False,0.0204130984276247,-0.0164814234090512,0.2946250691899879
2025-12-02,CAT,long,default,early_watchlist,61.49,0.8397,61.4,False,0.0204130984276247,-0.0164814234090512,0.2946250691899879
2025-12-31,CAT,short,default,filtered_out,42.8,0.5158,36.25,False,0.0615497207421198,0.1501702296120348,0.1677894759367444
2025-12-31,CAT,medium,default,filtered_out,44.9,0.4273,45.48,False,0.0615497207421198,0.1501702296120348,0.1677894759367444
2025-12-31,CAT,long,default,early_watchlist,59.82,0.5911,61.38,False,0.0615497207421198,0.1501702296120348,0.1677894759367444
2026-01-30,CAT,short,default,early_watchlist,58.83,0.5893,52.7,False,0.1047218806888103,0.1444565863616367,0.2465423056096061
2026-01-30,CAT,medium,default,early_watchlist,62.0,0.4703,63.67,False,0.1047218806888103,0.1444565863616367,0.2465423056096061
2026-01-30,CAT,long,default,early_watchlist,65.69,0.7412,62.28,False,0.1047218806888103,0.1444565863616367,0.2465423056096061
2026-03-02,CAT,short,default,early_watchlist,51.17,0.6052,43.22,False,-0.0631380110316617,-0.1128376311685288,0.2118012720737074
2026-03-02,CAT,medium,default,early_watchlist,62.24,0.5276,62.9,False,-0.0631380110316617,-0.1128376311685288,0.2118012720737074
2026-03-02,CAT,long,default,early_watchlist,65.59,0.751,61.38,False,-0.0631380110316617,-0.1128376311685288,0.2118012720737074
2026-03-30,CAT,short,default,early_watchlist,44.03,0.5842,34.76,False,0.0854172022743544,0.2277348609551752,0.5867167705325647
2026-03-30,CAT,medium,default,early_watchlist,45.61,0.4059,44.9,False,0.0854172022743544,0.2277348609551752,0.5867167705325647
2026-03-30,CAT,long,default,early_watchlist,59.28,0.5732,57.32,False,0.0854172022743544,0.2277348609551752,0.5867167705325647
2025-03-17,DE,short,default,filtered_out,35.59,0.1177,35.51,False,-0.0049549648606028,-0.027047007967991,0.0835693984310879
2025-03-17,DE,medium,default,early_watchlist,46.25,0.05,47.34,False,-0.0049549648606028,-0.027047007967991,0.0835693984310879
2025-03-17,DE,long,default,early_watchlist,50.34,0.05,58.47,False,-0.0049549648606028,-0.027047007967991,0.0835693984310879
2025-04-14,DE,short,default,filtered_out,38.95,0.05,46.46,False,-0.0278187689481058,0.0660723020614744,0.0991343027163316
2025-04-14,DE,medium,default,filtered_out,37.19,0.05,40.98,False,-0.0278187689481058,0.0660723020614744,0.0991343027163316
2025-04-14,DE,long,default,early_watchlist,48.34,0.05,52.47,False,-0.0278187689481058,0.0660723020614744,0.0991343027163316
2025-05-13,DE,short,default,early_watchlist,46.36,0.05,53.3,False,0.0556791765288846,0.0446678118963375,0.0269083586222675
2025-05-13,DE,medium,default,filtered_out,40.72,0.05,51.78,False,0.0556791765288846,0.0446678118963375,0.0269083586222675
2025-05-13,DE,long,default,early_watchlist,52.17,0.4558,53.46,False,0.0556791765288846,0.0446678118963375,0.0269083586222675
2025-06-11,DE,short,default,early_watchlist,54.46,0.05,42.86,False,0.0079485544814859,-0.0130710501595233,-0.072585997650833
2025-06-11,DE,medium,default,early_watchlist,55.13,0.05,53.44,False,0.0079485544814859,-0.0130710501595233,-0.072585997650833
2025-06-11,DE,long,default,early_watchlist,60.28,0.5033,57.82,False,0.0079485544814859,-0.0130710501595233,-0.072585997650833
2025-07-11,DE,short,default,filtered_out,35.41,0.05,34.76,False,-0.0245700924294115,-0.0039810829512887,-0.1044141488911033
2025-07-11,DE,medium,default,filtered_out,38.82,0.05,45.87,False,-0.0245700924294115,-0.0039810829512887,-0.1044141488911033
2025-07-11,DE,long,default,early_watchlist,53.01,0.4761,54.98,False,-0.0245700924294115,-0.0039810829512887,-0.1044141488911033
2025-08-08,DE,short,default,filtered_out,37.22,0.05,36.83,False,-0.04226348189767,-0.0565472094745099,-0.0917309760235375
2025-08-08,DE,medium,default,filtered_out,38.07,0.05,40.4,False,-0.04226348189767,-0.0565472094745099,-0.0917309760235375
2025-08-08,DE,long,default,early_watchlist,52.29,0.4721,49.67,False,-0.04226348189767,-0.0565472094745099,-0.0917309760235375
2025-09-08,DE,short,default,filtered_out,40.02,0.05,35.1,False,-0.0257523588964894,-0.0469417096485498,-0.0222665556562497
2025-09-08,DE,medium,default,filtered_out,41.4,0.0619,39.5,False,-0.0257523588964894,-0.0469417096485498,-0.0222665556562497
2025-09-08,DE,long,default,early_watchlist,45.59,0.4309,45.97,False,-0.0257523588964894,-0.0469417096485498,-0.0222665556562497
2025-10-06,DE,short,default,filtered_out,39.82,0.05,34.5,False,-0.0397979777439658,0.0101244102168458,0.0215837757878314
2025-10-06,DE,medium,default,filtered_out,41.34,0.05,39.5,False,-0.0397979777439658,0.0101244102168458,0.0215837757878314
2025-10-06,DE,long,default,filtered_out,42.92,0.2159,45.12,False,-0.0397979777439658,0.0101244102168458,0.0215837757878314
2025-11-03,DE,short,default,filtered_out,40.21,0.05,35.7,False,0.0269515747948829,0.0156080655681536,0.1469594138568084
2025-11-03,DE,medium,default,filtered_out,41.59,0.05,40.26,False,0.0269515747948829,0.0156080655681536,0.1469594138568084
2025-11-03,DE,long,default,filtered_out,42.84,0.215,45.12,False,0.0269515747948829,0.0156080655681536,0.1469594138568084
2025-12-02,DE,short,default,filtered_out,37.29,0.0975,35.97,False,-0.0134072427674977,-0.0041980332823486,0.3493814364242871
2025-12-02,DE,medium,default,early_watchlist,48.08,0.05,41.18,False,-0.0134072427674977,-0.0041980332823486,0.3493814364242871
2025-12-02,DE,long,default,filtered_out,38.12,0.1936,45.12,False,-0.0134072427674977,-0.0041980332823486,0.3493814364242871
2025-12-31,DE,short,default,filtered_out,41.68,0.1194,34.71,False,0.0756706621672329,0.13409367780072,0.1931611049129173
2025-12-31,DE,medium,default,filtered_out,41.82,0.05,40.98,False,0.0756706621672329,0.13409367780072,0.1931611049129173
2025-12-31,DE,long,default,filtered_out,43.28,0.2166,46.25,False,0.0756706621672329,0.13409367780072,0.1931611049129173
2026-01-30,DE,short,default,early_watchlist,50.41,0.3196,50.51,False,0.1043750454044849,0.1948484434616089,0.0710401041469914
2026-01-30,DE,medium,default,early_watchlist,53.27,0.3051,59.96,False,0.1043750454044849,0.1948484434616089,0.0710401041469914
2026-01-30,DE,long,default,early_watchlist,52.37,0.2286,58.65,False,0.1043750454044849,0.1948484434616089,0.0710401041469914
2026-03-02,DE,short,default,early_watchlist,50.47,0.3813,46.84,False,-0.0497717312528271,-0.1194838295450676,-0.1584161758053611
2026-03-02,DE,medium,default,early_watchlist,62.76,0.591,62.9,False,-0.0497717312528271,-0.1194838295450676,-0.1584161758053611
2026-03-02,DE,long,default,early_watchlist,63.11,0.6628,61.38,False,-0.0497717312528271,-0.1194838295450676,-0.1584161758053611
2026-03-30,DE,short,default,filtered_out,39.81,0.2633,34.5,False,0.0399364290914796,0.0180182758075901,0.1388025600714151
2026-03-30,DE,medium,default,early_watchlist,45.17,0.6003,44.9,False,0.0399364290914796,0.0180182758075901,0.1388025600714151
2026-03-30,DE,long,default,early_watchlist,55.57,0.2876,58.33,False,0.0399364290914796,0.0180182758075901,0.1388025600714151
2025-03-17,GE,short,default,filtered_out,40.79,0.4764,41.01,False,0.0405880161278637,-0.0793445921048821,0.2152651080128529
2025-03-17,GE,medium,default,filtered_out,39.17,0.05,48.25,False,0.0405880161278637,-0.0793445921048821,0.2152651080128529
2025-03-17,GE,long,default,early_watchlist,50.78,0.4704,58.16,False,0.0405880161278637,-0.0793445921048821,0.2152651080128529
2025-04-14,GE,short,default,early_watchlist,45.57,0.4933,45.41,False,0.0170966820308462,0.1912903103278003,0.3752311645673725
2025-04-14,GE,medium,default,filtered_out,40.58,0.05,41.68,False,0.0170966820308462,0.1912903103278003,0.3752311645673725
2025-04-14,GE,long,default,filtered_out,42.65,0.4599,48.33,False,0.0170966820308462,0.1912903103278003,0.3752311645673725
2025-05-13,GE,short,default,early_watchlist,55.17,0.5818,62.48,False,0.0617384345186595,0.1080422257504769,0.242944318531068
2025-05-13,GE,medium,default,filtered_out,43.96,0.05,58.7,False,0.0617384345186595,0.1080422257504769,0.242944318531068
2025-05-13,GE,long,default,early_watchlist,51.79,0.4772,56.89,False,0.0617384345186595,0.1080422257504769,0.242944318531068
2025-06-11,GE,short,default,early_watchlist,49.06,0.7072,44.18,False,-0.0392228605544662,0.0418418174081747,0.1259901785051864
2025-06-11,GE,medium,default,early_watchlist,58.34,0.5118,62.42,False,-0.0392228605544662,0.0418418174081747,0.1259901785051864
2025-06-11,GE,long,default,early_watchlist,59.84,0.6109,61.92,False,-0.0392228605544662,0.0418418174081747,0.1259901785051864
2025-07-11,GE,short,default,early_watchlist,52.26,0.7274,43.36,False,0.0307337414401416,0.0766971845121478,0.168993817754069
2025-07-11,GE,medium,default,early_watchlist,53.79,0.3812,55.24,False,0.0307337414401416,0.0766971845121478,0.168993817754069
2025-07-11,GE,long,default,early_watchlist,55.9,0.4817,61.18,False,0.0307337414401416,0.0766971845121478,0.168993817754069
2025-08-08,GE,short,default,early_watchlist,53.94,0.6842,46.09,False,-0.0260353703074783,0.003781621560128,0.123584945117636
2025-08-08,GE,medium,default,early_watchlist,56.4,0.5071,57.59,False,-0.0260353703074783,0.003781621560128,0.123584945117636
2025-08-08,GE,long,default,early_watchlist,58.17,0.6317,61.38,False,-0.0260353703074783,0.003781621560128,0.123584945117636
2025-09-08,GE,short,default,near_watchlist,60.85,0.6547,37.98,False,0.0388698720130364,0.0816316757262107,0.0493517650916381
2025-09-08,GE,medium,default,early_watchlist,59.71,0.5196,48.33,False,0.0388698720130364,0.0816316757262107,0.0493517650916381
2025-09-08,GE,long,default,early_watchlist,65.98,0.6577,61.83,False,0.0388698720130364,0.0816316757262107,0.0493517650916381
2025-10-06,GE,short,default,near_watchlist,63.93,0.7028,43.93,False,-0.0023138137061513,0.0348735199409773,0.0340763616049919
2025-10-06,GE,medium,default,early_watchlist,63.7,0.6347,56.62,False,-0.0023138137061513,0.0348735199409773,0.0340763616049919
2025-10-06,GE,long,default,early_watchlist,67.04,0.6843,61.38,False,-0.0023138137061513,0.0348735199409773,0.0340763616049919
2025-11-03,GE,short,default,early_watchlist,45.59,0.7016,38.66,False,0.0107575329383187,-0.0625363743723109,-0.0047927066523447
2025-11-03,GE,medium,default,early_watchlist,55.86,0.6336,51.68,False,0.0107575329383187,-0.0625363743723109,-0.0047927066523447
2025-11-03,GE,long,default,early_watchlist,61.39,0.7721,61.23,False,0.0107575329383187,-0.0625363743723109,-0.0047927066523447
2025-12-02,GE,short,default,early_watchlist,42.38,0.6075,34.5,False,-0.0138601377246359,0.0658863738929287,0.1963755638198903
2025-12-02,GE,medium,default,filtered_out,42.47,0.3704,42.2,False,-0.0138601377246359,0.0658863738929287,0.1963755638198903
2025-12-02,GE,long,default,early_watchlist,57.46,0.5444,51.09,False,-0.0138601377246359,0.0658863738929287,0.1963755638198903
2025-12-31,GE,short,default,early_watchlist,44.79,0.6135,41.72,False,0.0208096383406926,-0.004025512062678,-0.1116188008360968
2025-12-31,GE,medium,default,early_watchlist,51.63,0.3899,46.61,False,0.0208096383406926,-0.004025512062678,-0.1116188008360968
2025-12-31,GE,long,default,early_watchlist,56.56,0.6812,51.65,False,0.0208096383406926,-0.004025512062678,-0.1116188008360968
2026-01-30,GE,short,default,early_watchlist,46.66,0.5494,38.9,False,0.0463183145442622,0.1269597612154671,-0.0559624567676813
2026-01-30,GE,medium,default,early_watchlist,45.29,0.3238,41.94,False,0.0463183145442622,0.1269597612154671,-0.0559624567676813
2026-01-30,GE,long,default,early_watchlist,49.04,0.449,49.15,False,0.0463183145442622,0.1269597612154671,-0.0559624567676813
2026-03-02,GE,short,default,early_watchlist,53.85,0.5837,50.95,False,-0.0675103961581233,-0.2085149148415584,-0.0811822125573464
2026-03-02,GE,medium,default,early_watchlist,55.61,0.3389,61.39,False,-0.0675103961581233,-0.2085149148415584,-0.0811822125573464
2026-03-02,GE,long,default,early_watchlist,59.25,0.5354,59.25,False,-0.0675103961581233,-0.2085149148415584,-0.0811822125573464
2026-03-30,GE,short,default,early_watchlist,45.75,0.5118,36.51,False,0.0561757069362314,0.0583714621598443,0.3590483599544611
2026-03-30,GE,medium,default,filtered_out,44.57,0.2143,41.38,False,0.0561757069362314,0.0583714621598443,0.3590483599544611
2026-03-30,GE,long,default,early_watchlist,47.34,0.3649,46.66,False,0.0561757069362314,0.0583714621598443,0.3590483599544611
2025-03-17,ALAB,short,default,early_watchlist,48.57,0.6586,46.5,False,0.0240110430848463,-0.1754337636219894,0.3121443013349163
2025-03-17,ALAB,medium,default,early_watchlist,46.43,0.6523,39.5,False,0.0240110430848463,-0.1754337636219894,0.3121443013349163
2025-03-17,ALAB,long,default,filtered_out,41.34,0.05,47.85,False,0.0240110430848463,-0.1754337636219894,0.3121443013349163
2025-04-14,ALAB,short,default,early_watchlist,46.94,0.6531,42.2,False,-0.0690119253434013,0.4771924316046481,0.6142063923950052
2025-04-14,ALAB,medium,default,early_watchlist,46.2,0.6498,39.5,False,-0.0690119253434013,0.4771924316046481,0.6142063923950052
2025-04-14,ALAB,long,default,filtered_out,40.24,0.05,45.12,False,-0.0690119253434013,0.4771924316046481,0.6142063923950052
2025-05-13,ALAB,short,default,near_watchlist,62.95,0.6285,67.98,False,0.0763445394844195,0.0772561373548308,1.042844056692242
2025-05-13,ALAB,medium,default,early_watchlist,52.49,0.6637,60.59,False,0.0763445394844195,0.0772561373548308,1.042844056692242
2025-05-13,ALAB,long,default,filtered_out,40.3,0.05,46.75,False,0.0763445394844195,0.0772561373548308,1.042844056692242
2025-06-11,ALAB,short,default,early_watchlist,50.08,0.7402,43.96,False,0.0527818681557679,0.0143854516308576,1.28580499270995
2025-06-11,ALAB,medium,default,early_watchlist,59.3,0.6817,60.02,False,0.0527818681557679,0.0143854516308576,1.28580499270995
2025-06-11,ALAB,long,default,early_watchlist,45.71,0.05,57.79,False,0.0527818681557679,0.0143854516308576,1.28580499270995
2025-07-11,ALAB,short,default,filtered_out,44.86,0.6657,44.54,False,0.0649634580647831,0.8694472985062218,1.3025025447888812
2025-07-11,ALAB,medium,default,early_watchlist,53.81,0.6598,53.07,False,0.0649634580647831,0.8694472985062218,1.3025025447888812
2025-07-11,ALAB,long,default,filtered_out,41.15,0.05,57.62,False,0.0649634580647831,0.8694472985062218,1.3025025447888812
2025-08-08,ALAB,short,default,near_watchlist,65.34,0.7909,65.7,False,0.0366466274484236,0.2053771060627132,0.0684962007078893
2025-08-08,ALAB,medium,default,early_watchlist,63.66,0.7857,62.99,False,0.0366466274484236,0.2053771060627132,0.0684962007078893
2025-08-08,ALAB,long,default,early_watchlist,61.72,0.732,61.76,False,0.0366466274484236,0.2053771060627132,0.0684962007078893
2025-09-08,ALAB,short,default,high_probability,75.8,0.8183,70.31,False,0.0702914704007038,0.0217954249053651,-0.3385469763802989
2025-09-08,ALAB,medium,default,high_probability,74.63,0.7608,66.35,False,0.0702914704007038,0.0217954249053651,-0.3385469763802989
2025-09-08,ALAB,long,default,early_watchlist,73.99,0.7849,62.94,False,0.0702914704007038,0.0217954249053651,-0.3385469763802989
2025-10-06,ALAB,short,default,near_watchlist,62.44,0.7903,54.34,False,-0.0963724424373042,-0.1324668281482058,-0.2465920816551499
2025-10-06,ALAB,medium,default,early_watchlist,56.41,0.5789,56.72,False,-0.0963724424373042,-0.1324668281482058,-0.2465920816551499
2025-10-06,ALAB,long,default,early_watchlist,56.74,0.6126,62.49,False,-0.0963724424373042,-0.1324668281482058,-0.2465920816551499
2025-11-03,ALAB,short,default,early_watchlist,56.48,0.771,56.63,False,-0.0930256436236326,-0.2538107941994297,-0.2137189547044322
2025-11-03,ALAB,medium,default,early_watchlist,50.45,0.5748,42.96,False,-0.0930256436236326,-0.2538107941994297,-0.2137189547044322
2025-11-03,ALAB,long,default,early_watchlist,58.87,0.568,58.69,False,-0.0930256436236326,-0.2538107941994297,-0.2137189547044322
2025-12-02,ALAB,short,default,early_watchlist,50.84,0.7616,39.3,False,0.1688820412574421,0.1638449543090332,-0.1566391423480387
2025-12-02,ALAB,medium,default,early_watchlist,50.43,0.5737,43.1,False,0.1688820412574421,0.1638449543090332,-0.1566391423480387
2025-12-02,ALAB,long,default,early_watchlist,49.09,0.3641,51.38,False,0.1688820412574421,0.1638449543090332,-0.1566391423480387
2025-12-31,ALAB,short,default,early_watchlist,52.73,0.7598,45.66,False,-0.0578865403190752,-0.0946141225980775,-0.3972710009906839
2025-12-31,ALAB,medium,default,early_watchlist,53.1,0.5767,51.89,False,-0.0578865403190752,-0.0946141225980775,-0.3972710009906839
2025-12-31,ALAB,long,default,early_watchlist,49.97,0.502,48.2,False,-0.0578865403190752,-0.0946141225980775,-0.3972710009906839
2026-01-30,ALAB,short,default,early_watchlist,49.55,0.7021,37.29,False,0.1276723649563693,-0.1996414356675168,0.2170362734109261
2026-01-30,ALAB,medium,default,early_watchlist,49.45,0.5707,40.49,False,0.1276723649563693,-0.1996414356675168,0.2170362734109261
2026-01-30,ALAB,long,default,early_watchlist,46.6,0.3459,45.12,False,0.1276723649563693,-0.1996414356675168,0.2170362734109261
2026-03-02,ALAB,short,default,early_watchlist,48.79,0.7011,34.91,False,0.0145997052034938,-0.1682289995462235,1.6987140467560675
2026-03-02,ALAB,medium,default,early_watchlist,48.2,0.5428,39.5,False,0.0145997052034938,-0.1682289995462235,1.6987140467560675
2026-03-02,ALAB,long,default,early_watchlist,46.32,0.2115,45.12,False,0.0145997052034938,-0.1682289995462235,1.6987140467560675
2026-03-30,ALAB,short,default,early_watchlist,48.96,0.7013,35.44,False,0.1866959394378078,0.8281639941719245,2.9692830689600047
2026-03-30,ALAB,medium,default,early_watchlist,48.33,0.543,39.91,False,0.1866959394378078,0.8281639941719245,2.9692830689600047
2026-03-30,ALAB,long,default,early_watchlist,46.35,0.1416,45.48,False,0.1866959394378078,0.8281639941719245,2.9692830689600047
2025-03-17,APP,short,default,early_watchlist,48.23,0.6314,46.5,False,0.1071207249906289,-0.2306664408389136,0.249568144204082
2025-03-17,APP,medium,default,early_watchlist,46.4,0.634,39.5,False,0.1071207249906289,-0.2306664408389136,0.249568144204082
2025-03-17,APP,long,default,filtered_out,42.19,0.05,48.88,False,0.1071207249906289,-0.2306664408389136,0.249568144204082
2025-04-14,APP,short,default,filtered_out,44.92,0.6259,36.16,False,0.0069470891632414,0.5677553040239456,0.4194941996307433
2025-04-14,APP,medium,default,early_watchlist,46.4,0.634,39.5,False,0.0069470891632414,0.5677553040239456,0.4194941996307433
2025-04-14,APP,long,default,filtered_out,42.09,0.05,48.54,False,0.0069470891632414,0.5677553040239456,0.4194941996307433
2025-05-13,APP,short,default,near_watchlist,63.73,0.6849,66.56,False,-0.0190354318064072,0.0360172557482674,0.2320454025034308
2025-05-13,APP,medium,default,early_watchlist,52.87,0.6501,58.73,False,-0.0190354318064072,0.0360172557482674,0.2320454025034308
2025-05-13,APP,long,default,filtered_out,43.45,0.05,51.79,False,-0.0190354318064072,0.0360172557482674,0.2320454025034308
2025-06-11,APP,short,default,early_watchlist,47.46,0.6618,41.97,False,-0.101869958805288,-0.1260464426243573,0.4267010627150052
2025-06-11,APP,medium,default,early_watchlist,57.08,0.6571,56.6,False,-0.101869958805288,-0.1260464426243573,0.4267010627150052
2025-06-11,APP,long,default,early_watchlist,52.28,0.05,59.91,False,-0.101869958805288,-0.1260464426243573,0.4267010627150052
2025-07-11,APP,short,default,filtered_out,44.98,0.6535,34.5,False,0.087615591813785,0.3607281488543796,0.7517158737940162
2025-07-11,APP,medium,default,early_watchlist,48.22,0.6394,44.9,False,0.087615591813785,0.3607281488543796,0.7517158737940162
2025-07-11,APP,long,default,filtered_out,44.04,0.222,53.08,False,0.087615591813785,0.3607281488543796,0.7517158737940162
2025-08-08,APP,short,default,high_probability,66.08,0.716,66.81,False,-0.037940299780083,0.1997016642112101,0.3863327326148762
2025-08-08,APP,medium,default,near_watchlist,67.67,0.8375,63.87,False,-0.037940299780083,0.1997016642112101,0.3863327326148762
2025-08-08,APP,long,default,early_watchlist,59.78,0.6533,60.84,False,-0.037940299780083,0.1997016642112101,0.3863327326148762
2025-09-08,APP,short,default,high_probability,75.15,0.7246,70.5,False,0.084271787205266,0.0730477178592217,0.1936970353697986
2025-09-08,APP,medium,default,high_probability,75.71,0.7828,66.5,False,0.084271787205266,0.0730477178592217,0.1936970353697986
2025-09-08,APP,long,default,near_watchlist,75.3,0.7763,63.88,False,0.084271787205266,0.0730477178592217,0.1936970353697986
2025-10-06,APP,short,default,early_watchlist,54.51,0.7762,46.01,False,0.0052981011099872,0.0768995138814949,0.1479046121366589
2025-10-06,APP,medium,default,early_watchlist,63.78,0.8265,60.51,False,0.0052981011099872,0.0768995138814949,0.1479046121366589
2025-10-06,APP,long,default,early_watchlist,64.24,0.5952,62.67,False,0.0052981011099872,0.0768995138814949,0.1479046121366589
2025-11-03,APP,short,default,early_watchlist,49.31,0.7647,39.85,False,0.0303413677845534,0.0329989952671541,-0.2515740589295221
2025-11-03,APP,medium,default,early_watchlist,60.92,0.6927,56.63,False,0.0303413677845534,0.0329989952671541,-0.2515740589295221
2025-11-03,APP,long,default,early_watchlist,60.87,0.5822,61.38,False,0.0303413677845534,0.0329989952671541,-0.2515740589295221
2025-12-02,APP,short,default,early_watchlist,55.68,0.7717,59.76,False,0.1096783998731814,0.0318836253050822,-0.3369371960393137
2025-12-02,APP,medium,default,early_watchlist,58.93,0.6797,51.71,False,0.1096783998731814,0.0318836253050822,-0.3369371960393137
2025-12-02,APP,long,default,early_watchlist,61.23,0.6494,61.83,False,0.1096783998731814,0.0318836253050822,-0.3369371960393137
2025-12-31,APP,short,default,early_watchlist,49.77,0.7454,41.7,False,-0.0850226728274896,-0.2978688964278283,-0.4478050777242153
2025-12-31,APP,medium,default,early_watchlist,59.3,0.6803,52.07,False,-0.0850226728274896,-0.2978688964278283,-0.4478050777242153
2025-12-31,APP,long,default,early_watchlist,63.27,0.6573,61.38,False,-0.0850226728274896,-0.2978688964278283,-0.4478050777242153
2026-01-30,APP,short,default,early_watchlist,50.79,0.7491,38.29,False,-0.1403267447029801,-0.0848216600954094,-0.0508972275323508
2026-01-30,APP,medium,default,early_watchlist,52.86,0.78,43.1,False,-0.1403267447029801,-0.0848216600954094,-0.0508972275323508
2026-01-30,APP,long,default,early_watchlist,52.14,0.4386,50.73,False,-0.1403267447029801,-0.0848216600954094,-0.0508972275323508
2026-03-02,APP,short,default,early_watchlist,55.53,0.7565,50.48,False,0.1945816604570278,-0.1406532007686274,0.3114462623720837
2026-03-02,APP,medium,default,early_watchlist,52.55,0.782,39.5,False,0.1945816604570278,-0.1406532007686274,0.3114462623720837
2026-03-02,APP,long,default,early_watchlist,51.18,0.4395,45.12,False,0.1945816604570278,-0.1406532007686274,0.3114462623720837
2026-03-30,APP,short,default,early_watchlist,50.46,0.7434,37.42,False,0.1030961547341657,0.2068104036336981,0.1984788453252979
2026-03-30,APP,medium,default,early_watchlist,51.71,0.7786,39.5,False,0.1030961547341657,0.2068104036336981,0.1984788453252979
2026-03-30,APP,long,default,early_watchlist,50.34,0.4358,45.12,False,0.1030961547341657,0.2068104036336981,0.1984788453252979
2025-03-17,BILL,short,default,filtered_out,41.99,0.2499,41.36,False,0.0916701690685555,-0.1155002330748817,-0.0581795361236584
2025-03-17,BILL,medium,default,filtered_out,42.02,0.3186,39.5,False,0.0916701690685555,-0.1155002330748817,-0.0581795361236584
2025-03-17,BILL,long,default,filtered_out,40.65,0.4502,45.12,False,0.0916701690685555,-0.1155002330748817,-0.0581795361236584
2025-04-14,BILL,short,default,filtered_out,40.64,0.246,37.37,False,-0.0087378787302205,0.1584951130673471,0.0856795804351588
2025-04-14,BILL,medium,default,filtered_out,41.92,0.3167,39.5,False,-0.0087378787302205,0.1584951130673471,0.0856795804351588
2025-04-14,BILL,long,default,filtered_out,40.58,0.4495,45.12,False,-0.0087378787302205,0.1584951130673471,0.0856795804351588
2025-05-13,BILL,short,default,early_watchlist,52.85,0.2318,55.98,False,-0.0213702172123649,-0.0808715828068643,-0.1464487310037385
2025-05-13,BILL,medium,default,early_watchlist,48.43,0.3359,54.3,False,-0.0213702172123649,-0.0808715828068643,-0.1464487310037385
2025-05-13,BILL,long,default,filtered_out,42.34,0.4589,45.18,False,-0.0213702172123649,-0.0808715828068643,-0.1464487310037385
2025-06-11,BILL,short,default,filtered_out,40.23,0.2056,36.04,False,-0.0273535626203831,0.0196033879938508,0.1442899928236387
2025-06-11,BILL,medium,default,filtered_out,42.53,0.3213,40.81,False,-0.0273535626203831,0.0196033879938508,0.1442899928236387
2025-06-11,BILL,long,default,filtered_out,40.9,0.4514,45.73,False,-0.0273535626203831,0.0196033879938508,0.1442899928236387
2025-07-11,BILL,short,default,filtered_out,40.8,0.2066,37.84,False,0.0252627113722241,-0.0892018310888193,0.1927118046076734
2025-07-11,BILL,medium,default,filtered_out,43.42,0.323,43.57,False,0.0252627113722241,-0.0892018310888193,0.1927118046076734
2025-07-11,BILL,long,default,filtered_out,42.14,0.4542,49.59,False,0.0252627113722241,-0.0892018310888193,0.1927118046076734
2025-08-08,BILL,short,default,filtered_out,41.73,0.2089,37.52,False,-0.0073638448551262,0.2322041898558084,0.2076582900325261
2025-08-08,BILL,medium,default,filtered_out,43.41,0.1308,42.36,False,-0.0073638448551262,0.2322041898558084,0.2076582900325261
2025-08-08,BILL,long,default,filtered_out,42.3,0.4545,46.96,False,-0.0073638448551262,0.2322041898558084,0.2076582900325261
2025-09-08,BILL,short,default,early_watchlist,54.65,0.2054,59.92,False,0.0274900607000394,0.0627489574364139,0.0009960007231206
2025-09-08,BILL,medium,default,early_watchlist,49.86,0.1453,57.5,False,0.0274900607000394,0.0627489574364139,0.0009960007231206
2025-09-08,BILL,long,default,early_watchlist,47.46,0.4705,58.04,False,0.0274900607000394,0.0627489574364139,0.0009960007231206
2025-10-06,BILL,short,default,early_watchlist,45.08,0.2551,43.04,False,-0.0702905362184601,-0.0777881505131572,0.0223055759220591
2025-10-06,BILL,medium,default,early_watchlist,55.75,0.1708,58.61,False,-0.0702905362184601,-0.0777881505131572,0.0223055759220591
2025-10-06,BILL,long,default,early_watchlist,54.92,0.2952,60.42,False,-0.0702905362184601,-0.0777881505131572,0.0223055759220591
2025-11-03,BILL,short,default,filtered_out,38.29,0.2331,35.71,False,-0.0408537013223896,0.021341447576795,-0.1225610264326727
2025-11-03,BILL,medium,default,filtered_out,41.06,0.0965,45.45,False,-0.0408537013223896,0.021341447576795,-0.1225610264326727
2025-11-03,BILL,long,default,early_watchlist,49.73,0.2424,55.75,False,-0.0408537013223896,0.021341447576795,-0.1225610264326727
2025-12-02,BILL,short,default,filtered_out,39.76,0.2341,40.52,False,0.0796019900497513,0.0853731525478078,-0.1205970422545475
2025-12-02,BILL,medium,default,filtered_out,39.6,0.0928,41.1,False,0.0796019900497513,0.0853731525478078,-0.1205970422545475
2025-12-02,BILL,long,default,early_watchlist,50.45,0.42,49.28,False,0.0796019900497513,0.0853731525478078,-0.1205970422545475
2025-12-31,BILL,short,default,filtered_out,40.75,0.2725,41.7,False,0.000183320890454,-0.2084708939442836,-0.3171983671920932
2025-12-31,BILL,medium,default,early_watchlist,51.92,0.1817,53.63,False,0.000183320890454,-0.2084708939442836,-0.3171983671920932
2025-12-31,BILL,long,default,early_watchlist,53.2,0.4679,55.18,False,0.000183320890454,-0.2084708939442836,-0.3171983671920932
2026-01-30,BILL,short,default,filtered_out,41.34,0.1972,34.5,False,0.1336576488880736,0.0236275307163995,-0.126013408789586
2026-01-30,BILL,medium,default,filtered_out,42.63,0.0704,39.75,False,0.1336576488880736,0.0236275307163995,-0.126013408789586
2026-01-30,BILL,long,default,filtered_out,42.34,0.05,46.96,False,0.1336576488880736,0.0236275307163995,-0.126013408789586
2026-03-02,BILL,short,default,filtered_out,42.4,0.1957,39.87,False,0.006336334073224,-0.1572753375023081,-0.2147544276689263
2026-03-02,BILL,medium,default,filtered_out,42.46,0.0671,41.27,False,0.006336334073224,-0.1572753375023081,-0.2147544276689263
2026-03-02,BILL,long,default,filtered_out,41.09,0.05,45.12,False,0.006336334073224,-0.1572753375023081,-0.2147544276689263
2026-03-30,BILL,short,default,filtered_out,40.75,0.1945,34.5,False,0.0279268811481132,0.0131578367799285,-0.1036519988285479
2026-03-30,BILL,medium,default,filtered_out,41.96,0.0676,39.5,False,0.0279268811481132,0.0131578367799285,-0.1036519988285479
2026-03-30,BILL,long,default,filtered_out,41.16,0.05,45.12,False,0.0279268811481132,0.0131578367799285,-0.1036519988285479
2025-03-17,CELH,short,default,early_watchlist,61.06,0.8216,65.16,False,0.1653859242388131,0.2475776736337254,0.4056130726984681
2025-03-17,CELH,medium,default,early_watchlist,46.55,0.4707,57.5,False,0.1653859242388131,0.2475776736337254,0.4056130726984681
2025-03-17,CELH,long,default,filtered_out,44.29,0.465,50.61,False,0.1653859242388131,0.2475776736337254,0.4056130726984681
2025-04-14,CELH,short,default,early_watchlist,57.5,0.7243,55.45,False,0.0133904659334969,0.0158007538879723,0.2075522219692032
2025-04-14,CELH,medium,default,early_watchlist,52.32,0.4832,62.9,False,0.0133904659334969,0.0158007538879723,0.2075522219692032
2025-04-14,CELH,long,default,early_watchlist,53.05,0.4849,60.32,False,0.0133904659334969,0.0158007538879723,0.2075522219692032
2025-05-13,CELH,short,default,early_watchlist,49.35,0.625,46.98,False,0.0039546935057217,0.1091484143511465,0.3696282716836825
2025-05-13,CELH,medium,default,early_watchlist,58.42,0.7832,55.08,False,0.0039546935057217,0.1091484143511465,0.3696282716836825
2025-05-13,CELH,long,default,early_watchlist,53.96,0.4854,61.38,False,0.0039546935057217,0.1091484143511465,0.3696282716836825
2025-06-11,CELH,short,default,early_watchlist,58.3,0.6882,57.35,False,0.0475398149395769,0.0717851314397612,0.3225576371110292
2025-06-11,CELH,medium,default,early_watchlist,61.31,0.7519,62.09,False,0.0475398149395769,0.0717851314397612,0.3225576371110292
2025-06-11,CELH,long,default,early_watchlist,57.49,0.5312,61.38,False,0.0475398149395769,0.0717851314397612,0.3225576371110292
2025-07-11,CELH,short,default,early_watchlist,48.82,0.6472,42.45,False,-0.0146373884492929,0.1521401771376538,0.310933697279196
2025-07-11,CELH,medium,default,early_watchlist,61.45,0.7843,59.29,False,-0.0146373884492929,0.1521401771376538,0.310933697279196
2025-07-11,CELH,long,default,early_watchlist,60.11,0.6504,61.38,False,-0.0146373884492929,0.1521401771376538,0.310933697279196
2025-08-08,CELH,short,default,early_watchlist,58.95,0.5571,61.48,False,0.1029836072290826,0.0710298089031287,0.1405197137603948
2025-08-08,CELH,medium,default,near_watchlist,63.93,0.7894,65.9,False,0.1029836072290826,0.0710298089031287,0.1405197137603948
2025-08-08,CELH,long,default,early_watchlist,64.57,0.8366,63.88,False,0.1029836072290826,0.0710298089031287,0.1405197137603948
2025-09-08,CELH,short,default,early_watchlist,49.82,0.5752,44.7,False,0.0077282586249594,0.0623652275120028,-0.2661753724129099
2025-09-08,CELH,medium,default,early_watchlist,62.41,0.7666,59.79,False,0.0077282586249594,0.0623652275120028,-0.2661753724129099
2025-09-08,CELH,long,default,early_watchlist,63.72,0.7761,62.29,False,0.0077282586249594,0.0623652275120028,-0.2661753724129099
2025-10-06,CELH,short,default,early_watchlist,46.91,0.5654,45.66,False,0.0343427297975933,0.0023684552225147,-0.2261884417836287
2025-10-06,CELH,medium,default,early_watchlist,59.31,0.7542,55.82,False,0.0343427297975933,0.0023684552225147,-0.2261884417836287
2025-10-06,CELH,long,default,early_watchlist,60.48,0.7606,61.38,False,0.0343427297975933,0.0023684552225147,-0.2261884417836287
2025-11-03,CELH,short,default,filtered_out,44.88,0.5556,43.64,False,-0.2479324662735693,-0.3108860450454905,-0.1142616111014965
2025-11-03,CELH,medium,default,early_watchlist,58.16,0.7468,46.12,False,-0.2479324662735693,-0.3108860450454905,-0.1142616111014965
2025-11-03,CELH,long,default,early_watchlist,60.29,0.7539,61.61,False,-0.2479324662735693,-0.3108860450454905,-0.1142616111014965
2025-12-02,CELH,short,default,early_watchlist,47.89,0.5688,42.18,False,0.0582904028088429,0.1202547055405134,0.2062208618991827
2025-12-02,CELH,medium,default,early_watchlist,47.3,0.5989,39.5,False,0.0582904028088429,0.1202547055405134,0.2062208618991827
2025-12-02,CELH,long,default,early_watchlist,49.38,0.63,45.12,False,0.0582904028088429,0.1202547055405134,0.2062208618991827
2025-12-31,CELH,short,default,early_watchlist,56.84,0.5875,49.1,False,0.1211193025259149,0.1473545609191036,-0.2608220347047366
2025-12-31,CELH,medium,default,early_watchlist,51.7,0.6102,48.5,False,0.1211193025259149,0.1473545609191036,-0.2608220347047366
2025-12-31,CELH,long,default,early_watchlist,50.95,0.637,45.12,False,0.1211193025259149,0.1473545609191036,-0.2608220347047366
2026-01-30,CELH,short,default,early_watchlist,50.2,0.6345,41.7,False,-0.0363948144830855,-0.061547247911784,-0.3784298929798594
2026-01-30,CELH,medium,default,early_watchlist,54.58,0.6153,57.5,False,-0.0363948144830855,-0.061547247911784,-0.3784298929798594
2026-01-30,CELH,long,default,early_watchlist,51.27,0.6376,46.12,False,-0.0363948144830855,-0.061547247911784,-0.3784298929798594
2026-03-02,CELH,short,default,early_watchlist,47.56,0.6269,38.2,False,-0.120609109171756,-0.3135025101869845,-0.3573604138369487
2026-03-02,CELH,medium,default,early_watchlist,49.05,0.5415,46.63,False,-0.120609109171756,-0.3135025101869845,-0.3573604138369487
2026-03-02,CELH,long,default,early_watchlist,52.0,0.6358,53.12,False,-0.120609109171756,-0.3135025101869845,-0.3573604138369487
2026-03-30,CELH,short,default,early_watchlist,46.08,0.6141,34.5,False,0.0198165673389942,-0.0351967581505725,-0.1653357537084417
2026-03-30,CELH,medium,default,early_watchlist,46.69,0.5358,39.55,False,0.0198165673389942,-0.0351967581505725,-0.1653357537084417
2026-03-30,CELH,long,default,early_watchlist,49.39,0.63,45.14,False,0.0198165673389942,-0.0351967581505725,-0.1653357537084417
2025-03-17,DUOL,short,default,early_watchlist,48.25,0.7412,40.63,False,0.1217622143450671,0.1104426594631156,0.6105106077062643
2025-03-17,DUOL,medium,default,filtered_out,42.31,0.1672,39.5,False,0.1217622143450671,0.1104426594631156,0.6105106077062643
2025-03-17,DUOL,long,default,filtered_out,42.33,0.05,47.42,False,0.1217622143450671,0.1104426594631156,0.6105106077062643
2025-04-14,DUOL,short,default,early_watchlist,56.69,0.6808,55.58,False,0.0296016852256792,0.6269017666974361,0.1351516578862577
2025-04-14,DUOL,medium,default,filtered_out,44.16,0.1706,47.78,False,0.0296016852256792,0.6269017666974361,0.1351516578862577
2025-04-14,DUOL,long,default,filtered_out,41.22,0.05,45.8,False,0.0296016852256792,0.6269017666974361,0.1351516578862577
2025-05-13,DUOL,short,default,near_watchlist,65.32,0.9,62.04,False,-0.0107816980901737,-0.1085312550495605,-0.3031649022944858
2025-05-13,DUOL,medium,default,early_watchlist,57.78,0.2072,61.0,False,-0.0107816980901737,-0.1085312550495605,-0.3031649022944858
2025-05-13,DUOL,long,default,early_watchlist,60.7,0.4574,60.69,False,-0.0107816980901737,-0.1085312550495605,-0.3031649022944858
2025-06-11,DUOL,short,default,early_watchlist,49.98,0.8023,38.91,False,0.0104479129971402,-0.2173160363889494,-0.4274135685798157
2025-06-11,DUOL,medium,default,early_watchlist,47.97,0.1822,53.46,False,0.0104479129971402,-0.2173160363889494,-0.4274135685798157
2025-06-11,DUOL,long,default,early_watchlist,57.71,0.2717,61.45,False,0.0104479129971402,-0.2173160363889494,-0.4274135685798157
2025-07-11,DUOL,short,default,early_watchlist,49.12,0.8028,34.5,False,-0.0008899657066109,-0.0012944581652748,-0.1362116627150126
2025-07-11,DUOL,medium,default,early_watchlist,45.79,0.1799,44.9,False,-0.0008899657066109,-0.0012944581652748,-0.1362116627150126
2025-07-11,DUOL,long,default,early_watchlist,47.4,0.1459,53.38,False,-0.0008899657066109,-0.0012944581652748,-0.1362116627150126
2025-08-08,DUOL,short,default,early_watchlist,56.22,0.8142,51.28,False,-0.1172166228097679,-0.267483929735241,-0.2846303523909296
2025-08-08,DUOL,medium,default,early_watchlist,46.98,0.1829,43.1,False,-0.1172166228097679,-0.267483929735241,-0.2846303523909296
2025-08-08,DUOL,long,default,early_watchlist,47.61,0.05,48.5,False,-0.1172166228097679,-0.267483929735241,-0.2846303523909296
2025-09-08,DUOL,short,default,early_watchlist,50.01,0.8038,34.5,False,0.0509804874465411,0.1807357674724328,-0.3268578537597379
2025-09-08,DUOL,medium,default,filtered_out,44.99,0.1769,39.5,False,0.0509804874465411,0.1807357674724328,-0.3268578537597379
2025-09-08,DUOL,long,default,early_watchlist,45.63,0.05,45.12,False,0.0509804874465411,0.1807357674724328,-0.3268578537597379
2025-10-06,DUOL,short,default,early_watchlist,53.77,0.8088,45.89,False,0.0302519512823937,-0.1728950245228668,-0.4520932804543632
2025-10-06,DUOL,medium,default,early_watchlist,48.16,0.1842,49.16,False,0.0302519512823937,-0.1728950245228668,-0.4520932804543632
2025-10-06,DUOL,long,default,early_watchlist,45.63,0.05,45.12,False,0.0302519512823937,-0.1728950245228668,-0.4520932804543632
2025-11-03,DUOL,short,default,early_watchlist,50.25,0.8041,35.24,False,-0.2722605655007715,-0.310723566003235,-0.4939795369916645
2025-11-03,DUOL,medium,default,early_watchlist,45.18,0.1772,40.1,False,-0.2722605655007715,-0.310723566003235,-0.4939795369916645
2025-11-03,DUOL,long,default,early_watchlist,45.64,0.05,45.16,False,-0.2722605655007715,-0.310723566003235,-0.4939795369916645
2025-12-02,DUOL,short,default,early_watchlist,52.01,0.8065,40.38,False,0.144953732721266,-0.0389354393876965,-0.4478944233182973
2025-12-02,DUOL,medium,default,early_watchlist,45.06,0.1786,39.5,False,0.144953732721266,-0.0389354393876965,-0.4478944233182973
2025-12-02,DUOL,long,default,early_watchlist,45.63,0.05,45.12,False,0.144953732721266,-0.0389354393876965,-0.4478944233182973
2025-12-31,DUOL,short,default,early_watchlist,50.44,0.8045,35.49,False,-0.0092877771100426,-0.2361253700365028,-0.4637036880536637
2025-12-31,DUOL,medium,default,early_watchlist,45.06,0.1786,39.5,False,-0.0092877771100426,-0.2361253700365028,-0.4637036880536637
2025-12-31,DUOL,long,default,early_watchlist,45.69,0.05,45.12,False,-0.0092877771100426,-0.2361253700365028,-0.4637036880536637
2026-01-30,DUOL,short,default,early_watchlist,50.17,0.804,35.01,False,-0.1093539929859195,-0.2479486682762417,-0.2075190228365094
2026-01-30,DUOL,medium,default,early_watchlist,45.09,0.1771,39.81,False,-0.1093539929859195,-0.2479486682762417,-0.2075190228365094
2026-01-30,DUOL,long,default,early_watchlist,45.84,0.05,45.78,False,-0.1093539929859195,-0.2479486682762417,-0.2075190228365094
2026-03-02,DUOL,short,default,early_watchlist,50.01,0.8038,34.5,False,-0.0039674819191597,-0.0664550383705877,0.0694306687283135
2026-03-02,DUOL,medium,default,early_watchlist,45.06,0.177,39.72,False,-0.0039674819191597,-0.0664550383705877,0.0694306687283135
2026-03-02,DUOL,long,default,early_watchlist,45.84,0.05,45.78,False,-0.0039674819191597,-0.0664550383705877,0.0694306687283135
2026-03-30,DUOL,short,default,early_watchlist,49.87,0.801,34.5,False,0.0230556534808867,0.128771725069118,0.2743306304861097
2026-03-30,DUOL,medium,default,filtered_out,44.82,0.1754,39.5,False,0.0230556534808867,0.128771725069118,0.2743306304861097
2026-03-30,DUOL,long,default,early_watchlist,45.46,0.05,45.12,False,0.0230556534808867,0.128771725069118,0.2743306304861097
2025-03-17,ESTC,short,default,filtered_out,41.85,0.2564,39.02,False,0.0662119344861591,-0.166631735302128,-0.1272823136870693
2025-03-17,ESTC,medium,default,filtered_out,42.95,0.279,39.5,False,0.0662119344861591,-0.166631735302128,-0.1272823136870693
2025-03-17,ESTC,long,default,filtered_out,42.37,0.4553,48.86,False,0.0662119344861591,-0.166631735302128,-0.1272823136870693
2025-04-14,ESTC,short,default,filtered_out,42.45,0.2575,40.9,False,-0.0381515846028017,0.1772853457022645,0.0610677233183005
2025-04-14,ESTC,medium,default,filtered_out,42.95,0.279,39.5,False,-0.0381515846028017,0.1772853457022645,0.0610677233183005
2025-04-14,ESTC,long,default,filtered_out,41.43,0.4532,45.92,False,-0.0381515846028017,0.1772853457022645,0.0610677233183005
2025-05-13,ESTC,short,default,early_watchlist,55.85,0.2876,63.29,False,0.0071657558175968,-0.1104813030059325,-0.2031015814306901
2025-05-13,ESTC,medium,default,early_watchlist,48.76,0.2986,53.71,False,0.0071657558175968,-0.1104813030059325,-0.2031015814306901
2025-05-13,ESTC,long,default,filtered_out,42.42,0.4597,45.12,False,0.0071657558175968,-0.1104813030059325,-0.2031015814306901
2025-06-11,ESTC,short,default,filtered_out,40.39,0.2102,34.5,False,0.0031261529632635,0.013225904753378,0.1097752204378614
2025-06-11,ESTC,medium,default,filtered_out,43.02,0.2812,39.5,False,0.0031261529632635,0.013225904753378,0.1097752204378614
2025-06-11,ESTC,long,default,filtered_out,41.24,0.4533,45.12,False,0.0031261529632635,0.013225904753378,0.1097752204378614
2025-07-11,ESTC,short,default,filtered_out,40.82,0.2125,35.63,False,0.0299039322753822,-0.1158181428222351,-0.0027292718250984
2025-07-11,ESTC,medium,default,filtered_out,43.22,0.3268,41.99,False,0.0299039322753822,-0.1158181428222351,-0.0027292718250984
2025-07-11,ESTC,long,default,filtered_out,42.32,0.4563,48.3,False,0.0299039322753822,-0.1158181428222351,-0.0027292718250984
2025-08-08,ESTC,short,default,filtered_out,42.7,0.1613,38.64,False,0.0369077965528981,0.238759903442238,0.2176889109605346
2025-08-08,ESTC,medium,default,filtered_out,43.35,0.05,43.1,False,0.0369077965528981,0.238759903442238,0.2176889109605346
2025-08-08,ESTC,long,default,filtered_out,43.1,0.4581,47.62,False,0.0369077965528981,0.238759903442238,0.2176889109605346
2025-09-08,ESTC,short,default,early_watchlist,55.15,0.1875,57.84,False,-0.0432286604684795,-0.0894908110847907,-0.2171180959147941
2025-09-08,ESTC,medium,default,early_watchlist,50.16,0.0641,59.13,False,-0.0432286604684795,-0.0894908110847907,-0.2171180959147941
2025-09-08,ESTC,long,default,early_watchlist,48.28,0.4747,58.54,False,-0.0432286604684795,-0.0894908110847907,-0.2171180959147941
2025-10-06,ESTC,short,default,filtered_out,42.71,0.1628,38.43,False,0.0080913885979045,0.0796049782071122,-0.1023322034796901
2025-10-06,ESTC,medium,default,filtered_out,43.23,0.1158,42.2,False,0.0080913885979045,0.0796049782071122,-0.1023322034796901
2025-10-06,ESTC,long,default,filtered_out,43.03,0.238,45.92,False,0.0080913885979045,0.0796049782071122,-0.1023322034796901
2025-11-03,ESTC,short,default,early_watchlist,49.65,0.1723,48.75,False,0.025790766574592,-0.2035710408611116,-0.2733385003215983
2025-11-03,ESTC,medium,default,early_watchlist,52.78,0.05,54.21,False,0.025790766574592,-0.2035710408611116,-0.2733385003215983
2025-11-03,ESTC,long,default,early_watchlist,51.32,0.7637,56.94,False,0.025790766574592,-0.2035710408611116,-0.2733385003215983
2025-12-02,ESTC,short,default,filtered_out,42.96,0.1014,39.12,False,0.0336285667497566,0.0440077527147118,-0.2676446636525666
2025-12-02,ESTC,medium,default,filtered_out,42.75,0.05,39.5,False,0.0336285667497566,0.0440077527147118,-0.2676446636525666
2025-12-02,ESTC,long,default,filtered_out,42.29,0.05,45.12,False,0.0336285667497566,0.0440077527147118,-0.2676446636525666
2025-12-31,ESTC,short,default,filtered_out,41.98,0.1013,35.84,False,0.0402969355401134,-0.126060469624412,-0.3450424410340054
2025-12-31,ESTC,medium,default,filtered_out,43.87,0.05,42.8,False,0.0402969355401134,-0.126060469624412,-0.3450424410340054
2025-12-31,ESTC,long,default,filtered_out,42.35,0.05,45.12,False,0.0402969355401134,-0.126060469624412,-0.3450424410340054
2026-01-30,ESTC,short,default,filtered_out,41.76,0.2291,34.9,False,-0.1032913899858787,-0.1973305335357192,-0.2802972767586287
2026-01-30,ESTC,medium,default,filtered_out,42.97,0.05,40.19,False,-0.1032913899858787,-0.1973305335357192,-0.2802972767586287
2026-01-30,ESTC,long,default,filtered_out,42.54,0.05,45.91,False,-0.1032913899858787,-0.1973305335357192,-0.2802972767586287
2026-03-02,ESTC,short,default,filtered_out,41.57,0.2274,34.5,False,0.0062358624805913,-0.0663265011901106,0.0185185825933886
2026-03-02,ESTC,medium,default,filtered_out,42.7,0.05,39.59,False,0.0062358624805913,-0.0663265011901106,0.0185185825933886
2026-03-02,ESTC,long,default,filtered_out,42.38,0.05,45.61,False,0.0062358624805913,-0.0663265011901106,0.0185185825933886
2026-03-30,ESTC,short,default,filtered_out,41.63,0.2289,34.5,False,0.0082979123391675,-0.0396680649772419,0.0848006201102717
2026-03-30,ESTC,medium,default,filtered_out,42.75,0.05,39.5,False,0.0082979123391675,-0.0396680649772419,0.0848006201102717
2026-03-30,ESTC,long,default,filtered_out,42.29,0.05,45.12,False,0.0082979123391675,-0.0396680649772419,0.0848006201102717
2025-03-17,HUBS,short,default,filtered_out,43.0,0.3414,39.02,False,0.0225753220085869,-0.1394643270487212,-0.0644145603882769
2025-03-17,HUBS,medium,default,early_watchlist,45.24,0.5171,39.5,False,0.0225753220085869,-0.1394643270487212,-0.0644145603882769
2025-03-17,HUBS,long,default,filtered_out,42.19,0.05,48.43,False,0.0225753220085869,-0.1394643270487212,-0.0644145603882769
2025-04-14,HUBS,short,default,filtered_out,43.35,0.3407,40.31,False,0.0270301194776263,0.2742436753076833,-0.0062362158665723
2025-04-14,HUBS,medium,default,early_watchlist,45.2,0.5149,39.72,False,0.0270301194776263,0.2742436753076833,-0.0062362158665723
2025-04-14,HUBS,long,default,filtered_out,41.09,0.05,45.2,False,0.0270301194776263,0.2742436753076833,-0.0062362158665723
2025-05-13,HUBS,short,default,early_watchlist,58.29,0.416,60.86,False,-0.0453558114323795,-0.1467779131612732,-0.3310127220132958
2025-05-13,HUBS,medium,default,early_watchlist,54.16,0.5409,58.62,False,-0.0453558114323795,-0.1467779131612732,-0.3310127220132958
2025-05-13,HUBS,long,default,filtered_out,44.24,0.05,46.09,False,-0.0453558114323795,-0.1467779131612732,-0.3310127220132958
2025-06-11,HUBS,short,default,filtered_out,42.0,0.3555,34.5,False,-0.0507522795471201,-0.0859528691588317,-0.1308297288677865
2025-06-11,HUBS,medium,default,early_watchlist,45.77,0.5654,39.57,False,-0.0507522795471201,-0.0859528691588317,-0.1308297288677865
2025-06-11,HUBS,long,default,filtered_out,41.19,0.05,45.12,False,-0.0507522795471201,-0.0859528691588317,-0.1308297288677865
2025-07-11,HUBS,short,default,filtered_out,42.79,0.3569,36.95,False,0.0346004023451507,-0.1421977521758769,-0.1157419286489306
2025-07-11,HUBS,medium,default,early_watchlist,46.21,0.5661,40.94,False,0.0346004023451507,-0.1421977521758769,-0.1157419286489306
2025-07-11,HUBS,long,default,filtered_out,41.56,0.05,46.28,False,0.0346004023451507,-0.1421977521758769,-0.1157419286489306
2025-08-08,HUBS,short,default,filtered_out,43.28,0.3568,35.44,False,-0.0230143335306901,0.1085341933338648,0.099750923307383
2025-08-08,HUBS,medium,default,early_watchlist,46.74,0.5198,41.07,False,-0.0230143335306901,0.1085341933338648,0.099750923307383
2025-08-08,HUBS,long,default,filtered_out,42.51,0.05,46.32,False,-0.0230143335306901,0.1085341933338648,0.099750923307383
2025-09-08,HUBS,short,default,early_watchlist,49.14,0.3729,48.43,False,0.0192767052989224,-0.070086058064631,-0.2511583891875473
2025-09-08,HUBS,medium,default,early_watchlist,51.03,0.5794,47.64,False,0.0192767052989224,-0.070086058064631,-0.2511583891875473
2025-09-08,HUBS,long,default,filtered_out,43.87,0.05,45.12,False,0.0192767052989224,-0.070086058064631,-0.2511583891875473
2025-10-06,HUBS,short,default,filtered_out,44.64,0.3592,39.7,False,-0.029573527391401,0.0668478407195563,-0.1343644363273132
2025-10-06,HUBS,medium,default,early_watchlist,47.39,0.5209,43.1,False,-0.029573527391401,0.0668478407195563,-0.1343644363273132
2025-10-06,HUBS,long,default,filtered_out,42.93,0.05,47.62,False,-0.029573527391401,0.0668478407195563,-0.1343644363273132
2025-11-03,HUBS,short,default,early_watchlist,47.6,0.3654,48.86,False,-0.2188321068526212,-0.245177691253645,-0.4338630603705438
2025-11-03,HUBS,medium,default,early_watchlist,49.51,0.572,48.14,False,-0.2188321068526212,-0.245177691253645,-0.4338630603705438
2025-11-03,HUBS,long,default,filtered_out,43.85,0.05,50.32,False,-0.2188321068526212,-0.245177691253645,-0.4338630603705438
2025-12-02,HUBS,short,default,filtered_out,44.51,0.3599,39.22,False,0.0334297123751834,0.0749490515370372,-0.2939033511949285
2025-12-02,HUBS,medium,default,early_watchlist,46.75,0.5671,39.5,False,0.0334297123751834,0.0749490515370372,-0.2939033511949285
2025-12-02,HUBS,long,default,filtered_out,42.13,0.05,45.12,False,0.0334297123751834,0.0749490515370372,-0.2939033511949285
2025-12-31,HUBS,short,default,early_watchlist,51.35,0.3696,45.89,False,-0.0782456886409965,-0.3022676089777196,-0.4074009349801418
2025-12-31,HUBS,medium,default,early_watchlist,46.91,0.565,45.12,False,-0.0782456886409965,-0.3022676089777196,-0.4074009349801418
2025-12-31,HUBS,long,default,filtered_out,40.55,0.05,45.12,False,-0.0782456886409965,-0.3022676089777196,-0.4074009349801418
2026-01-30,HUBS,short,default,filtered_out,43.4,0.3557,36.02,False,-0.1693571363176618,-0.0585714067731585,-0.1929642813546317
2026-01-30,HUBS,medium,default,early_watchlist,46.82,0.5178,41.65,False,-0.1693571363176618,-0.0585714067731585,-0.1929642813546317
2026-01-30,HUBS,long,default,filtered_out,42.75,0.05,47.27,False,-0.1693571363176618,-0.0585714067731585,-0.1929642813546317
2026-03-02,HUBS,short,default,early_watchlist,51.97,0.3756,57.56,False,0.088163845585226,-0.0978376629278003,-0.2385432603446888
2026-03-02,HUBS,medium,default,early_watchlist,47.81,0.5243,39.5,False,0.088163845585226,-0.0978376629278003,-0.2385432603446888
2026-03-02,HUBS,long,default,filtered_out,43.74,0.05,45.12,False,0.088163845585226,-0.0978376629278003,-0.2385432603446888
2026-03-30,HUBS,short,default,filtered_out,43.23,0.3554,35.55,False,-0.0428913714854608,-0.0497876307112503,-0.2839661892795665
2026-03-30,HUBS,medium,default,early_watchlist,46.13,0.5166,39.5,False,-0.0428913714854608,-0.0497876307112503,-0.2839661892795665
2026-03-30,HUBS,long,default,filtered_out,42.06,0.05,45.12,False,-0.0428913714854608,-0.0497876307112503,-0.2839661892795665
2025-03-17,TOST,short,default,early_watchlist,46.19,0.687,38.5,False,0.0378983527255314,-0.0060293680198053,0.2411713255694445
2025-03-17,TOST,medium,default,filtered_out,42.78,0.2017,39.5,False,0.0378983527255314,-0.0060293680198053,0.2411713255694445
2025-03-17,TOST,long,default,filtered_out,42.48,0.4576,48.47,False,0.0378983527255314,-0.0060293680198053,0.2411713255694445
2025-04-14,TOST,short,default,early_watchlist,50.72,0.6946,48.54,False,-0.0127093772467955,0.2697862634532266,0.2533218003564572
2025-04-14,TOST,medium,default,filtered_out,44.15,0.2046,39.5,False,-0.0127093772467955,0.2697862634532266,0.2533218003564572
2025-04-14,TOST,long,default,filtered_out,42.99,0.4615,45.53,False,-0.0127093772467955,0.2697862634532266,0.2533218003564572
2025-05-13,TOST,short,default,near_watchlist,65.29,0.751,68.82,False,0.0081892770211344,-0.0166059953921648,-0.0200181362999344
2025-05-13,TOST,medium,default,early_watchlist,49.24,0.2147,61.1,False,0.0081892770211344,-0.0166059953921648,-0.0200181362999344
2025-05-13,TOST,long,default,early_watchlist,45.25,0.4659,58.34,False,0.0081892770211344,-0.0166059953921648,-0.0200181362999344
2025-06-11,TOST,short,default,early_watchlist,45.67,0.6415,45.02,False,-0.0150358019445867,0.0037011299816411,-0.0573675588363893
2025-06-11,TOST,medium,default,early_watchlist,45.26,0.2033,53.9,False,-0.0150358019445867,0.0037011299816411,-0.0573675588363893
2025-06-11,TOST,long,default,early_watchlist,52.55,0.4777,60.15,False,-0.0150358019445867,0.0037011299816411,-0.0573675588363893
2025-07-11,TOST,short,default,filtered_out,41.84,0.6252,36.74,False,0.0721364625983829,-0.0071444471757172,-0.1484212656671614
2025-07-11,TOST,medium,default,early_watchlist,49.52,0.2651,47.87,False,0.0721364625983829,-0.0071444471757172,-0.1484212656671614
2025-07-11,TOST,long,default,early_watchlist,50.7,0.4697,58.89,False,0.0721364625983829,-0.0071444471757172,-0.1484212656671614
2025-08-08,TOST,short,default,early_watchlist,47.47,0.654,40.11,False,0.0016248767838666,-0.0540854626745879,-0.1708449465535079
2025-08-08,TOST,medium,default,early_watchlist,45.98,0.2395,44.9,False,0.0016248767838666,-0.0540854626745879,-0.1708449465535079
2025-08-08,TOST,long,default,filtered_out,44.83,0.4635,52.5,False,0.0016248767838666,-0.0540854626745879,-0.1708449465535079
2025-09-08,TOST,short,default,early_watchlist,46.93,0.6481,38.26,False,-0.0130061050134202,-0.0932515150198907,-0.169815905986388
2025-09-08,TOST,medium,default,early_watchlist,45.57,0.1847,43.49,False,-0.0130061050134202,-0.0932515150198907,-0.169815905986388
2025-09-08,TOST,long,default,filtered_out,44.28,0.4628,50.58,False,-0.0130061050134202,-0.0932515150198907,-0.169815905986388
2025-10-06,TOST,short,default,early_watchlist,45.73,0.6461,34.5,False,-0.0300406112972231,-0.0332882142581715,-0.0389716484891269
2025-10-06,TOST,medium,default,filtered_out,44.3,0.1828,39.5,False,-0.0300406112972231,-0.0332882142581715,-0.0389716484891269
2025-10-06,TOST,long,default,filtered_out,42.79,0.4595,45.92,False,-0.0300406112972231,-0.0332882142581715,-0.0389716484891269
2025-11-03,TOST,short,default,early_watchlist,46.75,0.6478,37.67,False,0.0688689529788384,-0.0529115152592156,-0.1290593631805261
2025-11-03,TOST,medium,default,early_watchlist,45.0,0.1839,41.7,False,0.0688689529788384,-0.0529115152592156,-0.1290593631805261
2025-11-03,TOST,long,default,filtered_out,42.98,0.4599,46.5,False,0.0688689529788384,-0.0529115152592156,-0.1290593631805261
2025-12-02,TOST,short,default,early_watchlist,45.99,0.6443,35.55,False,0.0221696706889187,0.0496599586032637,-0.1850429144962097
2025-12-02,TOST,medium,default,filtered_out,44.23,0.1812,39.5,False,0.0221696706889187,0.0496599586032637,-0.1850429144962097
2025-12-02,TOST,long,default,filtered_out,42.47,0.4582,45.12,False,0.0221696706889187,0.0496599586032637,-0.1850429144962097
2025-12-31,TOST,short,default,early_watchlist,47.35,0.6455,40.29,False,0.0312588190036173,-0.1239086994975577,-0.2661221994443282
2025-12-31,TOST,medium,default,early_watchlist,45.25,0.1816,43.23,False,0.0312588190036173,-0.1239086994975577,-0.2661221994443282
2025-12-31,TOST,long,default,filtered_out,42.3,0.4563,45.12,False,0.0312588190036173,-0.1239086994975577,-0.2661221994443282
2026-01-30,TOST,short,default,early_watchlist,45.81,0.6449,34.69,False,-0.1086467695854229,-0.1137898054026216,-0.0681453165426164
2026-01-30,TOST,medium,default,filtered_out,44.3,0.1814,39.74,False,-0.1086467695854229,-0.1137898054026216,-0.0681453165426164
2026-01-30,TOST,long,default,filtered_out,42.66,0.4586,45.71,False,-0.1086467695854229,-0.1137898054026216,-0.0681453165426164
2026-03-02,TOST,short,default,early_watchlist,48.94,0.6501,44.47,False,0.069640917575142,-0.0547696860934427,-0.1113529100038603
2026-03-02,TOST,medium,default,filtered_out,44.23,0.1812,39.5,False,0.069640917575142,-0.0547696860934427,-0.1113529100038603
2026-03-02,TOST,long,default,filtered_out,42.47,0.4582,45.12,False,0.069640917575142,-0.0547696860934427,-0.1113529100038603
2026-03-30,TOST,short,default,early_watchlist,45.76,0.6448,34.51,False,-0.0034535746136722,0.1124328612901537,-0.0111281279402061
2026-03-30,TOST,medium,default,filtered_out,44.23,0.1812,39.5,False,-0.0034535746136722,0.1124328612901537,-0.0111281279402061
2026-03-30,TOST,long,default,filtered_out,42.47,0.4582,45.12,False,-0.0034535746136722,0.1124328612901537,-0.0111281279402061
2025-03-17,TTD,short,default,filtered_out,43.78,0.5885,35.48,False,0.0502654894263343,-0.1391150550504701,0.2808850043642836
2025-03-17,TTD,medium,default,filtered_out,41.77,0.1173,40.67,False,0.0502654894263343,-0.1391150550504701,0.2808850043642836
2025-03-17,TTD,long,default,filtered_out,41.71,0.4559,46.06,False,0.0502654894263343,-0.1391150550504701,0.2808850043642836
2025-04-14,TTD,short,default,early_watchlist,45.05,0.5908,39.46,False,0.0004111936269457,0.6064967181368466,0.5497532524529665
2025-04-14,TTD,medium,default,filtered_out,41.49,0.1167,39.77,False,0.0004111936269457,0.6064967181368466,0.5497532524529665
2025-04-14,TTD,long,default,filtered_out,41.41,0.4552,45.12,False,0.0004111936269457,0.6064967181368466,0.5497532524529665
2025-05-13,TTD,short,default,early_watchlist,61.47,0.6749,65.7,False,-0.0138213698424697,-0.0738417799863815,-0.3059892505013197
2025-05-13,TTD,medium,default,early_watchlist,50.17,0.1439,57.92,False,-0.0138213698424697,-0.0738417799863815,-0.3059892505013197
2025-05-13,TTD,long,default,filtered_out,44.38,0.4705,45.45,False,-0.0138213698424697,-0.0738417799863815,-0.3059892505013197
2025-06-11,TTD,short,default,early_watchlist,46.38,0.6057,41.7,False,-0.051264321454622,0.0415917423324694,-0.2810557302106196
2025-06-11,TTD,medium,default,early_watchlist,46.15,0.1279,53.9,False,-0.051264321454622,0.0415917423324694,-0.2810557302106196
2025-06-11,TTD,long,default,filtered_out,43.54,0.4612,51.38,False,-0.051264321454622,0.0415917423324694,-0.2810557302106196
2025-07-11,TTD,short,default,early_watchlist,48.23,0.5579,42.72,False,0.0640753781778054,-0.2805783826189066,-0.2950384541538451
2025-07-11,TTD,medium,default,early_watchlist,50.07,0.1291,53.76,False,0.0640753781778054,-0.2805783826189066,-0.2950384541538451
2025-07-11,TTD,long,default,filtered_out,42.22,0.451,57.62,False,0.0640753781778054,-0.2805783826189066,-0.2950384541538451
2025-08-08,TTD,short,default,early_watchlist,47.0,0.4588,46.5,False,-0.0389083648932767,-0.0405679657294854,-0.0942282989763203
2025-08-08,TTD,medium,default,filtered_out,44.83,0.1235,48.5,False,-0.0389083648932767,-0.0405679657294854,-0.0942282989763203
2025-08-08,TTD,long,default,filtered_out,43.93,0.4605,51.28,False,-0.0389083648932767,-0.0405679657294854,-0.0942282989763203
2025-09-08,TTD,short,default,filtered_out,43.73,0.5074,35.26,False,-0.1247356912557136,0.0213338580894459,-0.2321737132379896
2025-09-08,TTD,medium,default,filtered_out,41.95,0.1172,39.5,False,-0.1247356912557136,0.0213338580894459,-0.2321737132379896
2025-09-08,TTD,long,default,filtered_out,41.88,0.4551,45.12,False,-0.1247356912557136,0.0213338580894459,-0.2321737132379896
2025-10-06,TTD,short,default,early_watchlist,52.1,0.5278,53.55,False,-0.0350959331048247,-0.0756492379363248,-0.2856605284066452
2025-10-06,TTD,medium,default,filtered_out,44.98,0.1309,41.1,False,-0.0350959331048247,-0.0756492379363248,-0.2856605284066452
2025-10-06,TTD,long,default,filtered_out,44.4,0.468,45.12,False,-0.0350959331048247,-0.0756492379363248,-0.2856605284066452
2025-11-03,TTD,short,default,filtered_out,44.71,0.5089,38.34,False,-0.1192996892869987,-0.1866856345347533,-0.3825325614162778
2025-11-03,TTD,medium,default,filtered_out,41.88,0.1165,39.5,False,-0.1192996892869987,-0.1866856345347533,-0.3825325614162778
2025-11-03,TTD,long,default,filtered_out,41.88,0.4551,45.12,False,-0.1192996892869987,-0.1866856345347533,-0.3825325614162778
2025-12-02,TTD,short,default,filtered_out,44.28,0.5098,36.78,False,-0.0137671896509891,-0.0498123063945687,-0.3912390680756824
2025-12-02,TTD,medium,default,filtered_out,41.95,0.1172,39.5,False,-0.0137671896509891,-0.0498123063945687,-0.3912390680756824
2025-12-02,TTD,long,default,filtered_out,41.88,0.4551,45.12,False,-0.0137671896509891,-0.0498123063945687,-0.3912390680756824
2025-12-31,TTD,short,default,filtered_out,43.99,0.5093,35.89,False,-0.0173867192658094,-0.201001036480204,-0.4201791159187642
2025-12-31,TTD,medium,default,filtered_out,41.95,0.1172,39.5,False,-0.0173867192658094,-0.201001036480204,-0.4201791159187642
2025-12-31,TTD,long,default,filtered_out,41.94,0.4558,45.12,False,-0.0173867192658094,-0.201001036480204,-0.4201791159187642
2026-01-30,TTD,short,default,filtered_out,43.69,0.5073,35.17,False,-0.1084734261936886,-0.1981536513023329,-0.2340916715901584
2026-01-30,TTD,medium,default,filtered_out,42.12,0.117,40.26,False,-0.1084734261936886,-0.1981536513023329,-0.2340916715901584
2026-01-30,TTD,long,default,filtered_out,41.99,0.4554,45.47,False,-0.1084734261936886,-0.1981536513023329,-0.2340916715901584
2026-03-02,TTD,short,default,filtered_out,43.29,0.4633,35.12,False,0.1743420980396031,-0.0949835318638592,-0.0834703455908718
2026-03-02,TTD,medium,default,filtered_out,41.88,0.1158,39.74,False,0.1743420980396031,-0.0949835318638592,-0.0834703455908718
2026-03-02,TTD,long,default,filtered_out,41.97,0.4547,45.61,False,0.1743420980396031,-0.0949835318638592,-0.0834703455908718
2026-03-30,TTD,short,default,filtered_out,43.09,0.463,34.5,False,-0.0595183758436941,0.0554293185219321,-0.212630634098523
2026-03-30,TTD,medium,default,filtered_out,41.81,0.1157,39.5,False,-0.0595183758436941,0.0554293185219321,-0.212630634098523
2026-03-30,TTD,long,default,filtered_out,41.82,0.4544,45.12,False,-0.0595183758436941,0.0554293185219321,-0.212630634098523
2025-03-17,SHOP,short,default,filtered_out,42.91,0.3933,38.64,False,0.1313800903047366,-0.143078995949841,0.1815923137026427
2025-03-17,SHOP,medium,default,filtered_out,42.88,0.3303,39.5,False,0.1313800903047366,-0.143078995949841,0.1815923137026427
2025-03-17,SHOP,long,default,filtered_out,42.27,0.05,48.88,False,0.1313800903047366,-0.143078995949841,0.1815923137026427
2025-04-14,SHOP,short,default,filtered_out,43.35,0.396,39.51,False,0.0355201469209256,0.3009545085464984,0.3544763218223827
2025-04-14,SHOP,medium,default,filtered_out,43.02,0.3321,39.5,False,0.0355201469209256,0.3009545085464984,0.3544763218223827
2025-04-14,SHOP,long,default,filtered_out,41.88,0.05,46.05,False,0.0355201469209256,0.3009545085464984,0.3544763218223827
2025-05-13,SHOP,short,default,early_watchlist,57.15,0.4242,65.7,False,-0.0116084695064764,0.059899674312428,0.3893945039593425
2025-05-13,SHOP,medium,default,early_watchlist,50.15,0.35,58.05,False,-0.0116084695064764,0.059899674312428,0.3893945039593425
2025-05-13,SHOP,long,default,filtered_out,43.55,0.05,47.55,False,-0.0116084695064764,0.059899674312428,0.3893945039593425
2025-06-11,SHOP,short,default,early_watchlist,59.98,0.6011,62.39,False,-0.0714973821877531,-0.0176990860569385,0.2811706364631856
2025-06-11,SHOP,medium,default,early_watchlist,57.17,0.3573,56.69,False,-0.0714973821877531,-0.0176990860569385,0.2811706364631856
2025-06-11,SHOP,long,default,filtered_out,43.51,0.05,57.62,False,-0.0714973821877531,-0.0176990860569385,0.2811706364631856
2025-07-11,SHOP,short,default,filtered_out,43.92,0.4662,39.09,False,0.1334403621713238,0.3344929069292812,0.4673088850631142
2025-07-11,SHOP,medium,default,early_watchlist,45.86,0.2886,49.01,False,0.1334403621713238,0.3344929069292812,0.4673088850631142
2025-07-11,SHOP,long,default,early_watchlist,45.39,0.05,57.07,False,0.1334403621713238,0.3344929069292812,0.4673088850631142
2025-08-08,SHOP,short,default,near_watchlist,62.9,0.6268,65.7,False,-0.0544081234973621,-0.0226589090021959,0.1559387857487948
2025-08-08,SHOP,medium,default,early_watchlist,59.99,0.3643,62.9,False,-0.0544081234973621,-0.0226589090021959,0.1559387857487948
2025-08-08,SHOP,long,default,early_watchlist,57.0,0.1711,60.84,False,-0.0544081234973621,-0.0226589090021959,0.1559387857487948
2025-09-08,SHOP,short,default,early_watchlist,51.63,0.3794,46.66,False,0.0114211336000786,0.1250170881321852,0.0725618966063126
2025-09-08,SHOP,medium,default,early_watchlist,46.46,0.303,53.9,False,0.0114211336000786,0.1250170881321852,0.0725618966063126
2025-09-08,SHOP,long,default,early_watchlist,52.74,0.05,61.38,False,0.0114211336000786,0.1250170881321852,0.0725618966063126
2025-10-06,SHOP,short,default,early_watchlist,69.26,0.3521,62.12,False,-0.0658966342728913,0.0513070057228344,-0.0214589591446618
2025-10-06,SHOP,medium,default,early_watchlist,69.99,0.3593,64.51,False,-0.0658966342728913,0.0513070057228344,-0.0214589591446618
2025-10-06,SHOP,long,default,early_watchlist,67.42,0.05,62.94,False,-0.0658966342728913,0.0513070057228344,-0.0214589591446618
2025-11-03,SHOP,short,default,early_watchlist,52.78,0.6527,50.4,False,-0.0812998575234634,-0.0931536971373051,-0.2411819482192903
2025-11-03,SHOP,medium,default,early_watchlist,58.73,0.3326,60.38,False,-0.0812998575234634,-0.0931536971373051,-0.2411819482192903
2025-11-03,SHOP,long,default,early_watchlist,56.66,0.0657,63.05,False,-0.0812998575234634,-0.0931536971373051,-0.2411819482192903
2025-12-02,SHOP,short,default,filtered_out,44.92,0.6717,38.7,False,0.0195115572458524,0.0263980063846984,-0.2387936245641301
2025-12-02,SHOP,medium,default,filtered_out,41.53,0.2282,41.65,False,0.0195115572458524,0.0263980063846984,-0.2387936245641301
2025-12-02,SHOP,long,default,early_watchlist,53.89,0.3047,56.63,False,0.0195115572458524,0.0263980063846984,-0.2387936245641301
2025-12-31,SHOP,short,default,early_watchlist,48.32,0.6048,41.59,False,0.0454121730953529,-0.1847549560019451,-0.3056470410917091
2025-12-31,SHOP,medium,default,early_watchlist,46.08,0.3927,44.24,False,0.0454121730953529,-0.1847549560019451,-0.3056470410917091
2025-12-31,SHOP,long,default,early_watchlist,47.69,0.3121,51.33,False,0.0454121730953529,-0.1847549560019451,-0.3056470410917091
2026-01-30,SHOP,short,default,early_watchlist,45.88,0.4949,35.82,False,-0.1461555536098845,-0.090299465517961,-0.0699534631917602
2026-01-30,SHOP,medium,default,early_watchlist,45.21,0.2439,41.87,False,-0.1461555536098845,-0.090299465517961,-0.0699534631917602
2026-01-30,SHOP,long,default,filtered_out,44.41,0.05,48.19,False,-0.1461555536098845,-0.090299465517961,-0.0699534631917602
2026-03-02,SHOP,short,default,early_watchlist,46.02,0.4929,36.56,False,0.1182777941987074,-0.0637460276883502,-0.1070530999608561
2026-03-02,SHOP,medium,default,filtered_out,44.39,0.2415,39.5,False,0.1182777941987074,-0.0637460276883502,-0.1070530999608561
2026-03-02,SHOP,long,default,filtered_out,43.3,0.05,45.12,False,0.1182777941987074,-0.0637460276883502,-0.1070530999608561
2026-03-30,SHOP,short,default,early_watchlist,45.46,0.4943,34.5,False,0.04732934664408,0.0919746507778849,-0.0013419871252512
2026-03-30,SHOP,medium,default,filtered_out,44.45,0.2426,39.5,False,0.04732934664408,0.0919746507778849,-0.0013419871252512
2026-03-30,SHOP,long,default,filtered_out,43.37,0.05,45.12,False,0.04732934664408,0.0919746507778849,-0.0013419871252512
2025-03-17,MELI,short,default,early_watchlist,51.32,0.2715,44.47,False,0.0132212803341655,-0.0329177706228283,0.1331808077366174
2025-03-17,MELI,medium,default,filtered_out,41.04,0.05,51.26,False,0.0132212803341655,-0.0329177706228283,0.1331808077366174
2025-03-17,MELI,long,default,early_watchlist,57.07,0.7593,56.83,False,0.0132212803341655,-0.0329177706228283,0.1331808077366174
2025-04-14,MELI,short,default,early_watchlist,45.45,0.1308,48.93,False,0.0447740355140766,0.2346450494894951,0.1719731566595979
2025-04-14,MELI,medium,default,filtered_out,41.32,0.05,43.32,False,0.0447740355140766,0.2346450494894951,0.1719731566595979
2025-04-14,MELI,long,default,early_watchlist,45.83,0.2748,53.77,False,0.0447740355140766,0.2346450494894951,0.1719731566595979
2025-05-13,MELI,short,default,early_watchlist,60.2,0.3449,65.7,False,0.0254818222446042,-0.0509399596114592,-0.0641799033424022
2025-05-13,MELI,medium,default,early_watchlist,57.27,0.1957,61.18,False,0.0254818222446042,-0.0509399596114592,-0.0641799033424022
2025-05-13,MELI,long,default,early_watchlist,59.74,0.5214,60.0,False,0.0254818222446042,-0.0509399596114592,-0.0641799033424022
2025-06-11,MELI,short,default,filtered_out,41.98,0.329,40.86,False,0.0065982404692082,0.0001885007004085,-0.0167742099130707
2025-06-11,MELI,medium,default,filtered_out,41.49,0.0583,49.67,False,0.0065982404692082,0.0001885007004085,-0.0167742099130707
2025-06-11,MELI,long,default,early_watchlist,55.25,0.3596,61.99,False,0.0065982404692082,0.0001885007004085,-0.0167742099130707
2025-07-11,MELI,short,default,filtered_out,38.85,0.3203,34.58,False,0.0109405925660051,-0.0141364219942846,-0.097689997796297
2025-07-11,MELI,medium,default,filtered_out,38.93,0.0967,45.05,False,0.0109405925660051,-0.0141364219942846,-0.097689997796297
2025-07-11,MELI,long,default,early_watchlist,52.86,0.3515,58.28,False,0.0109405925660051,-0.0141364219942846,-0.097689997796297
2025-08-08,MELI,short,default,filtered_out,43.14,0.335,34.5,False,0.0163997529239152,-0.0028635724069329,-0.015847410290999
2025-08-08,MELI,medium,default,filtered_out,41.45,0.05,39.5,False,0.0163997529239152,-0.0028635724069329,-0.015847410290999
2025-08-08,MELI,long,default,early_watchlist,45.21,0.3338,47.73,False,0.0163997529239152,-0.0028635724069329,-0.015847410290999
2025-09-08,MELI,short,default,filtered_out,44.97,0.322,40.61,False,-0.0047465200785424,-0.0821232545259887,-0.0984465234489264
2025-09-08,MELI,medium,default,filtered_out,42.6,0.05,43.1,False,-0.0047465200785424,-0.0821232545259887,-0.0984465234489264
2025-09-08,MELI,long,default,early_watchlist,45.95,0.3336,50.09,False,-0.0047465200785424,-0.0821232545259887,-0.0984465234489264
2025-10-06,MELI,short,default,filtered_out,42.87,0.2223,35.06,False,0.0100685824573294,0.0752847591454137,-0.0649701343599641
2025-10-06,MELI,medium,default,filtered_out,41.9,0.05,40.67,False,0.0100685824573294,0.0752847591454137,-0.0649701343599641
2025-10-06,MELI,long,default,filtered_out,44.75,0.1606,46.98,False,0.0100685824573294,0.0752847591454137,-0.0649701343599641
2025-11-03,MELI,short,default,early_watchlist,45.96,0.3233,43.07,False,-0.0968571372560674,-0.0865524083434461,-0.0727896176781259
2025-11-03,MELI,medium,default,filtered_out,43.51,0.05,45.5,False,-0.0968571372560674,-0.0865524083434461,-0.0727896176781259
2025-11-03,MELI,long,default,filtered_out,44.16,0.1594,45.12,False,-0.0968571372560674,-0.0865524083434461,-0.0727896176781259
2025-12-02,MELI,short,default,early_watchlist,45.61,0.3227,41.99,False,-0.0195801963984955,-0.0480407515282227,-0.1601721841604834
2025-12-02,MELI,medium,default,filtered_out,41.67,0.05,39.74,False,-0.0195801963984955,-0.0480407515282227,-0.1601721841604834
2025-12-02,MELI,long,default,filtered_out,44.25,0.1596,45.42,False,-0.0195801963984955,-0.0480407515282227,-0.1601721841604834
2025-12-31,MELI,short,default,filtered_out,43.46,0.3192,35.46,False,0.0821840468757366,0.0662923498701699,-0.1961316099601849
2025-12-31,MELI,medium,default,filtered_out,41.52,0.05,39.5,False,0.0821840468757366,0.0662923498701699,-0.1961316099601849
2025-12-31,MELI,long,default,filtered_out,44.01,0.1575,45.12,False,0.0821840468757366,0.0662923498701699,-0.1961316099601849
2026-01-30,MELI,short,default,early_watchlist,51.96,0.2088,41.15,False,-0.0827082775400041,-0.1726379358870423,-0.1656586735002412
2026-01-30,MELI,medium,default,filtered_out,41.22,0.05,47.84,False,-0.0827082775400041,-0.1726379358870423,-0.1656586735002412
2026-01-30,MELI,long,default,filtered_out,41.21,0.147,45.42,False,-0.0827082775400041,-0.1726379358870423,-0.1656586735002412
2026-03-02,MELI,short,default,filtered_out,42.65,0.2146,34.53,False,-0.0042093305958075,-0.0888013780687253,-0.0454867507342079
2026-03-02,MELI,medium,default,filtered_out,41.74,0.05,40.18,False,-0.0042093305958075,-0.0888013780687253,-0.0454867507342079
2026-03-02,MELI,long,default,filtered_out,44.29,0.1579,45.74,False,-0.0042093305958075,-0.0888013780687253,-0.0454867507342079
2026-03-30,MELI,short,default,filtered_out,42.97,0.3053,34.5,False,0.0760252602324733,0.1067132190421853,3.090960328200332e-05
2026-03-30,MELI,medium,default,filtered_out,41.45,0.05,39.5,False,0.0760252602324733,0.1067132190421853,3.090960328200332e-05
2026-03-30,MELI,long,default,filtered_out,44.01,0.1575,45.12,False,0.0760252602324733,0.1067132190421853,3.090960328200332e-05
2025-03-17,SE,short,default,early_watchlist,51.35,0.4268,43.54,False,-0.023823911916845,-0.1048702962660026,0.1643546679136907
2025-03-17,SE,medium,default,filtered_out,42.07,0.05,51.91,False,-0.023823911916845,-0.1048702962660026,0.1643546679136907
2025-03-17,SE,long,default,early_watchlist,51.31,0.0703,61.55,False,-0.023823911916845,-0.1048702962660026,0.1643546679136907
2025-04-14,SE,short,default,filtered_out,44.86,0.2363,43.77,False,-0.0017687754394805,0.2981554832392044,0.2487154915773683
2025-04-14,SE,medium,default,filtered_out,41.92,0.05,42.96,False,-0.0017687754394805,0.2981554832392044,0.2487154915773683
2025-04-14,SE,long,default,early_watchlist,46.07,0.1942,51.68,False,-0.0017687754394805,0.2981554832392044,0.2487154915773683
2025-05-13,SE,short,default,early_watchlist,70.29,0.4226,66.68,False,0.0537208753454092,0.0020112732678458,-0.0423019792766385
2025-05-13,SE,medium,default,early_watchlist,67.13,0.05,62.7,False,0.0537208753454092,0.0020112732678458,-0.0423019792766385
2025-05-13,SE,long,default,early_watchlist,72.14,0.4832,62.36,False,0.0537208753454092,0.0020112732678458,-0.0423019792766385
2025-06-11,SE,short,default,filtered_out,44.61,0.352,42.66,False,0.0080937579658109,-0.0400155907593628,0.2339420118600428
2025-06-11,SE,medium,default,early_watchlist,51.23,0.05,53.28,False,0.0080937579658109,-0.0400155907593628,0.2339420118600428
2025-06-11,SE,long,default,early_watchlist,59.23,0.4628,61.5,False,0.0080937579658109,-0.0400155907593628,0.2339420118600428
2025-07-11,SE,short,default,filtered_out,40.87,0.3102,34.5,False,0.1368542378030801,-0.0043841489313856,0.2781600365651071
2025-07-11,SE,medium,default,filtered_out,41.2,0.05,44.9,False,0.1368542378030801,-0.0043841489313856,0.2781600365651071
2025-07-11,SE,long,default,early_watchlist,56.65,0.3517,58.17,False,0.1368542378030801,-0.0043841489313856,0.2781600365651071
2025-08-08,SE,short,default,early_watchlist,45.69,0.3252,36.05,False,0.2010026288616153,0.2910372368825429,0.0663911863101134
2025-08-08,SE,medium,default,filtered_out,44.68,0.05,40.6,False,0.2010026288616153,0.2910372368825429,0.0663911863101134
2025-08-08,SE,long,default,early_watchlist,49.46,0.3452,48.59,False,0.2010026288616153,0.2910372368825429,0.0663911863101134
2025-09-08,SE,short,default,early_watchlist,58.38,0.3583,50.56,False,-0.0005772189018412,-0.0056147729605652,-0.2767487194531978
2025-09-08,SE,medium,default,early_watchlist,61.29,0.0673,62.9,False,-0.0005772189018412,-0.0056147729605652,-0.2767487194531978
2025-09-08,SE,long,default,early_watchlist,64.86,0.5692,61.38,False,-0.0005772189018412,-0.0056147729605652,-0.2767487194531978
2025-10-06,SE,short,default,early_watchlist,45.1,0.3253,39.78,False,-0.0364115772901549,-0.1693403500680244,-0.3268073894732231
2025-10-06,SE,medium,default,early_watchlist,46.82,0.1018,50.53,False,-0.0364115772901549,-0.1693403500680244,-0.3268073894732231
2025-10-06,SE,long,default,early_watchlist,60.09,0.3264,61.38,False,-0.0364115772901549,-0.1693403500680244,-0.3268073894732231
2025-11-03,SE,short,default,early_watchlist,45.54,0.3285,34.5,False,-0.0149926977666391,-0.1243885482213977,-0.2599581020668625
2025-11-03,SE,medium,default,early_watchlist,45.18,0.05,40.17,False,-0.0149926977666391,-0.1243885482213977,-0.2599581020668625
2025-11-03,SE,long,default,early_watchlist,49.65,0.2309,48.94,False,-0.0149926977666391,-0.1243885482213977,-0.2599581020668625
2025-12-02,SE,short,default,early_watchlist,45.88,0.329,35.57,False,-0.0665312199602626,-0.0744395414635972,-0.2366683763565935
2025-12-02,SE,medium,default,filtered_out,44.97,0.05,39.5,False,-0.0665312199602626,-0.0744395414635972,-0.2366683763565935
2025-12-02,SE,long,default,early_watchlist,48.43,0.2288,45.12,False,-0.0665312199602626,-0.0744395414635972,-0.2366683763565935
2025-12-31,SE,short,default,early_watchlist,46.3,0.3311,36.66,False,0.0515794796378534,-0.0868542906448265,-0.3861409598970866
2025-12-31,SE,medium,default,early_watchlist,45.04,0.05,39.5,False,0.0515794796378534,-0.0868542906448265,-0.3861409598970866
2025-12-31,SE,long,default,early_watchlist,48.52,0.2306,45.12,False,0.0515794796378534,-0.0868542906448265,-0.3861409598970866
2026-01-30,SE,short,default,early_watchlist,45.67,0.3302,34.69,False,-0.0682461764446025,-0.0968323374208349,-0.2631127314614846
2026-01-30,SE,medium,default,early_watchlist,45.09,0.05,39.68,False,-0.0682461764446025,-0.0968323374208349,-0.2631127314614846
2026-01-30,SE,long,default,early_watchlist,48.57,0.2291,45.55,False,-0.0682461764446025,-0.0968323374208349,-0.2631127314614846
2026-03-02,SE,short,default,early_watchlist,46.51,0.3299,37.55,False,-0.1436175339020753,-0.2556791346826361,-0.1116814000783896
2026-03-02,SE,medium,default,early_watchlist,45.37,0.05,40.75,False,-0.1436175339020753,-0.2556791346826361,-0.1116814000783896
2026-03-02,SE,long,default,early_watchlist,48.78,0.2294,46.2,False,-0.1436175339020753,-0.2556791346826361,-0.1116814000783896
2026-03-30,SE,short,default,early_watchlist,45.54,0.3285,34.5,False,0.0389478118611319,0.0961562892868528,0.1366365076136118
2026-03-30,SE,medium,default,filtered_out,44.97,0.05,39.5,False,0.0389478118611319,0.0961562892868528,0.1366365076136118
2026-03-30,SE,long,default,early_watchlist,48.34,0.2271,45.12,False,0.0389478118611319,0.0961562892868528,0.1366365076136118
2025-03-17,ABNB,short,default,filtered_out,40.94,0.252,34.5,False,0.0226879220688676,-0.1080825662267974,0.0876004010029882
2025-03-17,ABNB,medium,default,filtered_out,43.09,0.347,40.9,False,0.0226879220688676,-0.1080825662267974,0.0876004010029882
2025-03-17,ABNB,long,default,filtered_out,44.52,0.2021,45.98,False,0.0226879220688676,-0.1080825662267974,0.0876004010029882
2025-04-14,ABNB,short,default,filtered_out,42.95,0.2534,41.01,False,0.0149267127997276,0.2193075566449855,0.1954602070677762
2025-04-14,ABNB,medium,default,filtered_out,42.55,0.3441,39.5,False,0.0149267127997276,0.2193075566449855,0.1954602070677762
2025-04-14,ABNB,long,default,filtered_out,44.25,0.2015,45.12,False,0.0149267127997276,0.2193075566449855,0.1954602070677762
2025-05-13,ABNB,short,default,early_watchlist,60.72,0.3867,65.78,False,-0.0428829991892559,7.239772991662896e-05,-0.1233611447462735
2025-05-13,ABNB,medium,default,early_watchlist,48.19,0.3604,58.15,False,-0.0428829991892559,7.239772991662896e-05,-0.1233611447462735
2025-05-13,ABNB,long,default,early_watchlist,45.19,0.2057,49.48,False,-0.0428829991892559,7.239772991662896e-05,-0.1233611447462735
2025-06-11,ABNB,short,default,early_watchlist,49.11,0.3503,46.58,False,-0.0426626067927364,-0.019629085202091,-0.0973489428486168
2025-06-11,ABNB,medium,default,early_watchlist,48.99,0.3823,50.29,False,-0.0426626067927364,-0.019629085202091,-0.0973489428486168
2025-06-11,ABNB,long,default,early_watchlist,52.57,0.2151,53.86,False,-0.0426626067927364,-0.019629085202091,-0.0973489428486168
2025-07-11,ABNB,short,default,filtered_out,39.5,0.3654,35.71,False,0.0294790547059411,-0.1058737260010881,-0.1108238415439932
2025-07-11,ABNB,medium,default,filtered_out,42.71,0.4866,46.81,False,0.0294790547059411,-0.1058737260010881,-0.1108238415439932
2025-07-11,ABNB,long,default,early_watchlist,54.15,0.5799,54.08,False,0.0294790547059411,-0.1058737260010881,-0.1108238415439932
2025-08-08,ABNB,short,default,filtered_out,43.39,0.38,34.5,False,0.0337134518610851,0.0297472004906214,0.0477607549910847
2025-08-08,ABNB,medium,default,filtered_out,44.12,0.2363,41.92,False,0.0337134518610851,0.0297472004906214,0.0477607549910847
2025-08-08,ABNB,long,default,filtered_out,44.31,0.0879,45.83,False,0.0337134518610851,0.0297472004906214,0.0477607549910847
2025-09-08,ABNB,short,default,filtered_out,43.67,0.3653,34.82,False,-0.0341036744208912,-0.0342641965844287,-0.0491093132057396
2025-09-08,ABNB,medium,default,filtered_out,44.09,0.2281,41.83,False,-0.0341036744208912,-0.0342641965844287,-0.0491093132057396
2025-09-08,ABNB,long,default,filtered_out,44.26,0.1547,45.82,False,-0.0341036744208912,-0.0342641965844287,-0.0491093132057396
2025-10-06,ABNB,short,default,filtered_out,43.97,0.3658,35.78,False,-0.0123805391164165,0.0535937238007,0.1277108678143195
2025-10-06,ABNB,medium,default,filtered_out,43.48,0.2269,39.91,False,-0.0123805391164165,0.0535937238007,0.1277108678143195
2025-10-06,ABNB,long,default,filtered_out,44.16,0.1543,45.57,False,-0.0123805391164165,0.0535937238007,0.1277108678143195
2025-11-03,ABNB,short,default,early_watchlist,45.31,0.3678,39.96,False,-0.0520505200683757,-0.0654574357413058,0.0202680757379845
2025-11-03,ABNB,medium,default,early_watchlist,45.17,0.2303,45.2,False,-0.0520505200683757,-0.0654574357413058,0.0202680757379845
2025-11-03,ABNB,long,default,filtered_out,44.81,0.0656,47.61,False,-0.0520505200683757,-0.0654574357413058,0.0202680757379845
2025-12-02,ABNB,short,default,filtered_out,44.79,0.3821,38.86,False,0.0581434547649657,0.1453164659974948,0.1245569156695016
2025-12-02,ABNB,medium,default,filtered_out,43.5,0.235,39.97,False,0.0581434547649657,0.1453164659974948,0.1245569156695016
2025-12-02,ABNB,long,default,filtered_out,44.17,0.0636,45.83,False,0.0581434547649657,0.1453164659974948,0.1245569156695016
2025-12-31,ABNB,short,default,early_watchlist,47.94,0.4487,46.03,False,0.0216622635938923,-0.0467875482346148,-0.0929855779035827
2025-12-31,ABNB,medium,default,early_watchlist,56.4,0.2527,59.15,False,0.0216622635938923,-0.0467875482346148,-0.0929855779035827
2025-12-31,ABNB,long,default,early_watchlist,47.79,0.0717,56.94,False,0.0216622635938923,-0.0467875482346148,-0.0929855779035827
2026-01-30,ABNB,short,default,filtered_out,40.72,0.3929,34.5,False,-0.0555769891271835,0.0300687913462835,0.0747468387873548
2026-01-30,ABNB,medium,default,filtered_out,41.14,0.2231,42.98,False,-0.0555769891271835,0.0300687913462835,0.0747468387873548
2026-01-30,ABNB,long,default,early_watchlist,50.28,0.0689,48.71,False,-0.0555769891271835,0.0300687913462835,0.0747468387873548
2026-03-02,ABNB,short,default,filtered_out,44.11,0.3362,50.39,False,0.0057782102971755,-0.0762419064349703,-0.0087047009690579
2026-03-02,ABNB,medium,default,early_watchlist,50.69,0.2365,44.74,False,0.0057782102971755,-0.0762419064349703,-0.0087047009690579
2026-03-02,ABNB,long,default,early_watchlist,51.9,0.3027,54.87,False,0.0057782102971755,-0.0762419064349703,-0.0087047009690579
2026-03-30,ABNB,short,default,filtered_out,43.37,0.4566,34.81,False,0.0151909242060239,0.1294881804191308,0.1525589491590404
2026-03-30,ABNB,medium,default,filtered_out,42.72,0.1792,39.5,False,0.0151909242060239,0.1294881804191308,0.1525589491590404
2026-03-30,ABNB,long,default,filtered_out,43.88,0.1338,45.83,False,0.0151909242060239,0.1294881804191308,0.1525589491590404
2025-03-17,UBER,short,default,filtered_out,41.53,0.2462,34.96,False,0.0519730318276758,0.0050872418549425,0.190430329091972
2025-03-17,UBER,medium,default,filtered_out,42.12,0.4587,46.7,False,0.0519730318276758,0.0050872418549425,0.190430329091972
2025-03-17,UBER,long,default,filtered_out,44.24,0.4635,53.31,False,0.0519730318276758,0.0050872418549425,0.190430329091972
2025-04-14,UBER,short,default,early_watchlist,45.52,0.2539,47.43,False,0.0183311080062409,0.2547196051334242,0.3049247794911851
2025-04-14,UBER,medium,default,filtered_out,41.0,0.4561,43.18,False,0.0183311080062409,0.2547196051334242,0.3049247794911851
2025-04-14,UBER,long,default,filtered_out,43.62,0.4621,51.38,False,0.0183311080062409,0.2547196051334242,0.3049247794911851
2025-05-13,UBER,short,default,near_watchlist,67.9,0.5903,62.0,False,0.0016354287383617,-0.056040114710424,-0.0235499741971417
2025-05-13,UBER,medium,default,early_watchlist,72.11,0.8705,62.19,False,0.0016354287383617,-0.056040114710424,-0.0235499741971417
2025-05-13,UBER,long,default,early_watchlist,72.38,0.8466,61.73,False,0.0016354287383617,-0.056040114710424,-0.0235499741971417
2025-06-11,UBER,short,default,filtered_out,42.53,0.4483,38.45,False,-0.036267028450468,0.101755571405333,0.0898590738595517
2025-06-11,UBER,medium,default,early_watchlist,47.61,0.6337,51.06,False,-0.036267028450468,0.101755571405333,0.0898590738595517
2025-06-11,UBER,long,default,early_watchlist,56.49,0.5204,61.38,False,-0.036267028450468,0.101755571405333,0.0898590738595517
2025-07-11,UBER,short,default,early_watchlist,54.48,0.4592,49.87,False,-0.050319772329076,-0.0611175371460097,0.0493762356076057
2025-07-11,UBER,medium,default,early_watchlist,60.93,0.6692,59.97,False,-0.050319772329076,-0.0611175371460097,0.0493762356076057
2025-07-11,UBER,long,default,early_watchlist,62.43,0.7454,61.38,False,-0.050319772329076,-0.0611175371460097,0.0493762356076057
2025-08-08,UBER,short,default,early_watchlist,45.33,0.4006,38.42,False,0.0339437360249865,0.053595390605247,0.1134435455456805
2025-08-08,UBER,medium,default,early_watchlist,47.75,0.4561,42.53,False,0.0339437360249865,0.053595390605247,0.1134435455456805
2025-08-08,UBER,long,default,early_watchlist,49.37,0.5661,52.97,False,0.0339437360249865,0.053595390605247,0.1134435455456805
2025-09-08,UBER,short,default,early_watchlist,60.81,0.4272,41.4,False,0.0475836989691262,0.0608308375014978,-0.0719584662103368
2025-09-08,UBER,medium,default,early_watchlist,62.75,0.6211,50.02,False,0.0475836989691262,0.0608308375014978,-0.0719584662103368
2025-09-08,UBER,long,default,early_watchlist,66.43,0.7326,57.97,False,0.0475836989691262,0.0608308375014978,-0.0719584662103368
2025-10-06,UBER,short,default,early_watchlist,57.02,0.2993,44.31,False,-0.0601398275208041,-0.003796176415689,-0.1837162804193529
2025-10-06,UBER,medium,default,near_watchlist,63.96,0.6566,52.55,False,-0.0601398275208041,-0.003796176415689,-0.1837162804193529
2025-10-06,UBER,long,default,early_watchlist,67.11,0.7787,56.99,False,-0.0601398275208041,-0.003796176415689,-0.1837162804193529
2025-11-03,UBER,short,default,early_watchlist,46.02,0.4025,48.05,False,-0.0563578286982134,-0.1218411690447955,-0.1972522856814965
2025-11-03,UBER,medium,default,early_watchlist,46.96,0.4925,48.78,False,-0.0563578286982134,-0.1218411690447955,-0.1972522856814965
2025-11-03,UBER,long,default,early_watchlist,59.14,0.697,59.1,False,-0.0563578286982134,-0.1218411690447955,-0.1972522856814965
2025-12-02,UBER,short,default,early_watchlist,48.17,0.4182,39.14,False,0.0171291538794953,-0.0669179014590988,-0.1326938767509077
2025-12-02,UBER,medium,default,early_watchlist,48.24,0.41,39.5,False,0.0171291538794953,-0.0669179014590988,-0.1326938767509077
2025-12-02,UBER,long,default,early_watchlist,47.39,0.3014,45.14,False,0.0171291538794953,-0.0669179014590988,-0.1326938767509077
2025-12-31,UBER,short,default,early_watchlist,47.07,0.4183,35.41,False,0.0719617833716919,-0.0203157025004825,-0.1444131141179468
2025-12-31,UBER,medium,default,early_watchlist,48.67,0.4511,39.5,False,0.0719617833716919,-0.0203157025004825,-0.1444131141179468
2025-12-31,UBER,long,default,early_watchlist,47.39,0.3014,45.12,False,0.0719617833716919,-0.0203157025004825,-0.1444131141179468
2026-01-30,UBER,short,default,early_watchlist,47.39,0.4169,36.72,False,-0.0659588533091937,-0.0512180630507245,-0.07420365040543
2026-01-30,UBER,medium,default,early_watchlist,48.54,0.4105,40.44,False,-0.0659588533091937,-0.0512180630507245,-0.07420365040543
2026-01-30,UBER,long,default,early_watchlist,47.67,0.3019,46.01,False,-0.0659588533091937,-0.0512180630507245,-0.07420365040543
2026-03-02,UBER,short,default,early_watchlist,51.47,0.4265,46.82,False,-0.0277814443072258,-0.0795259187468947,-0.0687293456359962
2026-03-02,UBER,medium,default,early_watchlist,49.12,0.4138,39.62,False,-0.0277814443072258,-0.0795259187468947,-0.0687293456359962
2026-03-02,UBER,long,default,early_watchlist,48.31,0.3055,45.38,False,-0.0277814443072258,-0.0795259187468947,-0.0687293456359962
2026-03-30,UBER,short,default,early_watchlist,46.51,0.3778,34.76,False,0.0260334658773682,0.0600771953688017,0.0334715522144777
2026-03-30,UBER,medium,default,early_watchlist,48.24,0.41,39.5,False,0.0260334658773682,0.0600771953688017,0.0334715522144777
2026-03-30,UBER,long,default,early_watchlist,47.39,0.3014,45.12,False,0.0260334658773682,0.0600771953688017,0.0334715522144777
2025-03-17,DASH,short,default,filtered_out,41.92,0.4646,41.25,False,0.0480353686288266,-0.042188952286347,0.1471610784345636
2025-03-17,DASH,medium,default,filtered_out,42.04,0.354,46.04,False,0.0480353686288266,-0.042188952286347,0.1471610784345636
2025-03-17,DASH,long,default,early_watchlist,53.74,0.3924,56.63,False,0.0480353686288266,-0.042188952286347,0.1471610784345636
2025-04-14,DASH,short,default,early_watchlist,47.65,0.484,43.85,False,-0.0288149866224434,0.087709631085538,0.3221885860401845
2025-04-14,DASH,medium,default,filtered_out,44.42,0.2853,41.11,False,-0.0288149866224434,0.087709631085538,0.3221885860401845
2025-04-14,DASH,long,default,early_watchlist,48.69,0.4101,50.34,False,-0.0288149866224434,0.087709631085538,0.3221885860401845
2025-05-13,DASH,short,default,early_watchlist,54.68,0.4961,51.29,False,0.03731036152761,0.1011122330203739,0.310363996170337
2025-05-13,DASH,medium,default,early_watchlist,47.84,0.2919,52.02,False,0.03731036152761,0.1011122330203739,0.310363996170337
2025-05-13,DASH,long,default,early_watchlist,51.06,0.6803,50.34,False,0.03731036152761,0.1011122330203739,0.310363996170337
2025-06-11,DASH,short,default,early_watchlist,46.1,0.4781,47.02,False,0.012763997889551,0.1039485724169999,0.1505968897712239
2025-06-11,DASH,medium,default,early_watchlist,54.69,0.304,60.89,False,0.012763997889551,0.1039485724169999,0.1505968897712239
2025-06-11,DASH,long,default,near_watchlist,62.12,0.7157,60.69,False,0.012763997889551,0.1039485724169999,0.1505968897712239
2025-07-11,DASH,short,default,early_watchlist,53.86,0.6154,45.85,False,-0.00528200074682,0.0779820321477882,0.1717683720413092
2025-07-11,DASH,medium,default,early_watchlist,56.74,0.495,61.7,False,-0.00528200074682,0.0779820321477882,0.1717683720413092
2025-07-11,DASH,long,default,near_watchlist,62.74,0.7596,61.0,False,-0.00528200074682,0.0779820321477882,0.1717683720413092
2025-08-08,DASH,short,default,near_watchlist,59.81,0.6953,49.78,False,-0.043172970932534,-0.0331416962729205,-0.0661290915089334
2025-08-08,DASH,medium,default,early_watchlist,61.85,0.497,61.8,False,-0.043172970932534,-0.0331416962729205,-0.0661290915089334
2025-08-08,DASH,long,default,near_watchlist,67.98,0.8521,62.44,False,-0.043172970932534,-0.0331416962729205,-0.0661290915089334
2025-09-08,DASH,short,default,early_watchlist,47.71,0.651,38.77,False,0.0298882284595041,0.1242617053967523,-0.1341580588872336
2025-09-08,DASH,medium,default,early_watchlist,47.66,0.457,46.47,False,0.0298882284595041,0.1242617053967523,-0.1341580588872336
2025-09-08,DASH,long,default,early_watchlist,62.15,0.4515,61.38,False,0.0298882284595041,0.1242617053967523,-0.1341580588872336
2025-10-06,DASH,short,default,early_watchlist,68.82,0.5219,53.91,False,-0.029175841221067,-0.1408745245912719,-0.1961382708250469
2025-10-06,DASH,medium,default,early_watchlist,71.79,0.5202,62.38,False,-0.029175841221067,-0.1408745245912719,-0.1961382708250469
2025-10-06,DASH,long,default,near_watchlist,73.72,0.4885,62.11,False,-0.029175841221067,-0.1408745245912719,-0.1961382708250469
2025-11-03,DASH,short,default,early_watchlist,49.51,0.5337,36.65,False,-0.1568684186820025,-0.1035736707628052,-0.1546375024278211
2025-11-03,DASH,medium,default,early_watchlist,49.66,0.4341,43.94,False,-0.1568684186820025,-0.1035736707628052,-0.1546375024278211
2025-11-03,DASH,long,default,early_watchlist,56.12,0.689,50.48,False,-0.1568684186820025,-0.1035736707628052,-0.1546375024278211
2025-12-02,DASH,short,default,early_watchlist,55.81,0.541,55.86,False,0.0599594894543256,0.0437828379899551,-0.1869757252478393
2025-12-02,DASH,medium,default,early_watchlist,48.73,0.4344,40.54,False,0.0599594894543256,0.0437828379899551,-0.1869757252478393
2025-12-02,DASH,long,default,early_watchlist,54.94,0.6604,46.58,False,0.0599594894543256,0.0437828379899551,-0.1869757252478393
2025-12-31,DASH,short,default,early_watchlist,51.06,0.5215,41.7,False,-0.0105086085699446,-0.0965206685920715,-0.3464765219931585
2025-12-31,DASH,medium,default,early_watchlist,49.68,0.4362,43.7,False,-0.0105086085699446,-0.0965206685920715,-0.3464765219931585
2025-12-31,DASH,long,default,early_watchlist,54.4,0.6592,45.12,False,-0.0105086085699446,-0.0965206685920715,-0.3464765219931585
2026-01-30,DASH,short,default,early_watchlist,47.99,0.596,34.58,False,-0.1082494107372004,-0.1378652728386687,-0.1595640439624948
2026-01-30,DASH,medium,default,early_watchlist,48.34,0.4341,39.5,False,-0.1082494107372004,-0.1378652728386687,-0.1595640439624948
2026-01-30,DASH,long,default,early_watchlist,54.44,0.6593,45.24,False,-0.1082494107372004,-0.1378652728386687,-0.1595640439624948
2026-03-02,DASH,short,default,early_watchlist,50.3,0.5998,41.64,False,0.001020308780935,-0.1609886546438148,-0.1067399888904323
2026-03-02,DASH,medium,default,early_watchlist,48.39,0.4339,39.5,False,0.001020308780935,-0.1609886546438148,-0.1067399888904323
2026-03-02,DASH,long,default,early_watchlist,54.48,0.6598,45.12,False,0.001020308780935,-0.1609886546438148,-0.1067399888904323
2026-03-30,DASH,short,default,early_watchlist,48.28,0.5944,35.8,False,0.0533072068270634,0.1618810053584629,0.1952571463269574
2026-03-30,DASH,medium,default,early_watchlist,48.69,0.4326,40.91,False,0.0533072068270634,0.1618810053584629,0.1952571463269574
2026-03-30,DASH,long,default,early_watchlist,54.35,0.6582,45.19,False,0.0533072068270634,0.1618810053584629,0.1952571463269574
2025-03-17,DKNG,short,default,filtered_out,43.66,0.4668,38.5,False,0.0462174267153112,-0.1161890021478725,-0.0219467721189653
2025-03-17,DKNG,medium,default,early_watchlist,45.95,0.54,41.44,False,0.0462174267153112,-0.1161890021478725,-0.0219467721189653
2025-03-17,DKNG,long,default,filtered_out,41.64,0.05,46.52,False,0.0462174267153112,-0.1161890021478725,-0.0219467721189653
2025-04-14,DKNG,short,default,filtered_out,43.69,0.4669,38.6,False,-0.0222026973910836,0.1007888054068626,0.2556237252998905
2025-04-14,DKNG,medium,default,early_watchlist,45.33,0.5388,39.5,False,-0.0222026973910836,0.1007888054068626,0.2556237252998905
2025-04-14,DKNG,long,default,filtered_out,41.2,0.05,45.12,False,-0.0222026973910836,0.1007888054068626,0.2556237252998905
2025-05-13,DKNG,short,default,early_watchlist,57.2,0.5012,61.61,False,-0.0427282536441596,0.0053078758311999,0.1380042654146469
2025-05-13,DKNG,medium,default,early_watchlist,50.72,0.5556,52.22,False,-0.0427282536441596,0.0053078758311999,0.1380042654146469
2025-05-13,DKNG,long,default,filtered_out,42.47,0.05,45.19,False,-0.0427282536441596,0.0053078758311999,0.1380042654146469
2025-06-11,DKNG,short,default,early_watchlist,53.61,0.3103,51.13,False,0.0454064772309004,0.1346356475795858,0.2228088275798174
2025-06-11,DKNG,medium,default,early_watchlist,49.92,0.5557,47.99,False,0.0454064772309004,0.1346356475795858,0.2228088275798174
2025-06-11,DKNG,long,default,filtered_out,43.01,0.05,45.12,False,0.0454064772309004,0.1346356475795858,0.2228088275798174
2025-07-11,DKNG,short,default,early_watchlist,55.62,0.3434,52.47,False,0.0172173496125702,-0.0023266280871601,-0.1861330871383193
2025-07-11,DKNG,medium,default,early_watchlist,60.97,0.4794,62.9,False,0.0172173496125702,-0.0023266280871601,-0.1861330871383193
2025-07-11,DKNG,long,default,early_watchlist,48.13,0.05,57.62,False,0.0172173496125702,-0.0023266280871601,-0.1861330871383193
2025-08-08,DKNG,short,default,filtered_out,43.25,0.3926,40.02,False,0.048040986643667,0.0802238465723104,-0.2870802487559755
2025-08-08,DKNG,medium,default,early_watchlist,46.44,0.3731,50.95,False,0.048040986643667,0.0802238465723104,-0.2870802487559755
2025-08-08,DKNG,long,default,early_watchlist,53.38,0.05,60.24,False,0.048040986643667,0.0802238465723104,-0.2870802487559755
2025-09-08,DKNG,short,default,filtered_out,43.9,0.4266,40.37,False,-0.0753453775207926,-0.2448186577569218,-0.2743954915416994
2025-09-08,DKNG,medium,default,early_watchlist,55.61,0.4438,54.38,False,-0.0753453775207926,-0.2448186577569218,-0.2743954915416994
2025-09-08,DKNG,long,default,early_watchlist,53.78,0.05,61.38,False,-0.0753453775207926,-0.2448186577569218,-0.2743954915416994
2025-10-06,DKNG,short,default,filtered_out,43.76,0.399,34.5,False,-0.0400228053031054,-0.1260720384540683,-0.0148656507881254
2025-10-06,DKNG,medium,default,filtered_out,44.86,0.2992,40.37,False,-0.0400228053031054,-0.1260720384540683,-0.0148656507881254
2025-10-06,DKNG,long,default,filtered_out,43.85,0.05,49.09,False,-0.0400228053031054,-0.1260720384540683,-0.0148656507881254
2025-11-03,DKNG,short,default,filtered_out,43.76,0.399,34.5,False,-0.0009813143472799,0.099443930188918,-0.100098118956163
2025-11-03,DKNG,medium,default,filtered_out,44.58,0.2987,39.5,False,-0.0009813143472799,0.099443930188918,-0.100098118956163
2025-11-03,DKNG,long,default,filtered_out,42.58,0.05,45.12,False,-0.0009813143472799,0.099443930188918,-0.100098118956163
2025-12-02,DKNG,short,default,early_watchlist,53.96,0.4227,58.5,False,0.0395714963464712,0.0252900463756404,-0.2912823783916302
2025-12-02,DKNG,medium,default,early_watchlist,49.81,0.3147,47.98,False,0.0395714963464712,0.0252900463756404,-0.2912823783916302
2025-12-02,DKNG,long,default,early_watchlist,45.1,0.05,45.12,False,0.0395714963464712,0.0252900463756404,-0.2912823783916302
2025-12-31,DKNG,short,default,early_watchlist,47.85,0.4096,41.7,False,0.0441091264697266,-0.2016830830016598,-0.3926291102367836
2025-12-31,DKNG,medium,default,early_watchlist,48.73,0.3118,46.92,False,0.0441091264697266,-0.2016830830016598,-0.3926291102367836
2025-12-31,DKNG,long,default,filtered_out,44.33,0.05,45.12,False,0.0441091264697266,-0.2016830830016598,-0.3926291102367836
2026-01-30,DKNG,short,default,early_watchlist,45.03,0.4372,37.03,False,-0.0323518495908282,-0.1341330608272263,-0.14940023904604
2026-01-30,DKNG,medium,default,early_watchlist,46.48,0.3019,45.43,False,-0.0323518495908282,-0.1341330608272263,-0.14940023904604
2026-01-30,DKNG,long,default,filtered_out,43.38,0.05,47.62,False,-0.0323518495908282,-0.1341330608272263,-0.14940023904604
2026-03-02,DKNG,short,default,early_watchlist,47.17,0.4406,43.72,False,0.0562552548176167,-0.121326592219747,0.0524769108318505
2026-03-02,DKNG,medium,default,filtered_out,44.58,0.2987,39.5,False,0.0562552548176167,-0.121326592219747,0.0524769108318505
2026-03-02,DKNG,long,default,filtered_out,42.58,0.05,45.12,False,0.0562552548176167,-0.121326592219747,0.0524769108318505
2026-03-30,DKNG,short,default,filtered_out,44.39,0.4362,35.04,False,0.0965122039326558,0.1180123878327745,0.103678931899362
2026-03-30,DKNG,medium,default,filtered_out,44.58,0.2987,39.5,False,0.0965122039326558,0.1180123878327745,0.103678931899362
2026-03-30,DKNG,long,default,filtered_out,42.58,0.05,45.12,False,0.0965122039326558,0.1180123878327745,0.103678931899362
2025-03-17,ROKU,short,default,filtered_out,39.36,0.0599,34.5,False,0.1662598934294648,-0.1457286619312938,0.155491767319355
2025-03-17,ROKU,medium,default,filtered_out,43.43,0.4081,39.76,False,0.1662598934294648,-0.1457286619312938,0.155491767319355
2025-03-17,ROKU,long,default,filtered_out,41.73,0.209,46.01,False,0.1662598934294648,-0.1457286619312938,0.155491767319355
2025-04-14,ROKU,short,default,filtered_out,40.69,0.0625,38.65,False,-0.0045378228195575,0.2000000256450236,0.4956302161978072
2025-04-14,ROKU,medium,default,filtered_out,43.35,0.4079,39.5,False,-0.0045378228195575,0.2000000256450236,0.4956302161978072
2025-04-14,ROKU,long,default,filtered_out,41.44,0.05,45.12,False,-0.0045378228195575,0.2000000256450236,0.4956302161978072
2025-05-13,ROKU,short,default,early_watchlist,53.46,0.0912,61.69,False,0.0001400859386093,0.1271708912746121,0.1654061247367511
2025-05-13,ROKU,medium,default,early_watchlist,49.22,0.4251,54.02,False,0.0001400859386093,0.1271708912746121,0.1654061247367511
2025-05-13,ROKU,long,default,filtered_out,42.62,0.05,45.12,False,0.0001400859386093,0.1271708912746121,0.1654061247367511
2025-06-11,ROKU,short,default,early_watchlist,56.38,0.3134,62.5,False,0.0118041365384751,0.1057404839944353,0.2349651496514966
2025-06-11,ROKU,medium,default,early_watchlist,50.44,0.4295,57.5,False,0.0118041365384751,0.1057404839944353,0.2349651496514966
2025-06-11,ROKU,long,default,early_watchlist,46.52,0.05,57.11,False,0.0118041365384751,0.1057404839944353,0.2349651496514966
2025-07-11,ROKU,short,default,early_watchlist,51.27,0.1031,48.83,False,0.0483200714123004,-0.0649511059450208,0.1781098871177082
2025-07-11,ROKU,medium,default,early_watchlist,57.99,0.4449,61.83,False,0.0483200714123004,-0.0649511059450208,0.1781098871177082
2025-07-11,ROKU,long,default,early_watchlist,53.72,0.05,57.95,False,0.0483200714123004,-0.0649511059450208,0.1781098871177082
2025-08-08,ROKU,short,default,filtered_out,39.48,0.05,38.54,False,0.0850859501136065,0.1944477885253941,0.3054921097059451
2025-08-08,ROKU,medium,default,filtered_out,42.86,0.4017,44.9,False,0.0850859501136065,0.1944477885253941,0.3054921097059451
2025-08-08,ROKU,long,default,early_watchlist,51.95,0.05,59.31,False,0.0850859501136065,0.1944477885253941,0.3054921097059451
2025-09-08,ROKU,short,default,early_watchlist,54.97,0.1143,55.37,False,-0.0550357304989864,0.0548344600232466,-0.0113693254890557
2025-09-08,ROKU,medium,default,early_watchlist,59.92,0.5,64.06,False,-0.0550357304989864,0.0548344600232466,-0.0113693254890557
2025-09-08,ROKU,long,default,early_watchlist,55.98,0.05,61.45,False,-0.0550357304989864,0.0548344600232466,-0.0113693254890557
2025-10-06,ROKU,short,default,early_watchlist,52.76,0.05,49.43,False,-0.1050171202920652,0.0361503342990634,0.034814971894078
2025-10-06,ROKU,medium,default,early_watchlist,57.13,0.4197,57.36,False,-0.1050171202920652,0.0361503342990634,0.034814971894078
2025-10-06,ROKU,long,default,early_watchlist,57.28,0.3418,61.38,False,-0.1050171202920652,0.0361503342990634,0.034814971894078
2025-11-03,ROKU,short,default,early_watchlist,49.92,0.1241,57.49,False,-0.0334161589358206,-0.0954616163065512,-0.1236306788616181
2025-11-03,ROKU,medium,default,early_watchlist,57.18,0.4085,57.98,False,-0.0334161589358206,-0.0954616163065512,-0.1236306788616181
2025-11-03,ROKU,long,default,early_watchlist,56.11,0.05,62.97,False,-0.0334161589358206,-0.0954616163065512,-0.1236306788616181
2025-12-02,ROKU,short,default,filtered_out,43.24,0.1091,40.11,False,0.0742926446535423,0.1041114950654682,-0.0017301627787891
2025-12-02,ROKU,medium,default,filtered_out,44.59,0.2673,40.45,False,0.0742926446535423,0.1041114950654682,-0.0017301627787891
2025-12-02,ROKU,long,default,early_watchlist,45.13,0.1545,49.23,False,0.0742926446535423,0.1041114950654682,-0.0017301627787891
2025-12-31,ROKU,short,default,filtered_out,42.81,0.063,43.66,False,0.003410477959882,-0.122499780414924,-0.1867452751937218
2025-12-31,ROKU,medium,default,early_watchlist,56.11,0.3733,56.23,False,0.003410477959882,-0.122499780414924,-0.1867452751937218
2025-12-31,ROKU,long,default,early_watchlist,56.05,0.4488,55.63,False,0.003410477959882,-0.122499780414924,-0.1867452751937218
2026-01-30,ROKU,short,default,filtered_out,42.63,0.0914,38.0,False,-0.0982142728345301,0.0303571374190239,0.1794117896909246
2026-01-30,ROKU,medium,default,early_watchlist,45.61,0.2357,43.66,False,-0.0982142728345301,0.0303571374190239,0.1794117896909246
2026-01-30,ROKU,long,default,filtered_out,44.55,0.1947,49.0,False,-0.0982142728345301,0.0303571374190239,0.1794117896909246
2026-03-02,ROKU,short,default,early_watchlist,50.34,0.1094,56.84,False,0.0212050352605754,-0.1005198628715645,0.3447854887028334
2026-03-02,ROKU,medium,default,early_watchlist,46.67,0.2057,41.78,False,0.0212050352605754,-0.1005198628715645,0.3447854887028334
2026-03-02,ROKU,long,default,filtered_out,44.89,0.05,45.12,False,0.0212050352605754,-0.1005198628715645,0.3447854887028334
2026-03-30,ROKU,short,default,filtered_out,42.12,0.0911,36.19,False,0.1167402814289233,0.2725829593938613,0.5270315153734066
2026-03-30,ROKU,medium,default,filtered_out,44.26,0.197,39.5,False,0.1167402814289233,0.2725829593938613,0.5270315153734066
2026-03-30,ROKU,long,default,filtered_out,43.21,0.05,45.12,False,0.1167402814289233,0.2725829593938613,0.5270315153734066
2025-03-17,SPOT,short,default,early_watchlist,49.87,0.4817,50.12,False,0.0121347031322069,-0.0808255570022224,0.1869246285417445
2025-03-17,SPOT,medium,default,early_watchlist,52.04,0.6919,51.98,False,0.0121347031322069,-0.0808255570022224,0.1869246285417445
2025-03-17,SPOT,long,default,early_watchlist,56.2,0.2331,61.39,False,0.0121347031322069,-0.0808255570022224,0.1869246285417445
2025-04-14,SPOT,short,default,filtered_out,42.2,0.4582,40.32,False,0.0750587851139432,0.1291039689357196,0.2913124287240565
2025-04-14,SPOT,medium,default,early_watchlist,45.24,0.6684,44.9,False,0.0750587851139432,0.1291039689357196,0.2913124287240565
2025-04-14,SPOT,long,default,early_watchlist,51.3,0.2529,57.23,False,0.0750587851139432,0.1291039689357196,0.2913124287240565
2025-05-13,SPOT,short,default,early_watchlist,46.96,0.5031,43.83,False,0.0621542367347436,0.1436450824457411,0.138403738788394
2025-05-13,SPOT,medium,default,early_watchlist,51.85,0.6883,54.9,False,0.0621542367347436,0.1436450824457411,0.138403738788394
2025-05-13,SPOT,long,default,early_watchlist,48.92,0.5307,55.04,False,0.0621542367347436,0.1436450824457411,0.138403738788394
2025-06-11,SPOT,short,default,near_watchlist,57.83,0.6371,48.94,False,0.0014806494786354,1.411535862905211e-05,0.0128888716750368
2025-06-11,SPOT,medium,default,near_watchlist,63.54,0.7265,62.9,False,0.0014806494786354,1.411535862905211e-05,0.0128888716750368
2025-06-11,SPOT,long,default,early_watchlist,63.36,0.6378,61.38,False,0.0014806494786354,1.411535862905211e-05,0.0128888716750368
2025-07-11,SPOT,short,default,filtered_out,44.51,0.5486,38.81,False,-0.0192766600503291,-0.0045970664223252,-0.0407107017179353
2025-07-11,SPOT,medium,default,early_watchlist,53.88,0.5983,48.03,False,-0.0192766600503291,-0.0045970664223252,-0.0407107017179353
2025-07-11,SPOT,long,default,early_watchlist,58.33,0.5236,61.38,False,-0.0192766600503291,-0.0045970664223252,-0.0407107017179353
2025-08-08,SPOT,short,default,early_watchlist,49.48,0.4874,51.33,False,0.0381362285221777,0.0175523302374638,-0.0875490324420408
2025-08-08,SPOT,medium,default,early_watchlist,46.36,0.5535,42.57,False,0.0381362285221777,0.0175523302374638,-0.0875490324420408
2025-08-08,SPOT,long,default,early_watchlist,59.22,0.5667,59.14,False,0.0381362285221777,0.0175523302374638,-0.0875490324420408
2025-09-08,SPOT,short,default,early_watchlist,54.36,0.5061,46.91,False,-0.0211338935955065,-0.0529041577797982,-0.1969845262272376
2025-09-08,SPOT,medium,default,early_watchlist,46.94,0.6065,43.5,False,-0.0211338935955065,-0.0529041577797982,-0.1969845262272376
2025-09-08,SPOT,long,default,early_watchlist,57.7,0.5723,52.77,False,-0.0211338935955065,-0.0529041577797982,-0.1969845262272376
2025-10-06,SPOT,short,default,early_watchlist,47.08,0.4237,35.34,False,0.0172869233609924,-0.0531986841930544,-0.1463662066151383
2025-10-06,SPOT,medium,default,early_watchlist,48.5,0.5425,39.5,False,0.0172869233609924,-0.0531986841930544,-0.1463662066151383
2025-10-06,SPOT,long,default,early_watchlist,50.1,0.5288,47.34,False,0.0172869233609924,-0.0531986841930544,-0.1463662066151383
2025-11-03,SPOT,short,default,early_watchlist,48.33,0.424,39.3,False,-0.0328526033588713,-0.1044885746122985,-0.2231675926635762
2025-11-03,SPOT,medium,default,early_watchlist,49.54,0.5413,43.1,False,-0.0328526033588713,-0.1044885746122985,-0.2231675926635762
2025-11-03,SPOT,long,default,early_watchlist,48.57,0.3824,47.64,False,-0.0328526033588713,-0.1044885746122985,-0.2231675926635762
2025-12-02,SPOT,short,default,early_watchlist,46.79,0.4219,34.5,False,0.0223304935478645,0.0067963107797386,-0.1205117666672628
2025-12-02,SPOT,medium,default,early_watchlist,48.39,0.5395,39.5,False,0.0223304935478645,0.0067963107797386,-0.1205117666672628
2025-12-02,SPOT,long,default,early_watchlist,47.18,0.2599,45.12,False,0.0223304935478645,0.0067963107797386,-0.1205117666672628
2025-12-31,SPOT,short,default,early_watchlist,46.98,0.4292,35.01,False,-0.0465465176665191,-0.1383823471758931,-0.1820358147317006
2025-12-31,SPOT,medium,default,early_watchlist,48.49,0.5398,40.01,False,-0.0465465176665191,-0.1383823471758931,-0.1820358147317006
2025-12-31,SPOT,long,default,early_watchlist,47.04,0.258,45.12,False,-0.0465465176665191,-0.1383823471758931,-0.1820358147317006
2026-01-30,SPOT,short,default,early_watchlist,46.82,0.422,34.5,False,-0.1553712797114861,0.0138502899795058,-0.1322074409704291
2026-01-30,SPOT,medium,default,early_watchlist,48.39,0.5395,39.5,False,-0.1553712797114861,0.0138502899795058,-0.1322074409704291
2026-01-30,SPOT,long,default,early_watchlist,47.18,0.2599,45.12,False,-0.1553712797114861,0.0138502899795058,-0.1322074409704291
2026-03-02,SPOT,short,default,early_watchlist,52.93,0.3617,52.85,False,0.0741208133456772,-0.0636334940407161,0.0109407394809617
2026-03-02,SPOT,medium,default,early_watchlist,49.46,0.5417,40.54,False,0.0741208133456772,-0.0636334940407161,0.0109407394809617
2026-03-02,SPOT,long,default,early_watchlist,47.95,0.2621,45.12,False,0.0741208133456772,-0.0636334940407161,0.0109407394809617
2026-03-30,SPOT,short,default,early_watchlist,46.36,0.326,35.13,False,0.017221037212171,-0.0858947111430921,-0.0711368600945723
2026-03-30,SPOT,medium,default,early_watchlist,48.29,0.5375,39.5,False,0.017221037212171,-0.0858947111430921,-0.0711368600945723
2026-03-30,SPOT,long,default,early_watchlist,47.11,0.2582,45.12,False,0.017221037212171,-0.0858947111430921,-0.0711368600945723
2025-03-17,LRCX,short,semiconductor,filtered_out,40.04,0.05,40.6,False,-0.0040863582866776,-0.1334439685041349,0.1614096300917189
2025-03-17,LRCX,medium,semiconductor,filtered_out,43.42,0.2053,41.98,False,-0.0040863582866776,-0.1334439685041349,0.1614096300917189
2025-03-17,LRCX,long,semiconductor,early_watchlist,47.55,0.7023,46.89,False,-0.0040863582866776,-0.1334439685041349,0.1614096300917189
2025-04-14,LRCX,short,semiconductor,filtered_out,40.79,0.05,43.6,False,-0.0645446649305716,0.2562628957638089,0.5028461062641538
2025-04-14,LRCX,medium,semiconductor,filtered_out,42.41,0.2001,39.5,False,-0.0645446649305716,0.2562628957638089,0.5028461062641538
2025-04-14,LRCX,long,semiconductor,filtered_out,41.2,0.05,45.12,False,-0.0645446649305716,0.2562628957638089,0.5028461062641538
2025-05-13,LRCX,short,semiconductor,early_watchlist,54.23,0.05,66.13,False,-0.0112610019987723,0.0668619851104268,0.1965182244088392
2025-05-13,LRCX,medium,semiconductor,early_watchlist,49.43,0.2216,57.5,False,-0.0112610019987723,0.0668619851104268,0.1965182244088392
2025-05-13,LRCX,long,semiconductor,early_watchlist,45.0,0.05,53.11,False,-0.0112610019987723,0.0668619851104268,0.1965182244088392
2025-06-11,LRCX,short,semiconductor,early_watchlist,54.62,0.4934,57.84,False,0.0167074019216713,0.1213101080369316,0.1581249752662701
2025-06-11,LRCX,medium,semiconductor,early_watchlist,55.29,0.2311,58.85,False,0.0167074019216713,0.1213101080369316,0.1581249752662701
2025-06-11,LRCX,long,semiconductor,early_watchlist,53.87,0.05,59.78,False,0.0167074019216713,0.1213101080369316,0.1581249752662701
2025-07-11,LRCX,short,semiconductor,early_watchlist,55.09,0.5415,51.9,False,-0.010518029248228,0.0001965225611821,0.4690310306560112
2025-07-11,LRCX,medium,semiconductor,early_watchlist,60.81,0.6518,62.9,False,-0.010518029248228,0.0001965225611821,0.4690310306560112
2025-07-11,LRCX,long,semiconductor,early_watchlist,57.7,0.3111,60.66,False,-0.010518029248228,0.0001965225611821,0.4690310306560112
2025-08-08,LRCX,short,semiconductor,filtered_out,43.62,0.4133,43.82,False,-0.0220146465739337,0.0326290773623501,0.5877977889147166
2025-08-08,LRCX,medium,semiconductor,early_watchlist,53.6,0.3792,51.36,False,-0.0220146465739337,0.0326290773623501,0.5877977889147166
2025-08-08,LRCX,long,semiconductor,early_watchlist,55.54,0.3011,61.27,False,-0.0220146465739337,0.0326290773623501,0.5877977889147166
2025-09-08,LRCX,short,semiconductor,early_watchlist,50.31,0.34,46.02,False,0.1345769383397337,0.4223329769015405,0.5085407458490421
2025-09-08,LRCX,medium,semiconductor,early_watchlist,54.86,0.5026,51.97,False,0.1345769383397337,0.4223329769015405,0.5085407458490421
2025-09-08,LRCX,long,semiconductor,early_watchlist,54.8,0.0828,61.38,False,0.1345769383397337,0.4223329769015405,0.5085407458490421
2025-10-06,LRCX,short,semiconductor,near_watchlist,63.07,0.6707,65.7,False,-0.0760309196321594,0.0810594152620767,0.1495929709068397
2025-10-06,LRCX,medium,semiconductor,near_watchlist,65.68,0.7805,62.9,False,-0.0760309196321594,0.0810594152620767,0.1495929709068397
2025-10-06,LRCX,long,semiconductor,early_watchlist,63.5,0.6441,61.38,False,-0.0760309196321594,0.0810594152620767,0.1495929709068397
2025-11-03,LRCX,short,semiconductor,early_watchlist,59.38,0.5778,55.98,False,0.0318157851150506,-0.0189159794621189,0.4502873609066085
2025-11-03,LRCX,medium,semiconductor,near_watchlist,63.24,0.6215,59.98,False,0.0318157851150506,-0.0189159794621189,0.4502873609066085
2025-11-03,LRCX,long,semiconductor,early_watchlist,61.32,0.4003,61.38,False,0.0318157851150506,-0.0189159794621189,0.4502873609066085
2025-12-02,LRCX,short,semiconductor,early_watchlist,48.93,0.4564,43.0,False,0.0498954642581466,0.0838977979442885,0.4626733154973681
2025-12-02,LRCX,medium,semiconductor,early_watchlist,53.41,0.4793,51.26,False,0.0498954642581466,0.0838977979442885,0.4626733154973681
2025-12-02,LRCX,long,semiconductor,early_watchlist,60.48,0.2331,61.38,False,0.0498954642581466,0.0838977979442885,0.4626733154973681
2025-12-31,LRCX,short,semiconductor,early_watchlist,45.99,0.4328,44.42,False,0.1739690826379845,0.3638277599304609,0.1693512958979968
2025-12-31,LRCX,medium,semiconductor,early_watchlist,58.03,0.307,57.99,False,0.1739690826379845,0.3638277599304609,0.1693512958979968
2025-12-31,LRCX,long,semiconductor,early_watchlist,57.65,0.229,61.38,False,0.1739690826379845,0.3638277599304609,0.1693512958979968
2026-01-30,LRCX,short,semiconductor,near_watchlist,62.09,0.6605,58.96,False,-0.0104943569723702,-0.0105371833313262,0.0774050422078651
2026-01-30,LRCX,medium,semiconductor,near_watchlist,66.3,0.7137,63.96,False,-0.0104943569723702,-0.0105371833313262,0.0774050422078651
2026-01-30,LRCX,long,semiconductor,early_watchlist,64.51,0.5785,62.39,False,-0.0104943569723702,-0.0105371833313262,0.0774050422078651
2026-03-02,LRCX,short,semiconductor,early_watchlist,50.01,0.6266,38.15,False,-0.0848356220519632,-0.133465223424718,0.3823034143619321
2026-03-02,LRCX,medium,semiconductor,early_watchlist,55.71,0.6306,51.5,False,-0.0848356220519632,-0.133465223424718,0.3823034143619321
2026-03-02,LRCX,long,semiconductor,early_watchlist,63.32,0.5119,61.38,False,-0.0848356220519632,-0.133465223424718,0.3823034143619321
2026-03-30,LRCX,short,semiconductor,early_watchlist,44.17,0.5988,34.55,False,0.1221427851872423,0.2565897950484783,1.0112192496533936
2026-03-30,LRCX,medium,semiconductor,early_watchlist,49.14,0.6105,45.16,False,0.1221427851872423,0.2565897950484783,1.0112192496533936
2026-03-30,LRCX,long,semiconductor,early_watchlist,58.87,0.4974,55.96,False,0.1221427851872423,0.2565897950484783,1.0112192496533936
2025-03-17,KLAC,short,semiconductor,filtered_out,42.09,0.2317,40.84,False,0.0131423920771667,-0.0672708948710434,0.216916710913988
2025-03-17,KLAC,medium,semiconductor,filtered_out,41.1,0.4551,43.94,False,0.0131423920771667,-0.0672708948710434,0.216916710913988
2025-03-17,KLAC,long,semiconductor,filtered_out,44.03,0.4617,53.12,False,0.0131423920771667,-0.0672708948710434,0.216916710913988
2025-04-14,KLAC,short,semiconductor,filtered_out,43.45,0.2326,45.31,False,-0.0501664016234842,0.1879636388786065,0.3833541163032921
2025-04-14,KLAC,medium,semiconductor,filtered_out,39.61,0.4511,39.5,False,-0.0501664016234842,0.1879636388786065,0.3833541163032921
2025-04-14,KLAC,long,semiconductor,filtered_out,41.89,0.282,45.39,False,-0.0501664016234842,0.1879636388786065,0.3833541163032921
2025-05-13,KLAC,short,semiconductor,early_watchlist,53.68,0.2538,67.93,False,-0.0046581717031469,0.0982524433714497,0.1521576260238679
2025-05-13,KLAC,medium,semiconductor,filtered_out,43.95,0.4581,59.54,False,-0.0046581717031469,0.0982524433714497,0.1521576260238679
2025-05-13,KLAC,long,semiconductor,early_watchlist,59.79,0.8046,56.31,False,-0.0046581717031469,0.0982524433714497,0.1521576260238679
2025-06-11,KLAC,short,semiconductor,early_watchlist,68.53,0.5642,66.68,False,-0.0009632551490209,0.0602982401375098,0.0446770224593693
2025-06-11,KLAC,medium,semiconductor,early_watchlist,70.49,0.7881,62.79,False,-0.0009632551490209,0.0602982401375098,0.0446770224593693
2025-06-11,KLAC,long,semiconductor,early_watchlist,73.34,0.8511,61.48,False,-0.0009632551490209,0.0602982401375098,0.0446770224593693
2025-07-11,KLAC,short,semiconductor,early_watchlist,48.02,0.5445,45.46,False,0.007073470093843,-0.0105777328868937,0.2353613044843518
2025-07-11,KLAC,medium,semiconductor,early_watchlist,58.88,0.6323,58.42,False,0.007073470093843,-0.0105777328868937,0.2353613044843518
2025-07-11,KLAC,long,semiconductor,early_watchlist,64.42,0.8534,60.8,False,0.007073470093843,-0.0105777328868937,0.2353613044843518
2025-08-08,KLAC,short,semiconductor,filtered_out,43.34,0.5185,38.06,False,-0.0435724237057862,-0.0041995413340728,0.3355850861219898
2025-08-08,KLAC,medium,semiconductor,early_watchlist,45.96,0.5895,48.09,False,-0.0435724237057862,-0.0041995413340728,0.3355850861219898
2025-08-08,KLAC,long,semiconductor,early_watchlist,63.21,0.8432,61.38,False,-0.0435724237057862,-0.0041995413340728,0.3355850861219898
2025-09-08,KLAC,short,semiconductor,filtered_out,43.59,0.5276,41.38,False,0.0879336460532804,0.2538338538308193,0.3112018645189296
2025-09-08,KLAC,medium,semiconductor,filtered_out,43.31,0.4736,42.7,False,0.0879336460532804,0.2538338538308193,0.3112018645189296
2025-09-08,KLAC,long,semiconductor,early_watchlist,59.77,0.745,56.84,False,0.0879336460532804,0.2538338538308193,0.3112018645189296
2025-10-06,KLAC,short,semiconductor,early_watchlist,59.2,0.5019,60.66,False,-0.1006484282468773,0.0696932298562302,0.0679197227356473
2025-10-06,KLAC,medium,semiconductor,early_watchlist,60.62,0.5986,63.01,False,-0.1006484282468773,0.0696932298562302,0.0679197227356473
2025-10-06,KLAC,long,semiconductor,early_watchlist,64.43,0.7425,61.49,False,-0.1006484282468773,0.0696932298562302,0.0679197227356473
2025-11-03,KLAC,short,semiconductor,early_watchlist,55.99,0.4748,50.98,False,-0.0009761348478883,-0.0223794562705162,0.1732333920070066
2025-11-03,KLAC,medium,semiconductor,early_watchlist,57.36,0.3442,59.13,False,-0.0009761348478883,-0.0223794562705162,0.1732333920070066
2025-11-03,KLAC,long,semiconductor,early_watchlist,64.28,0.7537,61.38,False,-0.0009761348478883,-0.0223794562705162,0.1732333920070066
2025-12-02,KLAC,short,semiconductor,early_watchlist,47.94,0.4282,41.76,False,0.0300455654669302,0.0211958492225328,0.2917019164753105
2025-12-02,KLAC,medium,semiconductor,early_watchlist,47.92,0.2505,49.27,False,0.0300455654669302,0.0211958492225328,0.2917019164753105
2025-12-02,KLAC,long,semiconductor,early_watchlist,64.51,0.7542,61.38,False,0.0300455654669302,0.0211958492225328,0.2917019164753105
2025-12-31,KLAC,short,semiconductor,filtered_out,42.95,0.4086,40.56,False,0.0901339000607792,0.1751817948040821,0.1393294012000361
2025-12-31,KLAC,medium,semiconductor,early_watchlist,50.66,0.2438,47.87,False,0.0901339000607792,0.1751817948040821,0.1393294012000361
2025-12-31,KLAC,long,semiconductor,early_watchlist,59.91,0.6766,58.66,False,0.0901339000607792,0.1751817948040821,0.1393294012000361
2026-01-30,KLAC,short,semiconductor,early_watchlist,48.86,0.5275,46.05,False,0.0105116835170862,0.0763368469770486,0.2684850906730061
2026-01-30,KLAC,medium,semiconductor,early_watchlist,60.41,0.4349,65.52,False,0.0105116835170862,0.0763368469770486,0.2684850906730061
2026-01-30,KLAC,long,semiconductor,early_watchlist,62.5,0.6398,63.88,False,0.0105116835170862,0.0763368469770486,0.2684850906730061
2026-03-02,KLAC,short,semiconductor,early_watchlist,48.2,0.4976,44.12,False,-0.0689598745847486,-0.0992670672987197,0.2767113334079853
2026-03-02,KLAC,medium,semiconductor,early_watchlist,58.15,0.3627,57.95,False,-0.0689598745847486,-0.0992670672987197,0.2767113334079853
2026-03-02,KLAC,long,semiconductor,early_watchlist,61.68,0.5248,61.38,False,-0.0689598745847486,-0.0992670672987197,0.2767113334079853
2026-03-30,KLAC,short,semiconductor,filtered_out,43.21,0.4585,34.5,False,0.1202606691371268,0.308401752793523,0.8742518503588002
2026-03-30,KLAC,medium,semiconductor,filtered_out,44.4,0.2953,43.77,False,0.1202606691371268,0.308401752793523,0.8742518503588002
2026-03-30,KLAC,long,semiconductor,early_watchlist,59.24,0.4559,56.42,False,0.1202606691371268,0.308401752793523,0.8742518503588002
2025-03-17,ADI,short,semiconductor,filtered_out,39.53,0.2718,37.72,False,0.0031179592190777,-0.1562736160386741,0.1035465832118942
2025-03-17,ADI,medium,semiconductor,filtered_out,40.46,0.4549,41.49,False,0.0031179592190777,-0.1562736160386741,0.1035465832118942
2025-03-17,ADI,long,semiconductor,filtered_out,41.62,0.4575,45.12,False,0.0031179592190777,-0.1562736160386741,0.1035465832118942
2025-04-14,ADI,short,semiconductor,filtered_out,39.62,0.2672,38.74,False,-0.0005599554610139,0.2692048936871762,0.3762261419877619
2025-04-14,ADI,medium,semiconductor,filtered_out,39.61,0.4511,39.5,False,-0.0005599554610139,0.2692048936871762,0.3762261419877619
2025-04-14,ADI,long,semiconductor,filtered_out,41.41,0.4552,45.12,False,-0.0005599554610139,0.2692048936871762,0.3762261419877619
2025-05-13,ADI,short,semiconductor,early_watchlist,54.57,0.3093,66.59,False,-0.0096610693559781,0.0305220824638217,-0.0075453226469187
2025-05-13,ADI,medium,semiconductor,early_watchlist,46.8,0.4718,58.07,False,-0.0096610693559781,0.0305220824638217,-0.0075453226469187
2025-05-13,ADI,long,semiconductor,early_watchlist,45.52,0.4689,54.06,False,-0.0096610693559781,0.0305220824638217,-0.0075453226469187
2025-06-11,ADI,short,semiconductor,early_watchlist,46.74,0.2237,53.66,False,-0.0124279510997463,0.0522059729574859,0.0749319867425435
2025-06-11,ADI,medium,semiconductor,early_watchlist,47.13,0.4621,52.86,False,-0.0124279510997463,0.0522059729574859,0.0749319867425435
2025-06-11,ADI,long,semiconductor,early_watchlist,51.12,0.4712,57.34,False,-0.0124279510997463,0.0522059729574859,0.0749319867425435
2025-07-11,ADI,short,semiconductor,filtered_out,38.65,0.206,45.24,False,-0.0115659892368954,-0.0847228556202941,-0.0049897793988273
2025-07-11,ADI,medium,semiconductor,early_watchlist,50.16,0.469,57.31,False,-0.0115659892368954,-0.0847228556202941,-0.0049897793988273
2025-07-11,ADI,long,semiconductor,early_watchlist,51.94,0.4731,59.55,False,-0.0115659892368954,-0.0847228556202941,-0.0049897793988273
2025-08-08,ADI,short,semiconductor,filtered_out,39.86,0.2159,35.51,False,0.0342934679447348,0.1161629591381361,0.0472601911605821
2025-08-08,ADI,medium,semiconductor,filtered_out,41.93,0.4575,43.24,False,0.0342934679447348,0.1161629591381361,0.0472601911605821
2025-08-08,ADI,long,semiconductor,filtered_out,43.54,0.4612,48.25,False,0.0342934679447348,0.1161629591381361,0.0472601911605821
2025-09-08,ADI,short,semiconductor,filtered_out,39.47,0.2078,44.67,False,-0.0163466121692985,-0.0260261019462476,0.0963532562785749
2025-09-08,ADI,medium,semiconductor,early_watchlist,55.9,0.7088,55.89,False,-0.0163466121692985,-0.0260261019462476,0.0963532562785749
2025-09-08,ADI,long,semiconductor,early_watchlist,52.57,0.4745,58.78,False,-0.0163466121692985,-0.0260261019462476,0.0963532562785749
2025-10-06,ADI,short,semiconductor,filtered_out,40.11,0.2164,36.3,False,-0.0322886998601561,-0.0366598278670255,0.122300438306907
2025-10-06,ADI,medium,semiconductor,filtered_out,42.11,0.2693,43.13,False,-0.0322886998601561,-0.0366598278670255,0.122300438306907
2025-10-06,ADI,long,semiconductor,filtered_out,44.65,0.4643,51.53,False,-0.0322886998601561,-0.0366598278670255,0.122300438306907
2025-11-03,ADI,short,semiconductor,filtered_out,39.54,0.2152,34.5,False,-0.0068917549553403,0.168486022019515,0.3354651360974243
2025-11-03,ADI,medium,semiconductor,filtered_out,41.07,0.05,40.94,False,-0.0068917549553403,0.168486022019515,0.3354651360974243
2025-11-03,ADI,long,semiconductor,filtered_out,43.7,0.4615,48.76,False,-0.0068917549553403,0.168486022019515,0.3354651360974243
2025-12-02,ADI,short,semiconductor,early_watchlist,50.08,0.2326,61.27,False,0.0155534725454198,-0.0029752486935042,0.2955806429624827
2025-12-02,ADI,medium,semiconductor,filtered_out,43.39,0.05,58.13,False,0.0155534725454198,-0.0029752486935042,0.2955806429624827
2025-12-02,ADI,long,semiconductor,early_watchlist,63.62,0.8111,57.45,False,0.0155534725454198,-0.0029752486935042,0.2955806429624827
2025-12-31,ADI,short,semiconductor,filtered_out,41.5,0.3859,41.7,False,0.1030973845988068,0.1463126718782117,0.1211248452699931
2025-12-31,ADI,medium,semiconductor,filtered_out,42.12,0.05,50.9,False,0.1030973845988068,0.1463126718782117,0.1211248452699931
2025-12-31,ADI,long,semiconductor,early_watchlist,58.95,0.5597,60.2,False,0.1030973845988068,0.1463126718782117,0.1211248452699931
2026-01-30,ADI,short,semiconductor,early_watchlist,52.47,0.5319,48.95,False,0.0307835818132213,0.1335884635106476,0.2366830549148006
2026-01-30,ADI,medium,semiconductor,early_watchlist,56.3,0.5174,63.65,False,0.0307835818132213,0.1335884635106476,0.2366830549148006
2026-01-30,ADI,long,semiconductor,early_watchlist,61.79,0.779,61.82,False,0.0307835818132213,0.1335884635106476,0.2366830549148006
2026-03-02,ADI,short,semiconductor,early_watchlist,49.73,0.622,46.75,False,-0.0899490256335211,-0.1372291442369001,0.1866443152954457
2026-03-02,ADI,medium,semiconductor,early_watchlist,62.54,0.7141,62.9,False,-0.0899490256335211,-0.1372291442369001,0.1866443152954457
2026-03-02,ADI,long,semiconductor,early_watchlist,65.81,0.8857,61.38,False,-0.0899490256335211,-0.1372291442369001,0.1866443152954457
2026-03-30,ADI,short,semiconductor,filtered_out,41.46,0.5955,34.77,False,0.0802045381601399,0.2644670777985454,0.3826285726054839
2026-03-30,ADI,medium,semiconductor,filtered_out,43.0,0.4827,44.19,False,0.0802045381601399,0.2644670777985454,0.3826285726054839
2026-03-30,ADI,long,semiconductor,early_watchlist,60.04,0.7253,57.16,False,0.0802045381601399,0.2644670777985454,0.3826285726054839
2025-03-17,NXPI,short,default,filtered_out,42.26,0.4972,34.98,False,0.0110982645310673,-0.1832000109394777,0.041222402944453
2025-03-17,NXPI,medium,default,filtered_out,39.92,0.237,40.28,False,0.0110982645310673,-0.1832000109394777,0.041222402944453
2025-03-17,NXPI,long,default,filtered_out,41.47,0.4559,45.12,False,0.0110982645310673,-0.1832000109394777,0.041222402944453
2025-04-14,NXPI,short,default,filtered_out,43.43,0.498,38.94,False,0.0240986009707431,0.2453825850278401,0.3485033585191777
2025-04-14,NXPI,medium,default,filtered_out,39.4,0.05,39.5,False,0.0240986009707431,0.2453825850278401,0.3485033585191777
2025-04-14,NXPI,long,default,filtered_out,41.41,0.4552,45.12,False,0.0240986009707431,0.2453825850278401,0.3485033585191777
2025-05-13,NXPI,short,default,early_watchlist,57.89,0.5345,67.14,False,-0.0109227844825426,0.0235875435521193,-0.020123281026838
2025-05-13,NXPI,medium,default,early_watchlist,46.56,0.05,58.15,False,-0.0109227844825426,0.0235875435521193,-0.020123281026838
2025-05-13,NXPI,long,default,filtered_out,43.53,0.4638,48.05,False,-0.0109227844825426,0.0235875435521193,-0.020123281026838
2025-06-11,NXPI,short,default,early_watchlist,50.61,0.3319,50.64,False,-0.0274136128374752,0.0578503933182297,0.0420464733622014
2025-06-11,NXPI,medium,default,filtered_out,42.92,0.05,50.27,False,-0.0274136128374752,0.0578503933182297,0.0420464733622014
2025-06-11,NXPI,long,default,filtered_out,43.7,0.461,52.08,False,-0.0274136128374752,0.0578503933182297,0.0420464733622014
2025-07-11,NXPI,short,default,filtered_out,41.01,0.3402,46.39,False,-0.0131923602868043,-0.0950549781177723,0.015580813705043
2025-07-11,NXPI,medium,default,early_watchlist,48.71,0.2208,58.24,False,-0.0131923602868043,-0.0950549781177723,0.015580813705043
2025-07-11,NXPI,long,default,early_watchlist,50.77,0.4704,58.26,False,-0.0131923602868043,-0.0950549781177723,0.015580813705043
2025-08-08,NXPI,short,default,filtered_out,41.03,0.1713,34.5,False,0.1043637606439837,0.0885305970466461,0.0202732623338346
2025-08-08,NXPI,medium,default,filtered_out,42.43,0.05,44.18,False,0.1043637606439837,0.0885305970466461,0.0202732623338346
2025-08-08,NXPI,long,default,filtered_out,42.99,0.4599,46.53,False,0.1043637606439837,0.0885305970466461,0.0202732623338346
2025-09-08,NXPI,short,default,filtered_out,39.65,0.1613,40.56,False,-0.0276274918333203,0.0309833492914703,-0.0406089881306032
2025-09-08,NXPI,medium,default,early_watchlist,51.93,0.1465,50.48,False,-0.0276274918333203,0.0309833492914703,-0.0406089881306032
2025-09-08,NXPI,long,default,early_watchlist,50.36,0.4689,54.61,False,-0.0276274918333203,0.0309833492914703,-0.0406089881306032
2025-10-06,NXPI,short,default,filtered_out,39.81,0.1616,41.06,False,-0.0636072937047474,-0.0908737175329338,-0.0578625359631854
2025-10-06,NXPI,medium,default,filtered_out,41.11,0.2626,44.9,False,-0.0636072937047474,-0.0908737175329338,-0.0578625359631854
2025-10-06,NXPI,long,default,early_watchlist,50.03,0.4687,52.47,False,-0.0636072937047474,-0.0908737175329338,-0.0578625359631854
2025-11-03,NXPI,short,default,filtered_out,41.03,0.1713,34.5,False,-0.0250012215484826,0.0235752611633917,0.0796614933016894
2025-11-03,NXPI,medium,default,filtered_out,41.01,0.05,39.5,False,-0.0250012215484826,0.0235752611633917,0.0796614933016894
2025-11-03,NXPI,long,default,filtered_out,43.1,0.4596,47.07,False,-0.0250012215484826,0.0235752611633917,0.0796614933016894
2025-12-02,NXPI,short,default,early_watchlist,50.5,0.1939,60.59,False,0.0589737907742715,0.0124422953191847,0.0483576154386136
2025-12-02,NXPI,medium,default,filtered_out,44.42,0.05,46.65,False,0.0589737907742715,0.0124422953191847,0.0483576154386136
2025-12-02,NXPI,long,default,filtered_out,44.46,0.4665,47.62,False,0.0589737907742715,0.0124422953191847,0.0483576154386136
2025-12-31,NXPI,short,default,filtered_out,38.61,0.1552,41.7,False,0.0959641967169784,0.0418316617221916,-0.1322099796383398
2025-12-31,NXPI,medium,default,early_watchlist,45.15,0.05,43.5,False,0.0959641967169784,0.0418316617221916,-0.1322099796383398
2025-12-31,NXPI,long,default,filtered_out,38.01,0.4374,45.73,False,0.0959641967169784,0.0418316617221916,-0.1322099796383398
2026-01-30,NXPI,short,default,filtered_out,38.77,0.0934,38.76,False,-0.0080480742074119,-0.0061024435226743,0.0240809993228505
2026-01-30,NXPI,medium,default,early_watchlist,52.13,0.05,50.39,False,-0.0080480742074119,-0.0061024435226743,0.0240809993228505
2026-01-30,NXPI,long,default,early_watchlist,49.61,0.2471,52.45,False,-0.0080480742074119,-0.0061024435226743,0.0240809993228505
2026-03-02,NXPI,short,default,filtered_out,37.34,0.0891,34.52,False,-0.0868035886189809,-0.1619392971143187,0.472453727780231
2026-03-02,NXPI,medium,default,filtered_out,39.19,0.05,43.77,False,-0.0868035886189809,-0.1619392971143187,0.472453727780231
2026-03-02,NXPI,long,default,early_watchlist,54.59,0.4388,49.29,False,-0.0868035886189809,-0.1619392971143187,0.472453727780231
2026-03-30,NXPI,short,default,filtered_out,41.4,0.1058,36.59,False,0.0412508127524557,0.2294679406638007,0.5990876583039157
2026-03-30,NXPI,medium,default,filtered_out,41.57,0.05,40.61,False,0.0412508127524557,0.2294679406638007,0.5990876583039157
2026-03-30,NXPI,long,default,filtered_out,42.96,0.05,46.12,False,0.0412508127524557,0.2294679406638007,0.5990876583039157
2025-03-17,TXN,short,semiconductor,filtered_out,38.59,0.4506,35.65,False,0.0306683654253101,-0.1611755714522408,0.1189157712512201
2025-03-17,TXN,medium,semiconductor,filtered_out,39.91,0.4536,39.77,False,0.0306683654253101,-0.1611755714522408,0.1189157712512201
2025-03-17,TXN,long,semiconductor,filtered_out,41.62,0.4575,45.12,False,0.0306683654253101,-0.1611755714522408,0.1189157712512201
2025-04-14,TXN,short,semiconductor,filtered_out,38.16,0.4491,34.5,False,-0.0279509571738184,0.2571573355872123,0.4779280142584534
2025-04-14,TXN,medium,semiconductor,filtered_out,39.79,0.4528,39.62,False,-0.0279509571738184,0.2571573355872123,0.4779280142584534
2025-04-14,TXN,long,semiconductor,filtered_out,41.69,0.4571,45.55,False,-0.0279509571738184,0.2571573355872123,0.4779280142584534
2025-05-13,TXN,short,semiconductor,early_watchlist,53.46,0.4877,64.72,False,0.0027099277108111,0.0610520574179269,0.0019830182753417
2025-05-13,TXN,medium,semiconductor,early_watchlist,46.89,0.4727,58.09,False,0.0027099277108111,0.0610520574179269,0.0019830182753417
2025-05-13,TXN,long,semiconductor,filtered_out,44.55,0.4674,50.78,False,0.0027099277108111,0.0610520574179269,0.0019830182753417
2025-06-11,TXN,short,semiconductor,early_watchlist,46.67,0.2683,53.7,False,-0.0067104577656641,0.1079673321690342,-0.0627317783926764
2025-06-11,TXN,medium,semiconductor,early_watchlist,47.44,0.4636,54.93,False,-0.0067104577656641,0.1079673321690342,-0.0627317783926764
2025-06-11,TXN,long,semiconductor,early_watchlist,51.09,0.4724,57.68,False,-0.0067104577656641,0.1079673321690342,-0.0627317783926764
2025-07-11,TXN,short,semiconductor,early_watchlist,51.06,0.2913,52.04,False,-0.0209266179427771,-0.1476917079816718,-0.1723204755903863
2025-07-11,TXN,medium,semiconductor,early_watchlist,54.37,0.4903,62.0,False,-0.0209266179427771,-0.1476917079816718,-0.1723204755903863
2025-07-11,TXN,long,semiconductor,early_watchlist,54.87,0.4914,59.72,False,-0.0209266179427771,-0.1476917079816718,-0.1723204755903863
2025-08-08,TXN,short,semiconductor,filtered_out,37.2,0.2472,38.02,False,0.0392586937748682,-0.0074778147431541,-0.1298944635870801
2025-08-08,TXN,medium,semiconductor,filtered_out,38.97,0.4443,44.1,False,0.0392586937748682,-0.0074778147431541,-0.1298944635870801
2025-08-08,TXN,long,semiconductor,early_watchlist,48.76,0.4666,47.29,False,0.0392586937748682,-0.0074778147431541,-0.1298944635870801
2025-09-08,TXN,short,semiconductor,filtered_out,41.66,0.2671,41.34,False,-0.0410074638343103,-0.0215801054489854,-0.0484107848730566
2025-09-08,TXN,medium,semiconductor,filtered_out,41.41,0.05,41.89,False,-0.0410074638343103,-0.0215801054489854,-0.0484107848730566
2025-09-08,TXN,long,semiconductor,filtered_out,43.83,0.4631,48.72,False,-0.0410074638343103,-0.0215801054489854,-0.0484107848730566
2025-10-06,TXN,short,semiconductor,filtered_out,39.57,0.2625,34.8,False,-0.0368516169000484,-0.1040032503585597,-0.0372447197735028
2025-10-06,TXN,medium,semiconductor,filtered_out,40.65,0.05,39.5,False,-0.0368516169000484,-0.1040032503585597,-0.0372447197735028
2025-10-06,TXN,long,semiconductor,filtered_out,43.25,0.4618,46.91,False,-0.0368516169000484,-0.1040032503585597,-0.0372447197735028
2025-11-03,TXN,short,semiconductor,filtered_out,39.48,0.2623,34.5,False,-0.0054503595091894,0.0854699432879237,0.3437194093087194
2025-11-03,TXN,medium,semiconductor,filtered_out,40.65,0.05,39.5,False,-0.0054503595091894,0.0854699432879237,0.3437194093087194
2025-11-03,TXN,long,semiconductor,filtered_out,42.68,0.4605,45.12,False,-0.0054503595091894,0.0854699432879237,0.3437194093087194
2025-12-02,TXN,short,semiconductor,early_watchlist,45.84,0.2764,54.4,False,0.0243068647877138,-0.0100992058511503,0.2050072817896246
2025-12-02,TXN,medium,semiconductor,filtered_out,44.01,0.05,50.0,False,0.0243068647877138,-0.0100992058511503,0.2050072817896246
2025-12-02,TXN,long,semiconductor,filtered_out,42.75,0.4607,45.34,False,0.0243068647877138,-0.0100992058511503,0.2050072817896246
2025-12-31,TXN,short,semiconductor,filtered_out,41.37,0.2495,40.14,False,0.0862297203968822,0.250544398871003,0.08154247147567
2025-12-31,TXN,medium,semiconductor,filtered_out,41.49,0.05,41.89,False,0.0862297203968822,0.250544398871003,0.08154247147567
2025-12-31,TXN,long,semiconductor,filtered_out,42.68,0.4605,45.12,False,0.0862297203968822,0.250544398871003,0.08154247147567
2026-01-30,TXN,short,semiconductor,early_watchlist,57.96,0.4283,65.7,False,0.0273254731402372,-0.0265830970629328,0.2294132048597243
2026-01-30,TXN,medium,semiconductor,early_watchlist,59.1,0.489,63.08,False,0.0273254731402372,-0.0265830970629328,0.2294132048597243
2026-01-30,TXN,long,semiconductor,early_watchlist,47.93,0.4756,58.03,False,0.0273254731402372,-0.0265830970629328,0.2294132048597243
2026-03-02,TXN,short,semiconductor,filtered_out,40.93,0.3501,40.37,False,-0.0649128599296745,-0.1115242475303242,0.5206509288735262
2026-03-02,TXN,medium,semiconductor,filtered_out,43.72,0.3544,49.25,False,-0.0649128599296745,-0.1115242475303242,0.5206509288735262
2026-03-02,TXN,long,semiconductor,early_watchlist,54.37,0.2624,61.12,False,-0.0649128599296745,-0.1115242475303242,0.5206509288735262
2026-03-30,TXN,short,semiconductor,filtered_out,41.25,0.3547,34.5,False,0.0714516063483581,0.4215214268355829,0.6811197077066122
2026-03-30,TXN,medium,semiconductor,filtered_out,43.65,0.2367,42.36,False,0.0714516063483581,0.4215214268355829,0.6811197077066122
2026-03-30,TXN,long,semiconductor,filtered_out,44.98,0.2373,51.35,False,0.0714516063483581,0.4215214268355829,0.6811197077066122
2025-03-17,CDNS,short,default,filtered_out,42.6,0.05,46.02,False,0.0471953010753285,0.0213633214503667,0.2041864743524524
2025-03-17,CDNS,medium,default,filtered_out,42.75,0.3293,39.5,False,0.0471953010753285,0.0213633214503667,0.2041864743524524
2025-03-17,CDNS,long,default,filtered_out,41.51,0.05,45.48,False,0.0471953010753285,0.0213633214503667,0.2041864743524524
2025-04-14,CDNS,short,default,early_watchlist,49.42,0.05,50.61,False,-0.0092493233216561,0.2229812966222888,0.2304268080575964
2025-04-14,CDNS,medium,default,filtered_out,39.86,0.3138,41.1,False,-0.0092493233216561,0.2229812966222888,0.2304268080575964
2025-04-14,CDNS,long,default,filtered_out,38.07,0.05,45.12,False,-0.0092493233216561,0.2229812966222888,0.2304268080575964
2025-05-13,CDNS,short,default,early_watchlist,55.42,0.4305,57.91,False,0.0059310365566411,-0.0359630682337834,0.104813887882522
2025-05-13,CDNS,medium,default,early_watchlist,55.19,0.3552,59.09,False,0.0059310365566411,-0.0359630682337834,0.104813887882522
2025-05-13,CDNS,long,default,filtered_out,44.78,0.05,55.52,False,0.0059310365566411,-0.0359630682337834,0.104813887882522
2025-06-11,CDNS,short,default,filtered_out,40.12,0.335,39.29,False,-0.0337240086506204,0.0436197700651577,0.1739583343681361
2025-06-11,CDNS,medium,default,filtered_out,43.03,0.3226,50.75,False,-0.0337240086506204,0.0436197700651577,0.1739583343681361
2025-06-11,CDNS,long,default,early_watchlist,53.17,0.358,57.39,False,-0.0337240086506204,0.0436197700651577,0.1739583343681361
2025-07-11,CDNS,short,default,filtered_out,41.82,0.348,44.47,False,-0.0156893283953113,0.0981284805244835,0.1021833394397044
2025-07-11,CDNS,medium,default,early_watchlist,50.91,0.367,52.12,False,-0.0156893283953113,0.0981284805244835,0.1021833394397044
2025-07-11,CDNS,long,default,early_watchlist,54.06,0.4332,57.91,False,-0.0156893283953113,0.0981284805244835,0.1021833394397044
2025-08-08,CDNS,short,default,early_watchlist,48.53,0.3972,46.14,False,-0.0061921055811472,0.0243708945899647,-0.0472930580354086
2025-08-08,CDNS,medium,default,early_watchlist,57.52,0.3419,59.77,False,-0.0061921055811472,0.0243708945899647,-0.0472930580354086
2025-08-08,CDNS,long,default,early_watchlist,61.4,0.617,60.59,False,-0.0061921055811472,0.0243708945899647,-0.0472930580354086
2025-09-08,CDNS,short,default,filtered_out,44.14,0.3139,43.37,False,-0.0252884462742053,-0.0201864158195861,-0.1184006501570728
2025-09-08,CDNS,medium,default,early_watchlist,53.92,0.33,53.69,False,-0.0252884462742053,-0.0201864158195861,-0.1184006501570728
2025-09-08,CDNS,long,default,early_watchlist,60.02,0.5886,61.52,False,-0.0252884462742053,-0.0201864158195861,-0.1184006501570728
2025-10-06,CDNS,short,default,filtered_out,40.65,0.2654,36.65,False,-0.0597973037162424,-0.0507980032645588,-0.1154063857533962
2025-10-06,CDNS,medium,default,filtered_out,42.81,0.44,44.06,False,-0.0597973037162424,-0.0507980032645588,-0.1154063857533962
2025-10-06,CDNS,long,default,early_watchlist,56.7,0.4494,57.62,False,-0.0597973037162424,-0.0507980032645588,-0.1154063857533962
2025-11-03,CDNS,short,default,filtered_out,43.19,0.2739,34.5,False,-0.0192898278228486,-0.0520855103603359,-0.1164247275996147
2025-11-03,CDNS,medium,default,filtered_out,43.28,0.1275,39.5,False,-0.0192898278228486,-0.0520855103603359,-0.1164247275996147
2025-11-03,CDNS,long,default,early_watchlist,47.99,0.4401,46.49,False,-0.0192898278228486,-0.0520855103603359,-0.1164247275996147
2025-12-02,CDNS,short,default,early_watchlist,45.3,0.2792,40.82,False,0.0538781051496324,-0.0168585765489777,-0.0458577624013534
2025-12-02,CDNS,medium,default,filtered_out,43.36,0.1291,39.55,False,0.0538781051496324,-0.0168585765489777,-0.0458577624013534
2025-12-02,CDNS,long,default,early_watchlist,47.63,0.4394,45.39,False,0.0538781051496324,-0.0168585765489777,-0.0458577624013534
2025-12-31,CDNS,short,default,filtered_out,43.95,0.2773,36.61,False,0.0198989106401574,-0.051890722111069,-0.133405795254945
2025-12-31,CDNS,medium,default,filtered_out,43.35,0.1291,39.5,False,0.0198989106401574,-0.051890722111069,-0.133405795254945
2025-12-31,CDNS,long,default,early_watchlist,47.64,0.4408,45.12,False,0.0198989106401574,-0.051890722111069,-0.133405795254945
2026-01-30,CDNS,short,default,filtered_out,43.67,0.2746,36.0,False,-0.0433256747622623,0.0236199228843128,0.0976852936899992
2026-01-30,CDNS,medium,default,filtered_out,43.61,0.1281,40.56,False,-0.0433256747622623,0.0236199228843128,0.0976852936899992
2026-01-30,CDNS,long,default,early_watchlist,47.91,0.4399,46.25,False,-0.0433256747622623,0.0236199228843128,0.0976852936899992
2026-03-02,CDNS,short,default,early_watchlist,49.14,0.2846,48.1,False,-0.0175039484935365,-0.1070674513354459,0.2330234897640963
2026-03-02,CDNS,medium,default,early_watchlist,45.45,0.1346,41.27,False,-0.0175039484935365,-0.1070674513354459,0.2330234897640963
2026-03-02,CDNS,long,default,early_watchlist,49.13,0.4456,45.12,False,-0.0175039484935365,-0.1070674513354459,0.2330234897640963
2026-03-30,CDNS,short,default,filtered_out,43.19,0.2739,34.5,False,0.0317483976243877,0.2009376539229193,0.3593842452329805
2026-03-30,CDNS,medium,default,filtered_out,43.28,0.1275,39.5,False,0.0317483976243877,0.2009376539229193,0.3593842452329805
2026-03-30,CDNS,long,default,early_watchlist,47.55,0.4392,45.12,False,0.0317483976243877,0.2009376539229193,0.3593842452329805
2025-03-17,SNPS,short,default,filtered_out,42.14,0.0598,40.01,False,0.0093933522002049,-0.0695243723409581,0.1041211885160076
2025-03-17,SNPS,medium,default,filtered_out,42.56,0.2116,39.5,False,0.0093933522002049,-0.0695243723409581,0.1041211885160076
2025-03-17,SNPS,long,default,filtered_out,41.42,0.05,45.47,False,0.0093933522002049,-0.0695243723409581,0.1041211885160076
2025-04-14,SNPS,short,default,early_watchlist,45.51,0.07,45.29,False,-0.0203327571602005,0.2221195519836245,0.3253709055782627
2025-04-14,SNPS,medium,default,filtered_out,44.24,0.2201,39.5,False,-0.0203327571602005,0.2221195519836245,0.3253709055782627
2025-04-14,SNPS,long,default,filtered_out,42.98,0.05,45.12,False,-0.0203327571602005,0.2221195519836245,0.3253709055782627
2025-05-13,SNPS,short,default,early_watchlist,58.16,0.1675,62.6,False,-0.00019397843135,-0.0290473528690167,0.2011013098810767
2025-05-13,SNPS,medium,default,early_watchlist,51.19,0.2401,57.5,False,-0.00019397843135,-0.0290473528690167,0.2011013098810767
2025-05-13,SNPS,long,default,early_watchlist,45.98,0.05,50.76,False,-0.00019397843135,-0.0290473528690167,0.2011013098810767
2025-06-11,SNPS,short,default,filtered_out,43.56,0.1179,42.33,False,-0.0541409847109819,0.1169293172486629,0.2163840866859365
2025-06-11,SNPS,medium,default,early_watchlist,46.76,0.3533,51.9,False,-0.0541409847109819,0.1169293172486629,0.2163840866859365
2025-06-11,SNPS,long,default,filtered_out,44.3,0.05,54.28,False,-0.0541409847109819,0.1169293172486629,0.2163840866859365
2025-07-11,SNPS,short,default,early_watchlist,54.76,0.2037,55.49,False,0.0455585380024803,0.1075310228560977,-0.1449363893398451
2025-07-11,SNPS,medium,default,early_watchlist,59.29,0.5326,62.97,False,0.0455585380024803,0.1075310228560977,-0.1449363893398451
2025-07-11,SNPS,long,default,early_watchlist,46.49,0.05,57.62,False,0.0455585380024803,0.1075310228560977,-0.1449363893398451
2025-08-08,SNPS,short,default,early_watchlist,54.58,0.3055,44.16,False,-0.0024377801932231,-0.016692980700644,-0.2804236002742059
2025-08-08,SNPS,medium,default,early_watchlist,58.5,0.6878,61.96,False,-0.0024377801932231,-0.016692980700644,-0.2804236002742059
2025-08-08,SNPS,long,default,early_watchlist,55.31,0.4377,61.38,False,-0.0024377801932231,-0.016692980700644,-0.2804236002742059
2025-09-08,SNPS,short,default,filtered_out,43.08,0.2917,38.33,False,-0.311748866413399,-0.214848644180421,-0.2622479912401506
2025-09-08,SNPS,medium,default,early_watchlist,47.36,0.5459,49.37,False,-0.311748866413399,-0.214848644180421,-0.2622479912401506
2025-09-08,SNPS,long,default,early_watchlist,56.3,0.3424,62.41,False,-0.311748866413399,-0.214848644180421,-0.2622479912401506
2025-10-06,SNPS,short,default,filtered_out,43.37,0.3163,36.18,False,-0.0631926752196972,-0.0679603528021425,-0.0177742461174834
2025-10-06,SNPS,medium,default,filtered_out,44.42,0.418,39.5,False,-0.0631926752196972,-0.0679603528021425,-0.0177742461174834
2025-10-06,SNPS,long,default,filtered_out,42.51,0.05,45.6,False,-0.0631926752196972,-0.0679603528021425,-0.0177742461174834
2025-11-03,SNPS,short,default,filtered_out,42.77,0.2698,34.78,False,-0.1008480931614593,0.0081441372899375,0.0435250691989437
2025-11-03,SNPS,medium,default,filtered_out,44.35,0.4185,39.5,False,-0.1008480931614593,0.0081441372899375,0.0435250691989437
2025-11-03,SNPS,long,default,filtered_out,42.34,0.05,45.12,False,-0.1008480931614593,0.0081441372899375,0.0435250691989437
2025-12-02,SNPS,short,default,early_watchlist,52.88,0.2939,58.52,False,0.0367197057435868,0.0453321349516013,-0.0549460378458712
2025-12-02,SNPS,medium,default,early_watchlist,47.86,0.4322,42.58,False,0.0367197057435868,0.0453321349516013,-0.0549460378458712
2025-12-02,SNPS,long,default,early_watchlist,45.04,0.05,45.7,False,0.0367197057435868,0.0453321349516013,-0.0549460378458712
2025-12-31,SNPS,short,default,early_watchlist,45.17,0.2525,42.14,False,0.0953120771892279,-0.0097930811793434,-0.1843225460854605
2025-12-31,SNPS,medium,default,early_watchlist,47.44,0.4243,49.14,False,0.0953120771892279,-0.0097930811793434,-0.1843225460854605
2025-12-31,SNPS,long,default,filtered_out,42.34,0.05,45.12,False,0.0953120771892279,-0.0097930811793434,-0.1843225460854605
2026-01-30,SNPS,short,default,early_watchlist,45.12,0.2016,40.91,False,-0.0822153221444293,-0.0869882866353319,0.0403552195740819
2026-01-30,SNPS,medium,default,early_watchlist,45.82,0.2713,46.19,False,-0.0822153221444293,-0.0869882866353319,0.0403552195740819
2026-01-30,SNPS,long,default,filtered_out,43.58,0.05,49.02,False,-0.0822153221444293,-0.0869882866353319,0.0403552195740819
2026-03-02,SNPS,short,default,filtered_out,44.2,0.2305,37.67,False,0.0295765964542953,-0.0977723088014387,0.23844953227245
2026-03-02,SNPS,medium,default,filtered_out,44.25,0.2687,41.03,False,0.0295765964542953,-0.0977723088014387,0.23844953227245
2026-03-02,SNPS,long,default,filtered_out,42.92,0.05,46.69,False,0.0295765964542953,-0.0977723088014387,0.23844953227245
2026-03-30,SNPS,short,default,filtered_out,43.03,0.2271,34.5,False,0.0385237215736664,0.2629586995564701,0.1876075889154782
2026-03-30,SNPS,medium,default,filtered_out,43.61,0.2661,39.5,False,0.0385237215736664,0.2629586995564701,0.1876075889154782
2026-03-30,SNPS,long,default,filtered_out,42.27,0.05,45.12,False,0.0385237215736664,0.2629586995564701,0.1876075889154782
2025-03-17,ON,short,default,filtered_out,38.13,0.05,34.5,False,0.0370034301100252,-0.191373449516053,0.1754823990038314
2025-03-17,ON,medium,default,filtered_out,39.67,0.4518,39.5,False,0.0370034301100252,-0.191373449516053,0.1754823990038314
2025-03-17,ON,long,default,filtered_out,41.47,0.4559,45.12,False,0.0370034301100252,-0.191373449516053,0.1754823990038314
2025-04-14,ON,short,default,filtered_out,38.55,0.05,36.04,False,-0.004772548400981,0.2849523253857615,0.6768669661236237
2025-04-14,ON,medium,default,filtered_out,39.61,0.4511,39.5,False,-0.004772548400981,0.2849523253857615,0.6768669661236237
2025-04-14,ON,long,default,filtered_out,41.41,0.4552,45.12,False,-0.004772548400981,0.2849523253857615,0.6768669661236237
2025-05-13,ON,short,default,early_watchlist,53.33,0.05,65.7,False,-0.0329910885105603,0.1313086795155091,0.041293409891759
2025-05-13,ON,medium,default,early_watchlist,46.68,0.4709,57.9,False,-0.0329910885105603,0.1313086795155091,0.041293409891759
2025-05-13,ON,long,default,filtered_out,42.59,0.4616,45.12,False,-0.0329910885105603,0.1313086795155091,0.041293409891759
2025-06-11,ON,short,default,early_watchlist,54.79,0.6204,56.69,False,0.0092699797905024,0.153534201436059,-0.0560061371098591
2025-06-11,ON,medium,default,early_watchlist,51.76,0.2908,59.94,False,0.0092699797905024,0.153534201436059,-0.0560061371098591
2025-06-11,ON,long,default,early_watchlist,45.47,0.465,57.62,False,0.0092699797905024,0.153534201436059,-0.0560061371098591
2025-07-11,ON,short,default,early_watchlist,58.51,0.6978,58.58,False,0.0165746138632856,-0.2020760051452749,-0.1570400324795321
2025-07-11,ON,medium,default,early_watchlist,62.33,0.8259,62.9,False,0.0165746138632856,-0.2020760051452749,-0.1570400324795321
2025-07-11,ON,long,default,early_watchlist,53.78,0.4877,58.34,False,0.0165746138632856,-0.2020760051452749,-0.1570400324795321
2025-08-08,ON,short,default,early_watchlist,42.05,0.6331,34.5,False,0.0719681140612094,0.0255980114269633,0.0587494596312421
2025-08-08,ON,medium,default,filtered_out,43.68,0.3648,44.9,False,0.0719681140612094,0.0255980114269633,0.0587494596312421
2025-08-08,ON,long,default,early_watchlist,52.23,0.292,50.86,False,0.0719681140612094,0.0255980114269633,0.0587494596312421
2025-09-08,ON,short,default,early_watchlist,45.56,0.6495,34.5,False,-0.0157528731779416,0.0300735960287192,0.0531914569825386
2025-09-08,ON,medium,default,early_watchlist,46.03,0.3802,41.42,False,-0.0157528731779416,0.0300735960287192,0.0531914569825386
2025-09-08,ON,long,default,early_watchlist,49.4,0.7258,48.33,False,-0.0157528731779416,0.0300735960287192,0.0531914569825386
2025-10-06,ON,short,default,early_watchlist,53.18,0.6565,37.69,False,-0.0047665912818822,0.0021847192390302,0.0754717610112924
2025-10-06,ON,medium,default,filtered_out,43.1,0.3678,41.77,False,-0.0047665912818822,0.0021847192390302,0.0754717610112924
2025-10-06,ON,long,default,early_watchlist,47.36,0.7464,48.51,False,-0.0047665912818822,0.0021847192390302,0.0754717610112924
2025-11-03,ON,short,default,early_watchlist,45.58,0.3979,40.6,False,-0.03804990495008,0.0202140403541455,0.186880707020812
2025-11-03,ON,medium,default,early_watchlist,46.46,0.3794,43.01,False,-0.03804990495008,0.0202140403541455,0.186880707020812
2025-11-03,ON,long,default,early_watchlist,51.51,0.7613,52.16,False,-0.03804990495008,0.0202140403541455,0.186880707020812
2025-12-02,ON,short,default,early_watchlist,51.27,0.4136,52.8,False,0.0728438234915551,0.0518648408582831,0.2913753680667894
2025-12-02,ON,medium,default,early_watchlist,49.07,0.3912,45.68,False,0.0728438234915551,0.0518648408582831,0.2913753680667894
2025-12-02,ON,long,default,early_watchlist,52.86,0.786,49.22,False,0.0728438234915551,0.0518648408582831,0.2913753680667894
2025-12-31,ON,short,default,filtered_out,42.82,0.3901,41.7,False,0.1244690244477353,0.1060018042848311,0.0278854714493692
2025-12-31,ON,medium,default,early_watchlist,55.03,0.5265,52.11,False,0.1244690244477353,0.1060018042848311,0.0278854714493692
2025-12-31,ON,long,default,early_watchlist,50.17,0.796,53.21,False,0.1244690244477353,0.1060018042848311,0.0278854714493692
2026-01-30,ON,short,default,filtered_out,44.32,0.4014,44.27,False,0.0886625081434138,0.1100351316487773,0.5578561362931664
2026-01-30,ON,medium,default,early_watchlist,56.75,0.3549,60.63,False,0.0886625081434138,0.1100351316487773,0.5578561362931664
2026-01-30,ON,long,default,early_watchlist,61.18,0.7243,62.03,False,0.0886625081434138,0.1100351316487773,0.5578561362931664
2026-03-02,ON,short,default,filtered_out,43.59,0.3762,41.7,False,-0.1090554068683138,-0.1627557605770337,0.8786100042611222
2026-03-02,ON,medium,default,early_watchlist,55.63,0.3127,59.17,False,-0.1090554068683138,-0.1627557605770337,0.8786100042611222
2026-03-02,ON,long,default,early_watchlist,58.47,0.5876,61.38,False,-0.1090554068683138,-0.1627557605770337,0.8786100042611222
2026-03-30,ON,short,default,filtered_out,43.78,0.3805,35.4,False,0.1460654166439641,0.6762487119571159,1.1333093458369872
2026-03-30,ON,medium,default,early_watchlist,45.13,0.2429,41.71,False,0.1460654166439641,0.6762487119571159,1.1333093458369872
2026-03-30,ON,long,default,early_watchlist,47.87,0.4401,49.31,False,0.1460654166439641,0.6762487119571159,1.1333093458369872
2025-03-17,MPWR,short,default,early_watchlist,47.09,0.5399,49.74,False,-0.0198397048405035,-0.1566975368060063,0.128206628614264
2025-03-17,MPWR,medium,default,filtered_out,40.59,0.4533,42.57,False,-0.0198397048405035,-0.1566975368060063,0.128206628614264
2025-03-17,MPWR,long,default,filtered_out,41.99,0.4571,46.73,False,-0.0198397048405035,-0.1566975368060063,0.128206628614264
2025-04-14,MPWR,short,default,early_watchlist,45.5,0.5367,44.77,False,-0.0500742017001345,0.3692093009219026,0.3690114221005609
2025-04-14,MPWR,medium,default,filtered_out,39.61,0.4511,39.51,False,-0.0500742017001345,0.3692093009219026,0.3690114221005609
2025-04-14,MPWR,long,default,filtered_out,41.51,0.4554,45.44,False,-0.0500742017001345,0.3692093009219026,0.3690114221005609
2025-05-13,MPWR,short,default,early_watchlist,59.31,0.5623,65.81,False,-0.0509128795155665,-0.0229080447995201,0.0925382918811619
2025-05-13,MPWR,medium,default,filtered_out,43.31,0.4561,57.74,False,-0.0509128795155665,-0.0229080447995201,0.0925382918811619
2025-05-13,MPWR,long,default,early_watchlist,49.28,0.4697,55.81,False,-0.0509128795155665,-0.0229080447995201,0.0925382918811619
2025-06-11,MPWR,short,default,early_watchlist,51.24,0.453,48.21,False,-0.0382753132338564,0.0232972180070727,0.2016089333843851
2025-06-11,MPWR,medium,default,filtered_out,44.35,0.463,53.9,False,-0.0382753132338564,0.0232972180070727,0.2016089333843851
2025-06-11,MPWR,long,default,early_watchlist,53.2,0.4831,59.8,False,-0.0382753132338564,0.0232972180070727,0.2016089333843851
2025-07-11,MPWR,short,default,filtered_out,42.03,0.5173,42.25,False,-0.0146999684697683,0.0926962088904566,0.317564376449589
2025-07-11,MPWR,medium,default,early_watchlist,47.57,0.2438,51.98,False,-0.0146999684697683,0.0926962088904566,0.317564376449589
2025-07-11,MPWR,long,default,early_watchlist,49.6,0.2483,59.18,False,-0.0146999684697683,0.0926962088904566,0.317564376449589
2025-08-08,MPWR,short,default,early_watchlist,54.06,0.4238,48.9,False,0.0275771974763714,0.0746373201119983,0.2504191527993447
2025-08-08,MPWR,medium,default,early_watchlist,58.41,0.5588,60.31,False,0.0275771974763714,0.0746373201119983,0.2504191527993447
2025-08-08,MPWR,long,default,early_watchlist,57.69,0.5158,59.19,False,0.0275771974763714,0.0746373201119983,0.2504191527993447
2025-09-08,MPWR,short,default,early_watchlist,52.35,0.4237,48.29,False,-0.0169034670500186,0.1220455536799762,0.1035939396206311
2025-09-08,MPWR,medium,default,early_watchlist,58.3,0.7092,59.5,False,-0.0169034670500186,0.1220455536799762,0.1035939396206311
2025-09-08,MPWR,long,default,early_watchlist,59.99,0.7889,61.38,False,-0.0169034670500186,0.1220455536799762,0.1035939396206311
2025-10-06,MPWR,short,default,early_watchlist,67.83,0.4215,62.41,False,0.0140171385859773,0.0370106328084509,-0.0621909717649483
2025-10-06,MPWR,medium,default,early_watchlist,72.68,0.7824,64.09,False,0.0140171385859773,0.0370106328084509,-0.0621909717649483
2025-10-06,MPWR,long,default,early_watchlist,73.74,0.8567,62.3,False,0.0140171385859773,0.0370106328084509,-0.0621909717649483
2025-11-03,MPWR,short,default,filtered_out,43.82,0.2596,42.09,False,-0.0275118965879183,-0.0515474502204226,0.1216432798983797
2025-11-03,MPWR,medium,default,early_watchlist,55.27,0.491,55.23,False,-0.0275118965879183,-0.0515474502204226,0.1216432798983797
2025-11-03,MPWR,long,default,early_watchlist,57.54,0.5117,62.39,False,-0.0275118965879183,-0.0515474502204226,0.1216432798983797
2025-12-02,MPWR,short,default,filtered_out,43.49,0.256,44.58,False,0.0113109897148218,-0.0465112098261404,0.2019916981433585
2025-12-02,MPWR,medium,default,filtered_out,42.16,0.3422,42.59,False,0.0113109897148218,-0.0465112098261404,0.2019916981433585
2025-12-02,MPWR,long,default,early_watchlist,57.19,0.5492,58.91,False,0.0113109897148218,-0.0465112098261404,0.2019916981433585
2025-12-31,MPWR,short,default,filtered_out,44.45,0.2661,36.99,False,0.0581778401392714,0.2402909040679792,0.1058962089307362
2025-12-31,MPWR,medium,default,filtered_out,44.03,0.3138,39.5,False,0.0581778401392714,0.2402909040679792,0.1058962089307362
2025-12-31,MPWR,long,default,early_watchlist,47.69,0.4109,48.58,False,0.0581778401392714,0.2402909040679792,0.1058962089307362
2026-01-30,MPWR,short,default,near_watchlist,61.57,0.8074,61.38,False,0.0939997776968961,0.0163945269847636,0.3406458341052192
2026-01-30,MPWR,medium,default,early_watchlist,58.95,0.4085,61.79,False,0.0939997776968961,0.0163945269847636,0.3406458341052192
2026-01-30,MPWR,long,default,early_watchlist,62.95,0.6334,61.96,False,0.0939997776968961,0.0163945269847636,0.3406458341052192
2026-03-02,MPWR,short,default,early_watchlist,46.38,0.7075,40.79,False,-0.0705245474293368,-0.1227396662223345,0.4208278086656452
2026-03-02,MPWR,medium,default,early_watchlist,53.71,0.3965,52.2,False,-0.0705245474293368,-0.1227396662223345,0.4208278086656452
2026-03-02,MPWR,long,default,early_watchlist,60.53,0.6303,61.38,False,-0.0705245474293368,-0.1227396662223345,0.4208278086656452
2026-03-30,MPWR,short,default,early_watchlist,48.36,0.7146,35.14,False,0.1908150286820296,0.5035686171897122,0.4378110753930955
2026-03-30,MPWR,medium,default,early_watchlist,48.07,0.3537,44.47,False,0.1908150286820296,0.5035686171897122,0.4378110753930955
2026-03-30,MPWR,long,default,early_watchlist,51.38,0.5412,51.66,False,0.1908150286820296,0.5035686171897122,0.4378110753930955
2025-03-17,TER,short,default,filtered_out,41.05,0.4447,34.5,False,0.0092047413091842,-0.1808804815153729,-0.0360201154173597
2025-03-17,TER,medium,default,filtered_out,39.61,0.4511,39.5,False,0.0092047413091842,-0.1808804815153729,-0.0360201154173597
2025-03-17,TER,long,default,filtered_out,41.56,0.4561,45.4,False,0.0092047413091842,-0.1808804815153729,-0.0360201154173597
2025-04-14,TER,short,default,filtered_out,41.49,0.4456,35.86,False,-0.034795720373034,0.1494719542050542,0.3159717050759687
2025-04-14,TER,medium,default,filtered_out,39.61,0.4511,39.5,False,-0.034795720373034,0.1494719542050542,0.3159717050759687
2025-04-14,TER,long,default,filtered_out,41.41,0.4552,45.12,False,-0.034795720373034,0.1494719542050542,0.3159717050759687
2025-05-13,TER,short,default,early_watchlist,55.5,0.4817,60.49,False,-0.0409894308579966,0.0238169549303488,0.267768290047538
2025-05-13,TER,medium,default,filtered_out,44.73,0.4671,51.61,False,-0.0409894308579966,0.0238169549303488,0.267768290047538
2025-05-13,TER,long,default,filtered_out,42.66,0.4624,45.12,False,-0.0409894308579966,0.0238169549303488,0.267768290047538
2025-06-11,TER,short,default,early_watchlist,51.19,0.3286,52.93,False,-0.0061066256138793,0.1182163929363731,0.3713518442203243
2025-06-11,TER,medium,default,filtered_out,42.96,0.4578,50.29,False,-0.0061066256138793,0.1182163929363731,0.3713518442203243
2025-06-11,TER,long,default,filtered_out,41.3,0.454,45.12,False,-0.0061066256138793,0.1182163929363731,0.3713518442203243
2025-07-11,TER,short,default,early_watchlist,53.74,0.2734,55.01,False,-0.0322514314051395,0.1073673455281609,0.5251804117840895
2025-07-11,TER,medium,default,early_watchlist,60.94,0.7723,62.77,False,-0.0322514314051395,0.1073673455281609,0.5251804117840895
2025-07-11,TER,long,default,early_watchlist,46.73,0.4716,57.86,False,-0.0322514314051395,0.1073673455281609,0.5251804117840895
2025-08-08,TER,short,default,early_watchlist,55.21,0.269,56.32,False,0.0181445431213764,0.1074683601962658,0.7051658536377057
2025-08-08,TER,medium,default,early_watchlist,56.7,0.3982,61.95,False,0.0181445431213764,0.1074683601962658,0.7051658536377057
2025-08-08,TER,long,default,early_watchlist,47.59,0.473,57.62,False,0.0181445431213764,0.1074683601962658,0.7051658536377057
2025-09-08,TER,short,default,early_watchlist,51.38,0.3736,47.25,False,-0.0406223990310731,0.2436500128178704,0.598684010540409
2025-09-08,TER,medium,default,early_watchlist,56.14,0.5284,62.33,False,-0.0406223990310731,0.2436500128178704,0.598684010540409
2025-09-08,TER,long,default,early_watchlist,52.54,0.4776,61.38,False,-0.0406223990310731,0.2436500128178704,0.598684010540409
2025-10-06,TER,short,default,early_watchlist,61.34,0.4087,64.4,False,-0.0591057803250753,0.238046968370948,0.3099769238433087
2025-10-06,TER,medium,default,early_watchlist,61.43,0.5452,62.9,False,-0.0591057803250753,0.238046968370948,0.3099769238433087
2025-10-06,TER,long,default,early_watchlist,64.86,0.8131,61.38,False,-0.0591057803250753,0.238046968370948,0.3099769238433087
2025-11-03,TER,short,default,near_watchlist,63.95,0.6905,65.7,False,0.0055170346971553,0.0383107049957092,0.3177046150455627
2025-11-03,TER,medium,default,early_watchlist,63.12,0.6693,62.9,False,0.0055170346971553,0.0383107049957092,0.3177046150455627
2025-11-03,TER,long,default,early_watchlist,65.73,0.839,61.38,False,0.0055170346971553,0.0383107049957092,0.3177046150455627
2025-12-02,TER,short,default,near_watchlist,63.48,0.7082,63.28,False,0.0528062092262853,0.0190586803818328,0.7161537214121201
2025-12-02,TER,medium,default,early_watchlist,58.11,0.3135,57.02,False,0.0528062092262853,0.0190586803818328,0.7161537214121201
2025-12-02,TER,long,default,early_watchlist,61.55,0.5519,61.38,False,0.0528062092262853,0.0190586803818328,0.7161537214121201
2025-12-31,TER,short,default,early_watchlist,46.05,0.6309,41.7,False,0.1175346008251323,0.2453503372252548,0.4283196630485113
2025-12-31,TER,medium,default,early_watchlist,52.77,0.2337,53.08,False,0.1175346008251323,0.2453503372252548,0.4283196630485113
2025-12-31,TER,long,default,early_watchlist,56.1,0.4972,61.38,False,0.1175346008251323,0.2453503372252548,0.4283196630485113
2026-01-30,TER,short,default,near_watchlist,60.66,0.7068,54.8,False,0.2450112256095054,0.3522763448003974,0.5776350407025352
2026-01-30,TER,medium,default,early_watchlist,61.53,0.5003,63.94,False,0.2450112256095054,0.3522763448003974,0.5776350407025352
2026-01-30,TER,long,default,early_watchlist,64.82,0.7347,62.23,False,0.2450112256095054,0.3522763448003974,0.5776350407025352
2026-03-02,TER,short,default,near_watchlist,59.25,0.693,50.87,False,-0.0902003285746169,-0.1518582905312455,0.1538899100757949
2026-03-02,TER,medium,default,near_watchlist,63.5,0.7097,62.9,False,-0.0902003285746169,-0.1518582905312455,0.1538899100757949
2026-03-02,TER,long,default,early_watchlist,63.47,0.8,61.38,False,-0.0902003285746169,-0.1518582905312455,0.1538899100757949
2026-03-30,TER,short,default,early_watchlist,45.97,0.6451,34.5,False,0.1596888119312181,0.3755382501448847,0.7084792584371795
2026-03-30,TER,medium,default,early_watchlist,47.6,0.4911,44.9,False,0.1596888119312181,0.3755382501448847,0.7084792584371795
2026-03-30,TER,long,default,early_watchlist,62.41,0.6759,61.38,False,0.1596888119312181,0.3755382501448847,0.7084792584371795
2025-06-27,NBIS,short,default,early_watchlist,58.74,0.4866,61.62,False,-0.0771604936000432,0.0175540093505706,1.0794753613899508
2025-06-27,NBIS,medium,default,early_watchlist,54.46,0.4416,62.9,False,-0.0771604936000432,0.0175540093505706,1.0794753613899508
2025-06-27,NBIS,long,default,early_watchlist,56.63,0.7198,61.38,False,-0.0771604936000432,0.0175540093505706,1.0794753613899508
2025-07-28,NBIS,short,default,early_watchlist,52.74,0.4212,44.6,False,0.0269193965676837,0.3273933012903585,0.9768720147734004
2025-07-28,NBIS,medium,default,early_watchlist,52.06,0.4441,55.22,False,0.0269193965676837,0.3273933012903585,0.9768720147734004
2025-07-28,NBIS,long,default,early_watchlist,57.2,0.7411,61.38,False,0.0269193965676837,0.3273933012903585,0.9768720147734004
2025-08-25,NBIS,short,default,early_watchlist,54.17,0.7907,53.47,False,-0.0614109629893716,0.5395602430728266,0.2930592010317225
2025-08-25,NBIS,medium,default,early_watchlist,58.16,0.6487,62.9,False,-0.0614109629893716,0.5395602430728266,0.2930592010317225
2025-08-25,NBIS,long,default,early_watchlist,59.48,0.8158,61.38,False,-0.0614109629893716,0.5395602430728266,0.2930592010317225
2025-09-23,NBIS,short,default,early_watchlist,64.41,0.82,65.7,False,0.041465616556267,-0.0326530999333171,-0.300092812501902
2025-09-23,NBIS,medium,default,early_watchlist,61.58,0.7455,62.9,False,0.041465616556267,-0.0326530999333171,-0.300092812501902
2025-09-23,NBIS,long,default,early_watchlist,61.74,0.8356,61.38,False,0.041465616556267,-0.0326530999333171,-0.300092812501902
2025-10-21,NBIS,short,default,early_watchlist,50.31,0.7837,42.0,False,0.168296924215558,-0.1317606254757397,0.0426736155516738
2025-10-21,NBIS,medium,default,early_watchlist,52.39,0.6712,53.9,False,0.168296924215558,-0.1317606254757397,0.0426736155516738
2025-10-21,NBIS,long,default,early_watchlist,57.91,0.6192,61.38,False,0.168296924215558,-0.1317606254757397,0.0426736155516738
2025-11-18,NBIS,short,default,early_watchlist,43.7,0.6782,34.5,False,-0.0183344780795632,-0.166666708799395,0.0770929496019257
2025-11-18,NBIS,medium,default,early_watchlist,46.32,0.6496,45.66,False,-0.0183344780795632,-0.166666708799395,0.0770929496019257
2025-11-18,NBIS,long,default,early_watchlist,56.83,0.5424,59.89,False,-0.0183344780795632,-0.166666708799395,0.0770929496019257
2025-12-17,NBIS,short,default,early_watchlist,49.21,0.6996,36.09,False,0.207819760628116,0.4410869152389907,0.5418158586653847
2025-12-17,NBIS,medium,default,early_watchlist,49.35,0.6672,39.5,False,0.207819760628116,0.4410869152389907,0.5418158586653847
2025-12-17,NBIS,long,default,early_watchlist,47.66,0.4201,48.88,False,0.207819760628116,0.4410869152389907,0.5418158586653847
2026-01-16,NBIS,short,default,near_watchlist,61.47,0.7191,65.83,False,-0.1588338429068911,-0.1030994791480647,0.5337993113547181
2026-01-16,NBIS,medium,default,early_watchlist,54.27,0.6747,59.15,False,-0.1588338429068911,-0.1030994791480647,0.5337993113547181
2026-01-16,NBIS,long,default,near_watchlist,62.86,0.828,57.86,False,-0.1588338429068911,-0.1030994791480647,0.5337993113547181
2026-02-17,NBIS,short,default,early_watchlist,52.43,0.6766,46.81,False,0.0518868474381561,0.1928835709135112,1.1254102892465356
2026-02-17,NBIS,medium,default,early_watchlist,50.84,0.67,44.17,False,0.0518868474381561,0.1928835709135112,1.1254102892465356
2026-02-17,NBIS,long,default,early_watchlist,53.86,0.8059,50.5,False,0.0518868474381561,0.1928835709135112,1.1254102892465356
2026-03-17,NBIS,short,default,near_watchlist,66.15,0.7083,70.5,False,-0.0122066375534625,0.4335940999524779,0.9104272500220691
2026-03-17,NBIS,medium,default,near_watchlist,64.87,0.8023,66.5,False,-0.0122066375534625,0.4335940999524779,0.9104272500220691
2026-03-17,NBIS,long,default,early_watchlist,59.7,0.8769,60.12,False,-0.0122066375534625,0.4335940999524779,0.9104272500220691
2025-03-17,POWI,short,default,filtered_out,37.24,0.05,34.5,False,-0.0220027328207065,-0.2032223992944491,0.0053819464146656
2025-03-17,POWI,medium,default,filtered_out,39.1,0.4454,39.5,False,-0.0220027328207065,-0.2032223992944491,0.0053819464146656
2025-03-17,POWI,long,default,filtered_out,40.89,0.4494,45.12,False,-0.0220027328207065,-0.2032223992944491,0.0053819464146656
2025-04-14,POWI,short,default,filtered_out,39.18,0.05,40.76,False,0.0054358948794681,0.203522284896914,0.2672686183935326
2025-04-14,POWI,medium,default,filtered_out,39.03,0.4446,39.5,False,0.0054358948794681,0.203522284896914,0.2672686183935326
2025-04-14,POWI,long,default,filtered_out,40.83,0.4487,45.12,False,0.0054358948794681,0.203522284896914,0.2672686183935326
2025-05-13,POWI,short,default,early_watchlist,53.73,0.05,68.08,False,-0.0455284143933348,0.0484309417702457,-0.1984827454454467
2025-05-13,POWI,medium,default,early_watchlist,46.23,0.4648,58.3,False,-0.0455284143933348,0.0484309417702457,-0.1984827454454467
2025-05-13,POWI,long,default,filtered_out,42.65,0.4566,47.11,False,-0.0455284143933348,0.0484309417702457,-0.1984827454454467
2025-06-11,POWI,short,default,early_watchlist,49.09,0.05,54.34,False,-0.064890171449112,0.0043260203884523,-0.2179475490352522
2025-06-11,POWI,medium,default,filtered_out,43.14,0.4545,52.13,False,-0.064890171449112,0.0043260203884523,-0.2179475490352522
2025-06-11,POWI,long,default,filtered_out,42.2,0.453,49.0,False,-0.064890171449112,0.0043260203884523,-0.2179475490352522
2025-07-11,POWI,short,default,filtered_out,37.12,0.05,42.94,False,-0.0652998623009081,-0.238800784944364,-0.324298320336001
2025-07-11,POWI,medium,default,early_watchlist,46.75,0.4556,51.74,False,-0.0652998623009081,-0.238800784944364,-0.324298320336001
2025-07-11,POWI,long,default,filtered_out,41.17,0.4434,56.15,False,-0.0652998623009081,-0.238800784944364,-0.324298320336001
2025-08-08,POWI,short,default,filtered_out,38.83,0.05,34.8,False,0.0479852722674165,0.0229698525135033,-0.0536562613868445
2025-08-08,POWI,medium,default,filtered_out,40.62,0.4488,41.14,False,0.0479852722674165,0.0229698525135033,-0.0536562613868445
2025-08-08,POWI,long,default,filtered_out,42.4,0.4529,46.7,False,0.0479852722674165,0.0229698525135033,-0.0536562613868445
2025-09-08,POWI,short,default,filtered_out,38.82,0.05,34.55,False,-0.0026673553490024,-0.13225157971236,-0.2270167949655397
2025-09-08,POWI,medium,default,filtered_out,40.71,0.4496,41.22,False,-0.0026673553490024,-0.13225157971236,-0.2270167949655397
2025-09-08,POWI,long,default,filtered_out,41.96,0.4524,45.12,False,-0.0026673553490024,-0.13225157971236,-0.2270167949655397
2025-10-06,POWI,short,default,filtered_out,38.74,0.05,34.5,False,0.1052765864169251,0.0660860150049587,-0.0839484246991241
2025-10-06,POWI,medium,default,filtered_out,40.1,0.4476,39.5,False,0.1052765864169251,0.0660860150049587,-0.0839484246991241
2025-10-06,POWI,long,default,filtered_out,42.0,0.4525,45.27,False,0.1052765864169251,0.0660860150049587,-0.0839484246991241
2025-11-03,POWI,short,default,filtered_out,40.69,0.05,39.48,False,-0.1427198280197333,-0.1644278046280247,0.1107113679398299
2025-11-03,POWI,medium,default,filtered_out,42.03,0.4551,44.46,False,-0.1427198280197333,-0.1644278046280247,0.1107113679398299
2025-11-03,POWI,long,default,filtered_out,42.18,0.4549,45.12,False,-0.1427198280197333,-0.1644278046280247,0.1107113679398299
2025-12-02,POWI,short,default,filtered_out,40.6,0.05,40.31,False,0.0523725635556722,0.0283565052799583,0.4601820782618651
2025-12-02,POWI,medium,default,filtered_out,40.1,0.4476,39.5,False,0.0523725635556722,0.0283565052799583,0.4601820782618651
2025-12-02,POWI,long,default,filtered_out,41.89,0.4517,45.12,False,0.0523725635556722,0.0283565052799583,0.4601820782618651
2025-12-31,POWI,short,default,filtered_out,41.11,0.05,41.7,False,0.1482835730559555,0.2926279349268728,0.3532182059496171
2025-12-31,POWI,medium,default,filtered_out,40.84,0.4499,41.63,False,0.1482835730559555,0.2926279349268728,0.3532182059496171
2025-12-31,POWI,long,default,filtered_out,41.96,0.4524,45.12,False,0.1482835730559555,0.2926279349268728,0.3532182059496171
2026-01-30,POWI,short,default,early_watchlist,53.7,0.424,54.32,False,0.0304745231528231,0.0984739870261013,0.4434961147953333
2026-01-30,POWI,medium,default,early_watchlist,54.32,0.4832,62.75,False,0.0304745231528231,0.0984739870261013,0.4434961147953333
2026-01-30,POWI,long,default,early_watchlist,46.86,0.4662,57.14,False,0.0304745231528231,0.0984739870261013,0.4434961147953333
2026-03-02,POWI,short,default,early_watchlist,58.3,0.4643,61.35,False,-0.0615047930389689,-0.0469745068998174,0.7296973859901592
2026-03-02,POWI,medium,default,early_watchlist,55.86,0.4795,63.4,False,-0.0615047930389689,-0.0469745068998174,0.7296973859901592
2026-03-02,POWI,long,default,early_watchlist,51.13,0.4687,61.0,False,-0.0615047930389689,-0.0469745068998174,0.7296973859901592
2026-03-30,POWI,short,default,early_watchlist,48.46,0.1048,38.08,False,0.0779030358464407,0.3788636553507369,0.7756878300497219
2026-03-30,POWI,medium,default,filtered_out,42.57,0.4719,47.09,False,0.0779030358464407,0.3788636553507369,0.7756878300497219
2026-03-30,POWI,long,default,early_watchlist,50.1,0.464,59.7,False,0.0779030358464407,0.3788636553507369,0.7756878300497219
2025-03-17,TEAM,short,default,filtered_out,44.05,0.5967,36.86,False,0.0617250414216954,-0.0904606327308558,-0.0881527563769041
2025-03-17,TEAM,medium,default,early_watchlist,45.29,0.5346,39.5,False,0.0617250414216954,-0.0904606327308558,-0.0881527563769041
2025-03-17,TEAM,long,default,filtered_out,42.27,0.05,48.88,False,0.0617250414216954,-0.0904606327308558,-0.0881527563769041
2025-04-14,TEAM,short,default,early_watchlist,45.76,0.5999,42.2,False,-0.0034330186703225,0.1419473506122532,-0.0695557520485943
2025-04-14,TEAM,medium,default,early_watchlist,45.29,0.5346,39.5,False,-0.0034330186703225,0.1419473506122532,-0.0695557520485943
2025-04-14,TEAM,long,default,filtered_out,41.06,0.05,45.12,False,-0.0034330186703225,0.1419473506122532,-0.0695557520485943
2025-05-13,TEAM,short,default,early_watchlist,55.8,0.6211,58.76,False,-0.0654844828316355,-0.1220808807549457,-0.2677762529182799
2025-05-13,TEAM,medium,default,early_watchlist,49.79,0.5448,53.27,False,-0.0654844828316355,-0.1220808807549457,-0.2677762529182799
2025-05-13,TEAM,long,default,filtered_out,41.13,0.05,45.12,False,-0.0654844828316355,-0.1220808807549457,-0.2677762529182799
2025-06-11,TEAM,short,default,filtered_out,43.99,0.6008,36.05,False,-0.0266004993069556,-0.0719106972365462,-0.1429280548474333
2025-06-11,TEAM,medium,default,early_watchlist,46.02,0.5401,41.17,False,-0.0266004993069556,-0.0719106972365462,-0.1429280548474333
2025-06-11,TEAM,long,default,filtered_out,41.46,0.05,45.98,False,-0.0266004993069556,-0.0719106972365462,-0.1429280548474333
2025-07-11,TEAM,short,default,filtered_out,44.2,0.5991,37.02,False,0.0419763987706478,-0.1013314662578074,-0.1968878303137096
2025-07-11,TEAM,medium,default,early_watchlist,45.92,0.5378,41.17,False,0.0419763987706478,-0.1013314662578074,-0.1968878303137096
2025-07-11,TEAM,long,default,filtered_out,41.5,0.05,46.29,False,0.0419763987706478,-0.1013314662578074,-0.1968878303137096
2025-08-08,TEAM,short,default,early_watchlist,45.93,0.6024,39.3,False,-0.0063072567772957,0.0276091839643797,0.0477210781207155
2025-08-08,TEAM,medium,default,early_watchlist,47.54,0.5407,43.1,False,-0.0063072567772957,0.0276091839643797,0.0477210781207155
2025-08-08,TEAM,long,default,filtered_out,42.93,0.05,47.62,False,-0.0063072567772957,0.0276091839643797,0.0477210781207155
2025-09-08,TEAM,short,default,early_watchlist,45.5,0.6037,37.64,False,0.0067747434257103,-0.130341603385101,-0.1088013527398273
2025-09-08,TEAM,medium,default,early_watchlist,47.15,0.5421,41.57,False,0.0067747434257103,-0.130341603385101,-0.1088013527398273
2025-09-08,TEAM,long,default,filtered_out,42.19,0.05,45.12,False,0.0067747434257103,-0.130341603385101,-0.1088013527398273
2025-10-06,TEAM,short,default,filtered_out,44.84,0.6003,35.89,False,-0.0053266065567174,0.1723816430441096,0.0795658616019014
2025-10-06,TEAM,medium,default,early_watchlist,46.98,0.5397,41.35,False,-0.0053266065567174,0.1723816430441096,0.0795658616019014
2025-10-06,TEAM,long,default,filtered_out,42.57,0.05,46.5,False,-0.0053266065567174,0.1723816430441096,0.0795658616019014
2025-11-03,TEAM,short,default,early_watchlist,58.06,0.6203,57.73,False,-0.0962630439117406,-0.1259086661653774,-0.3288278107892844
2025-11-03,TEAM,medium,default,early_watchlist,48.5,0.5373,56.16,False,-0.0962630439117406,-0.1259086661653774,-0.3288278107892844
2025-11-03,TEAM,long,default,filtered_out,39.92,0.05,48.42,False,-0.0962630439117406,-0.1259086661653774,-0.3288278107892844
2025-12-02,TEAM,short,default,early_watchlist,45.8,0.5408,40.84,False,0.0487297759830176,0.053472779752556,-0.5204989844989107
2025-12-02,TEAM,medium,default,early_watchlist,46.49,0.5409,39.5,False,0.0487297759830176,0.053472779752556,-0.5204989844989107
2025-12-02,TEAM,long,default,filtered_out,42.19,0.05,45.12,False,0.0487297759830176,0.053472779752556,-0.5204989844989107
2025-12-31,TEAM,short,default,filtered_out,44.71,0.5469,41.75,False,-0.078389088205946,-0.271123715615847,-0.5875169760381298
2025-12-31,TEAM,medium,default,early_watchlist,54.97,0.5538,47.36,False,-0.078389088205946,-0.271123715615847,-0.5875169760381298
2025-12-31,TEAM,long,default,filtered_out,41.98,0.05,49.6,False,-0.078389088205946,-0.271123715615847,-0.5875169760381298
2026-01-30,TEAM,short,default,filtered_out,43.02,0.4514,34.5,False,-0.1985107380596715,-0.3755288300796722,-0.4101370883020749
2026-01-30,TEAM,medium,default,early_watchlist,45.87,0.4804,39.5,False,-0.1985107380596715,-0.3755288300796722,-0.4101370883020749
2026-01-30,TEAM,long,default,filtered_out,42.19,0.05,45.52,False,-0.1985107380596715,-0.3755288300796722,-0.4101370883020749
2026-03-02,TEAM,short,default,early_watchlist,45.34,0.4556,41.75,False,0.1116530829679045,-0.0937670123602388,0.2069105150626777
2026-03-02,TEAM,medium,default,early_watchlist,45.87,0.4804,39.5,False,0.1116530829679045,-0.0937670123602388,0.2069105150626777
2026-03-02,TEAM,long,default,filtered_out,42.06,0.05,45.12,False,0.1116530829679045,-0.0937670123602388,0.2069105150626777
2026-03-30,TEAM,short,default,filtered_out,43.02,0.4514,34.5,False,-0.030651846688862,0.0423146224173933,0.1166268446782745
2026-03-30,TEAM,medium,default,early_watchlist,45.87,0.4804,39.5,False,-0.030651846688862,0.0423146224173933,0.1166268446782745
2026-03-30,TEAM,long,default,filtered_out,42.06,0.05,45.12,False,-0.030651846688862,0.0423146224173933,0.1166268446782745
2025-03-17,WDAY,short,default,filtered_out,42.02,0.2041,37.63,False,-0.002832940183987,-0.0729391075550429,0.0029526993359729
2025-03-17,WDAY,medium,default,filtered_out,42.83,0.2026,39.5,False,-0.002832940183987,-0.0729391075550429,0.0029526993359729
2025-03-17,WDAY,long,default,filtered_out,41.94,0.2437,45.84,False,-0.002832940183987,-0.0729391075550429,0.0029526993359729
2025-04-14,WDAY,short,default,filtered_out,43.55,0.2069,42.41,False,-0.0488507834364443,0.1621760922341732,-0.0386072194287983
2025-04-14,WDAY,medium,default,filtered_out,42.83,0.2026,39.5,False,-0.0488507834364443,0.1621760922341732,-0.0386072194287983
2025-04-14,WDAY,long,default,filtered_out,41.36,0.05,45.2,False,-0.0488507834364443,0.1621760922341732,-0.0386072194287983
2025-05-13,WDAY,short,default,early_watchlist,60.43,0.3111,63.0,False,0.0141471279151312,-0.0691059520129656,-0.1775793779734776
2025-05-13,WDAY,medium,default,early_watchlist,48.21,0.2156,57.5,False,0.0141471279151312,-0.0691059520129656,-0.1775793779734776
2025-05-13,WDAY,long,default,filtered_out,43.12,0.05,52.31,False,0.0141471279151312,-0.0691059520129656,-0.1775793779734776
2025-06-11,WDAY,short,default,filtered_out,41.16,0.0855,35.25,False,-0.057606602850011,-0.1113542545560105,-0.0777769056504079
2025-06-11,WDAY,medium,default,filtered_out,44.61,0.2761,43.57,False,-0.057606602850011,-0.1113542545560105,-0.0777769056504079
2025-06-11,WDAY,long,default,filtered_out,41.48,0.05,45.55,False,-0.057606602850011,-0.1113542545560105,-0.0777769056504079
2025-07-11,WDAY,short,default,filtered_out,41.01,0.0852,34.78,False,0.0433809493362014,-0.0058198854876937,0.0671084112496838
2025-07-11,WDAY,medium,default,filtered_out,43.44,0.1724,41.63,False,0.0433809493362014,-0.0058198854876937,0.0671084112496838
2025-07-11,WDAY,long,default,filtered_out,41.51,0.05,45.45,False,0.0433809493362014,-0.0058198854876937,0.0671084112496838
2025-08-08,WDAY,short,default,filtered_out,41.92,0.0867,34.5,False,0.0181023500746895,0.0438599987082215,0.0702930825267735
2025-08-08,WDAY,medium,default,filtered_out,43.76,0.173,39.5,False,0.0181023500746895,0.0438599987082215,0.0702930825267735
2025-08-08,WDAY,long,default,filtered_out,42.41,0.05,45.12,False,0.0181023500746895,0.0438599987082215,0.0702930825267735
2025-09-08,WDAY,short,default,early_watchlist,46.09,0.05,37.85,False,-0.0390837222467236,0.0282559126903152,-0.0808852085650906
2025-09-08,WDAY,medium,default,filtered_out,41.95,0.1634,43.33,False,-0.0390837222467236,0.0282559126903152,-0.0808852085650906
2025-09-08,WDAY,long,default,filtered_out,39.3,0.05,45.12,False,-0.0390837222467236,0.0282559126903152,-0.0808852085650906
2025-10-06,WDAY,short,default,filtered_out,43.7,0.0754,39.78,False,-0.0073837661618109,-0.0028528609365207,-0.0989260017229193
2025-10-06,WDAY,medium,default,early_watchlist,45.46,0.176,44.8,False,-0.0073837661618109,-0.0028528609365207,-0.0989260017229193
2025-10-06,WDAY,long,default,filtered_out,44.24,0.2238,48.87,False,-0.0073837661618109,-0.0028528609365207,-0.0989260017229193
2025-11-03,WDAY,short,default,filtered_out,42.02,0.05,35.69,False,-0.0408532133721641,-0.1035846342808146,-0.2610652545652464
2025-11-03,WDAY,medium,default,early_watchlist,45.35,0.2414,43.23,False,-0.0408532133721641,-0.1035846342808146,-0.2610652545652464
2025-11-03,WDAY,long,default,filtered_out,44.54,0.2242,49.86,False,-0.0408532133721641,-0.1035846342808146,-0.2610652545652464
2025-12-02,WDAY,short,default,filtered_out,41.64,0.05,34.5,False,0.0431334016085254,0.0080728491524089,-0.3710222658292212
2025-12-02,WDAY,medium,default,filtered_out,43.86,0.1903,39.71,False,0.0431334016085254,0.0080728491524089,-0.3710222658292212
2025-12-02,WDAY,long,default,filtered_out,42.99,0.05,45.76,False,0.0431334016085254,0.0080728491524089,-0.3710222658292212
2025-12-31,WDAY,short,default,filtered_out,41.71,0.05,34.5,False,-0.0232331014131892,-0.182279514475247,-0.4004562575457404
2025-12-31,WDAY,medium,default,filtered_out,44.06,0.1919,40.1,False,-0.0232331014131892,-0.182279514475247,-0.4004562575457404
2025-12-31,WDAY,long,default,filtered_out,42.85,0.05,45.12,False,-0.0232331014131892,-0.182279514475247,-0.4004562575457404
2026-01-30,WDAY,short,default,filtered_out,42.03,0.05,35.72,False,-0.0723680826766919,-0.2369755122636768,-0.3100267782487849
2026-01-30,WDAY,medium,default,filtered_out,44.33,0.1911,41.16,False,-0.0723680826766919,-0.2369755122636768,-0.3100267782487849
2026-01-30,WDAY,long,default,filtered_out,43.27,0.05,46.66,False,-0.0723680826766919,-0.2369755122636768,-0.3100267782487849
2026-03-02,WDAY,short,default,filtered_out,42.91,0.05,38.22,False,0.1054399333035696,-0.0391014883155428,-0.0709648152873465
2026-03-02,WDAY,medium,default,filtered_out,43.88,0.1906,39.5,False,0.1054399333035696,-0.0391014883155428,-0.0709648152873465
2026-03-02,WDAY,long,default,filtered_out,42.79,0.05,45.12,False,0.1054399333035696,-0.0391014883155428,-0.0709648152873465
2026-03-30,WDAY,short,default,filtered_out,41.57,0.05,34.5,False,-0.0097849040492726,-0.058942329078639,-0.1164868147216677
2026-03-30,WDAY,medium,default,filtered_out,43.73,0.1888,39.5,False,-0.0097849040492726,-0.058942329078639,-0.1164868147216677
2026-03-30,WDAY,long,default,filtered_out,42.71,0.05,45.12,False,-0.0097849040492726,-0.058942329078639,-0.1164868147216677
2025-03-17,DOCU,short,default,early_watchlist,45.4,0.4119,44.06,False,0.0667625515336198,-0.0979263830643719,-0.0861800601115447
2025-03-17,DOCU,medium,default,filtered_out,41.59,0.0807,41.36,False,0.0667625515336198,-0.0979263830643719,-0.0861800601115447
2025-03-17,DOCU,long,default,early_watchlist,47.95,0.6889,50.0,False,0.0667625515336198,-0.0979263830643719,-0.0861800601115447
2025-04-14,DOCU,short,default,filtered_out,43.72,0.4078,39.1,False,-0.0140845755766726,0.200371960850644,-0.0227212202489356
2025-04-14,DOCU,medium,default,filtered_out,40.93,0.078,39.5,False,-0.0140845755766726,0.200371960850644,-0.0227212202489356
2025-04-14,DOCU,long,default,filtered_out,41.28,0.05,46.34,False,-0.0140845755766726,0.200371960850644,-0.0227212202489356
2025-05-13,DOCU,short,default,early_watchlist,62.19,0.5003,65.93,False,-0.0067521917830893,-0.1560770317211894,-0.2341155053557777
2025-05-13,DOCU,medium,default,early_watchlist,46.63,0.0932,58.51,False,-0.0067521917830893,-0.1560770317211894,-0.2341155053557777
2025-05-13,DOCU,long,default,filtered_out,42.13,0.05,50.41,False,-0.0067521917830893,-0.1560770317211894,-0.2341155053557777
2025-06-11,DOCU,short,default,filtered_out,42.51,0.293,35.53,False,-0.0129852818928264,-0.035283248785216,0.0720095179301283
2025-06-11,DOCU,medium,default,filtered_out,41.61,0.0567,41.57,False,-0.0129852818928264,-0.035283248785216,0.0720095179301283
2025-06-11,DOCU,long,default,filtered_out,41.42,0.05,46.04,False,-0.0129852818928264,-0.035283248785216,0.0720095179301283
2025-07-11,DOCU,short,default,filtered_out,42.48,0.2916,35.96,False,0.0791298362112729,-0.0592794076063245,-0.0187628120401487
2025-07-11,DOCU,medium,default,filtered_out,40.96,0.0539,40.04,False,0.0791298362112729,-0.0592794076063245,-0.0187628120401487
2025-07-11,DOCU,long,default,filtered_out,40.96,0.05,45.12,False,0.0791298362112729,-0.0592794076063245,-0.0187628120401487
2025-08-08,DOCU,short,default,filtered_out,43.78,0.2937,36.91,False,0.0247145400221768,0.1812400704299277,0.0556438551564075
2025-08-08,DOCU,medium,default,filtered_out,42.25,0.0565,40.96,False,0.0247145400221768,0.1812400704299277,0.0556438551564075
2025-08-08,DOCU,long,default,filtered_out,42.21,0.05,45.92,False,0.0247145400221768,0.1812400704299277,0.0556438551564075
2025-09-08,DOCU,short,default,early_watchlist,57.96,0.3566,55.78,False,-0.0019577102109075,-0.1169705713364228,-0.1574697444997743
2025-09-08,DOCU,medium,default,early_watchlist,50.26,0.0801,58.13,False,-0.0019577102109075,-0.1169705713364228,-0.1574697444997743
2025-09-08,DOCU,long,default,early_watchlist,47.11,0.05,53.35,False,-0.0019577102109075,-0.1169705713364228,-0.1574697444997743
2025-10-06,DOCU,short,default,filtered_out,43.72,0.2964,35.96,False,-0.0376888082265954,0.0120549088077488,-0.052237726738486
2025-10-06,DOCU,medium,default,filtered_out,42.37,0.05,41.58,False,-0.0376888082265954,0.0120549088077488,-0.052237726738486
2025-10-06,DOCU,long,default,filtered_out,42.52,0.05,46.14,False,-0.0376888082265954,0.0120549088077488,-0.052237726738486
2025-11-03,DOCU,short,default,early_watchlist,45.19,0.296,41.31,False,-0.0464129154868037,-0.0572289191235095,-0.280668123535606
2025-11-03,DOCU,medium,default,filtered_out,41.76,0.05,40.4,False,-0.0464129154868037,-0.0572289191235095,-0.280668123535606
2025-11-03,DOCU,long,default,filtered_out,42.88,0.05,48.02,False,-0.0464129154868037,-0.0572289191235095,-0.280668123535606
2025-12-02,DOCU,short,default,early_watchlist,45.5,0.2965,42.29,False,0.0076967582718434,-0.0066802073830291,-0.3296543793455473
2025-12-02,DOCU,medium,default,filtered_out,41.93,0.05,40.94,False,0.0076967582718434,-0.0066802073830291,-0.3296543793455473
2025-12-02,DOCU,long,default,filtered_out,42.19,0.05,45.84,False,0.0076967582718434,-0.0066802073830291,-0.3296543793455473
2025-12-31,DOCU,short,default,filtered_out,43.98,0.2979,37.02,False,0.0204678581088806,-0.2318713487798824,-0.3090643674378787
2025-12-31,DOCU,medium,default,filtered_out,41.54,0.05,39.5,False,0.0204678581088806,-0.2318713487798824,-0.3090643674378787
2025-12-31,DOCU,long,default,filtered_out,41.96,0.05,45.12,False,0.0204678581088806,-0.2318713487798824,-0.3090643674378787
2026-01-30,DOCU,short,default,filtered_out,42.81,0.2161,34.99,False,-0.1029691616509521,-0.121431308658956,-0.1286639135598617
2026-01-30,DOCU,medium,default,filtered_out,41.68,0.05,40.37,False,-0.1029691616509521,-0.121431308658956,-0.1286639135598617
2026-01-30,DOCU,long,default,filtered_out,42.21,0.05,46.12,False,-0.1029691616509521,-0.121431308658956,-0.1286639135598617
2026-03-02,DOCU,short,default,early_watchlist,49.74,0.314,46.93,False,0.0548093324883041,0.0238301230016741,0.0491767865092602
2026-03-02,DOCU,medium,default,filtered_out,44.16,0.05,39.5,False,0.0548093324883041,0.0238301230016741,0.0491767865092602
2026-03-02,DOCU,long,default,filtered_out,44.65,0.05,45.12,False,0.0548093324883041,0.0238301230016741,0.0491767865092602
2026-03-30,DOCU,short,default,filtered_out,44.19,0.2182,39.1,False,0.0021160028008886,-0.0313161149978711,-0.1015657936423055
2026-03-30,DOCU,medium,default,filtered_out,41.97,0.05,41.29,False,0.0021160028008886,-0.0313161149978711,-0.1015657936423055
2026-03-30,DOCU,long,default,filtered_out,41.89,0.05,45.12,False,0.0021160028008886,-0.0313161149978711,-0.1015657936423055
2025-03-17,ZM,short,default,filtered_out,43.41,0.4928,36.8,False,0.0404469550028159,-0.0423097412218318,0.0399148463787581
2025-03-17,ZM,medium,default,filtered_out,42.31,0.1057,39.5,False,0.0404469550028159,-0.0423097412218318,0.0399148463787581
2025-03-17,ZM,long,default,filtered_out,41.99,0.4576,46.55,False,0.0404469550028159,-0.0423097412218318,0.0399148463787581
2025-04-14,ZM,short,default,filtered_out,44.15,0.4913,40.27,False,-0.0034037612552907,0.1555987277842121,0.0197276757810616
2025-04-14,ZM,medium,default,filtered_out,42.0,0.1012,39.5,False,-0.0034037612552907,0.1555987277842121,0.0197276757810616
2025-04-14,ZM,long,default,filtered_out,41.24,0.4533,45.12,False,-0.0034037612552907,0.1555987277842121,0.0197276757810616
2025-05-13,ZM,short,default,early_watchlist,60.19,0.5493,58.76,False,-0.0009617916657991,-0.0603510053456208,-0.1395768281769186
2025-05-13,ZM,medium,default,early_watchlist,47.23,0.113,57.9,False,-0.0009617916657991,-0.0603510053456208,-0.1395768281769186
2025-05-13,ZM,long,default,filtered_out,41.72,0.4555,48.74,False,-0.0009617916657991,-0.0603510053456208,-0.1395768281769186
2025-06-11,ZM,short,default,filtered_out,42.6,0.3793,35.24,False,-0.0087001058510113,-0.0609007409570789,0.088536308146311
2025-06-11,ZM,medium,default,filtered_out,43.54,0.1065,43.88,False,-0.0087001058510113,-0.0609007409570789,0.088536308146311
2025-06-11,ZM,long,default,filtered_out,42.03,0.4562,47.2,False,-0.0087001058510113,-0.0609007409570789,0.088536308146311
2025-07-11,ZM,short,default,filtered_out,42.72,0.3795,35.64,False,0.0197547264046167,-0.024931904536943,0.1039509140981125
2025-07-11,ZM,medium,default,filtered_out,43.52,0.1065,43.8,False,0.0197547264046167,-0.024931904536943,0.1039509140981125
2025-07-11,ZM,long,default,filtered_out,42.1,0.4564,47.42,False,0.0197547264046167,-0.024931904536943,0.1039509140981125
2025-08-08,ZM,short,default,filtered_out,43.64,0.381,35.38,False,0.0219365614296314,0.1887662734922084,0.20553303265609
2025-08-08,ZM,medium,default,filtered_out,43.14,0.1058,39.5,False,0.0219365614296314,0.1887662734922084,0.20553303265609
2025-08-08,ZM,long,default,filtered_out,42.37,0.457,45.12,False,0.0219365614296314,0.1887662734922084,0.20553303265609
2025-09-08,ZM,short,default,early_watchlist,60.09,0.4087,57.99,False,-0.0052891933233653,-0.0476022915443749,-0.0061119447727977
2025-09-08,ZM,medium,default,early_watchlist,48.27,0.1162,57.5,False,-0.0052891933233653,-0.0476022915443749,-0.0061119447727977
2025-09-08,ZM,long,default,early_watchlist,54.06,0.4851,57.02,False,-0.0052891933233653,-0.0476022915443749,-0.0061119447727977
2025-10-06,ZM,short,default,filtered_out,40.61,0.3393,36.15,False,-0.0229544691888455,0.0647908191915382,0.0649142566391645
2025-10-06,ZM,medium,default,filtered_out,42.04,0.0967,46.42,False,-0.0229544691888455,0.0647908191915382,0.0649142566391645
2025-10-06,ZM,long,default,early_watchlist,50.51,0.4683,53.77,False,-0.0229544691888455,0.0647908191915382,0.0649142566391645
2025-11-03,ZM,short,default,early_watchlist,47.59,0.2681,43.84,False,-0.0361612791067418,-0.0199351094696103,0.0674547957483369
2025-11-03,ZM,medium,default,early_watchlist,51.89,0.1127,53.8,False,-0.0361612791067418,-0.0199351094696103,0.0674547957483369
2025-11-03,ZM,long,default,early_watchlist,59.12,0.7855,57.84,False,-0.0361612791067418,-0.0199351094696103,0.0674547957483369
2025-12-02,ZM,short,default,early_watchlist,46.85,0.3293,44.58,False,0.0363055792746083,0.0204588860794943,-0.1400188822106622
2025-12-02,ZM,medium,default,filtered_out,44.24,0.0781,41.87,False,0.0363055792746083,0.0204588860794943,-0.1400188822106622
2025-12-02,ZM,long,default,early_watchlist,51.07,0.7611,50.06,False,0.0363055792746083,0.0204588860794943,-0.1400188822106622
2025-12-31,ZM,short,default,filtered_out,43.36,0.3205,39.32,False,-0.0074168430044977,0.067331063819102,-0.0881909900290914
2025-12-31,ZM,medium,default,early_watchlist,53.54,0.05,45.62,False,-0.0074168430044977,0.067331063819102,-0.0881909900290914
2025-12-31,ZM,long,default,early_watchlist,59.76,0.7941,53.7,False,-0.0074168430044977,0.067331063819102,-0.0881909900290914
2026-01-30,ZM,short,default,early_watchlist,49.27,0.2174,49.89,False,0.0010857597804325,-0.21042342643321,-0.0104234430008421
2026-01-30,ZM,medium,default,early_watchlist,51.37,0.05,52.0,False,0.0010857597804325,-0.21042342643321,-0.0104234430008421
2026-01-30,ZM,long,default,early_watchlist,56.69,0.6808,56.16,False,0.0010857597804325,-0.21042342643321,-0.0104234430008421
2026-03-02,ZM,short,default,filtered_out,43.53,0.3195,34.5,False,0.0596809167359453,0.0819581818540435,0.3745874230818138
2026-03-02,ZM,medium,default,filtered_out,44.13,0.05,41.48,False,0.0596809167359453,0.0819581818540435,0.3745874230818138
2026-03-02,ZM,long,default,early_watchlist,46.54,0.2786,46.4,False,0.0596809167359453,0.0819581818540435,0.3745874230818138
2026-03-30,ZM,short,default,early_watchlist,46.75,0.3325,38.82,False,0.0678698057597662,0.1583629770735144,0.0533807439241442
2026-03-30,ZM,medium,default,early_watchlist,47.27,0.05,45.65,False,0.0678698057597662,0.1583629770735144,0.0533807439241442
2026-03-30,ZM,long,default,early_watchlist,47.96,0.2899,45.12,False,0.0678698057597662,0.1583629770735144,0.0533807439241442
2025-03-17,TWLO,short,default,filtered_out,43.74,0.4791,36.37,False,0.0583606490113928,-0.1393288017421248,0.1770739779985319
2025-03-17,TWLO,medium,default,early_watchlist,47.41,0.7271,39.99,False,0.0583606490113928,-0.1393288017421248,0.1770739779985319
2025-03-17,TWLO,long,default,filtered_out,42.68,0.4586,48.88,False,0.0583606490113928,-0.1393288017421248,0.1770739779985319
2025-04-14,TWLO,short,default,filtered_out,43.81,0.4735,37.74,False,-0.0295070062068065,0.3253876804256499,0.3094191860648867
2025-04-14,TWLO,medium,default,early_watchlist,46.89,0.7212,39.5,False,-0.0295070062068065,0.3253876804256499,0.3094191860648867
2025-04-14,TWLO,long,default,filtered_out,41.71,0.4538,46.79,False,-0.0295070062068065,0.3253876804256499,0.3094191860648867
2025-05-13,TWLO,short,default,early_watchlist,61.66,0.4328,65.7,False,0.02636630538613,0.031866609889158,-0.1385542397392337
2025-05-13,TWLO,medium,default,early_watchlist,56.93,0.7558,58.03,False,0.02636630538613,0.031866609889158,-0.1385542397392337
2025-05-13,TWLO,long,default,early_watchlist,46.12,0.4774,48.06,False,0.02636630538613,0.031866609889158,-0.1385542397392337
2025-06-11,TWLO,short,default,filtered_out,44.49,0.5228,42.38,False,-0.012776056392579,-0.0425585808900421,-0.0770792826987877
2025-06-11,TWLO,medium,default,early_watchlist,56.83,0.7023,56.29,False,-0.012776056392579,-0.0425585808900421,-0.0770792826987877
2025-06-11,TWLO,long,default,early_watchlist,52.08,0.4782,56.05,False,-0.012776056392579,-0.0425585808900421,-0.0770792826987877
2025-07-11,TWLO,short,default,filtered_out,43.64,0.4691,35.99,False,0.1576528434124131,-0.1280488248871973,-0.0305762336682013
2025-07-11,TWLO,medium,default,early_watchlist,48.65,0.6734,46.33,False,0.1576528434124131,-0.1280488248871973,-0.0305762336682013
2025-07-11,TWLO,long,default,filtered_out,44.56,0.4614,55.29,False,0.1576528434124131,-0.1280488248871973,-0.0305762336682013
2025-08-08,TWLO,short,default,early_watchlist,46.5,0.4073,42.03,False,0.0709435505209437,0.1055032315322952,0.379345379843645
2025-08-08,TWLO,medium,default,early_watchlist,49.66,0.5954,48.5,False,0.0709435505209437,0.1055032315322952,0.379345379843645
2025-08-08,TWLO,long,default,filtered_out,43.88,0.4608,49.7,False,0.0709435505209437,0.1055032315322952,0.379345379843645
2025-09-08,TWLO,short,default,early_watchlist,49.1,0.4186,44.32,False,-0.0421708690585251,0.0056838568645034,0.1896773202612458
2025-09-08,TWLO,medium,default,early_watchlist,51.18,0.605,47.41,False,-0.0421708690585251,0.0056838568645034,0.1896773202612458
2025-09-08,TWLO,long,default,filtered_out,44.56,0.4683,46.2,False,-0.0421708690585251,0.0056838568645034,0.1896773202612458
2025-10-06,TWLO,short,default,early_watchlist,51.23,0.425,48.13,False,0.0075661062365051,0.2406564256125667,0.2966272511408969
2025-10-06,TWLO,medium,default,early_watchlist,50.6,0.6065,42.96,False,0.0075661062365051,0.2406564256125667,0.2966272511408969
2025-10-06,TWLO,long,default,early_watchlist,45.83,0.4736,47.54,False,0.0075661062365051,0.2406564256125667,0.2966272511408969
2025-11-03,TWLO,short,default,early_watchlist,62.45,0.2857,66.65,False,-0.0403380253266737,-0.0465099305450448,-0.1149155497255997
2025-11-03,TWLO,medium,default,early_watchlist,62.14,0.5453,59.04,False,-0.0403380253266737,-0.0465099305450448,-0.1149155497255997
2025-11-03,TWLO,long,default,early_watchlist,50.44,0.4873,58.43,False,-0.0403380253266737,-0.0465099305450448,-0.1149155497255997
2025-12-02,TWLO,short,default,early_watchlist,51.22,0.3976,47.21,False,-0.0009247928799061,0.0960930940136328,-0.0459274602577167
2025-12-02,TWLO,medium,default,early_watchlist,48.09,0.5854,54.19,False,-0.0009247928799061,0.0960930940136328,-0.0459274602577167
2025-12-02,TWLO,long,default,early_watchlist,51.51,0.47,58.62,False,-0.0009247928799061,0.0960930940136328,-0.0459274602577167
2025-12-31,TWLO,short,default,early_watchlist,57.48,0.3945,47.85,False,-0.0338161742943265,-0.1531215239564802,-0.1494657010348062
2025-12-31,TWLO,medium,default,early_watchlist,62.69,0.5437,61.11,False,-0.0338161742943265,-0.1531215239564802,-0.1494657010348062
2025-12-31,TWLO,long,default,early_watchlist,57.04,0.4999,58.94,False,-0.0338161742943265,-0.1531215239564802,-0.1494657010348062
2026-01-30,TWLO,short,default,early_watchlist,45.38,0.3964,35.6,False,-0.0451602397704772,0.0278100489754438,0.180142825357483
2026-01-30,TWLO,medium,default,early_watchlist,47.97,0.5936,42.92,False,-0.0451602397704772,0.0278100489754438,0.180142825357483
2026-01-30,TWLO,long,default,filtered_out,44.24,0.2781,49.3,False,-0.0451602397704772,0.0278100489754438,0.180142825357483
2026-03-02,TWLO,short,default,early_watchlist,54.63,0.4156,56.64,False,0.0230191919854196,-0.022857558011992,0.4665213706856732
2026-03-02,TWLO,medium,default,early_watchlist,50.06,0.6041,41.58,False,0.0230191919854196,-0.022857558011992,0.4665213706856732
2026-03-02,TWLO,long,default,early_watchlist,45.18,0.05,46.36,False,0.0230191919854196,-0.022857558011992,0.4665213706856732
2026-03-30,TWLO,short,default,early_watchlist,46.68,0.3948,40.43,False,0.0957182499614841,0.1750702572117419,0.5777814480600509
2026-03-30,TWLO,medium,default,early_watchlist,46.62,0.5888,39.53,False,0.0957182499614841,0.1750702572117419,0.5777814480600509
2026-03-30,TWLO,long,default,filtered_out,42.5,0.05,46.6,False,0.0957182499614841,0.1750702572117419,0.5777814480600509
2025-03-17,GTLB,short,default,filtered_out,42.68,0.4867,36.36,False,0.0034655431254329,-0.183480920894678,-0.164998073188575
2025-03-17,GTLB,medium,default,filtered_out,44.56,0.5153,39.5,False,0.0034655431254329,-0.183480920894678,-0.164998073188575
2025-03-17,GTLB,long,default,filtered_out,41.72,0.4538,46.81,False,0.0034655431254329,-0.183480920894678,-0.164998073188575
2025-04-14,GTLB,short,default,filtered_out,42.08,0.4854,34.5,False,-0.0202782507296811,0.2581938411303162,-0.0089601761254998
2025-04-14,GTLB,medium,default,filtered_out,44.56,0.5153,39.5,False,-0.0202782507296811,0.2581938411303162,-0.0089601761254998
2025-04-14,GTLB,long,default,filtered_out,41.18,0.4526,45.12,False,-0.0202782507296811,0.2581938411303162,-0.0089601761254998
2025-05-13,GTLB,short,default,early_watchlist,60.05,0.5763,66.4,False,-0.0599700286045099,-0.1872189198687676,-0.2425037911055787
2025-05-13,GTLB,medium,default,early_watchlist,48.35,0.5219,57.62,False,-0.0599700286045099,-0.1872189198687676,-0.2425037911055787
2025-05-13,GTLB,long,default,filtered_out,39.1,0.445,45.12,False,-0.0599700286045099,-0.1872189198687676,-0.2425037911055787
2025-06-11,GTLB,short,default,filtered_out,41.88,0.2405,39.3,False,-0.0306663142520769,-0.0308969376432874,0.1042195196929243
2025-06-11,GTLB,medium,default,early_watchlist,45.81,0.5193,43.1,False,-0.0306663142520769,-0.0308969376432874,0.1042195196929243
2025-06-11,GTLB,long,default,filtered_out,42.04,0.4551,47.62,False,-0.0306663142520769,-0.0308969376432874,0.1042195196929243
2025-07-11,GTLB,short,default,filtered_out,41.18,0.2392,37.11,False,0.0794670532855952,-0.0383059875591672,0.1213419566248124
2025-07-11,GTLB,medium,default,early_watchlist,45.09,0.5178,40.85,False,0.0794670532855952,-0.0383059875591672,0.1213419566248124
2025-07-11,GTLB,long,default,filtered_out,41.41,0.4537,45.64,False,0.0794670532855952,-0.0383059875591672,0.1213419566248124
2025-08-08,GTLB,short,default,filtered_out,41.56,0.2399,35.18,False,0.0954972980012949,0.1848095388198787,0.2627412970726301
2025-08-08,GTLB,medium,default,early_watchlist,45.84,0.5193,40.07,False,0.0954972980012949,0.1848095388198787,0.2627412970726301
2025-08-08,GTLB,long,default,filtered_out,42.31,0.4557,45.33,False,0.0954972980012949,0.1848095388198787,0.2627412970726301
2025-09-08,GTLB,short,default,filtered_out,42.33,0.2369,47.21,False,0.0459386258295713,-0.0158696665529187,-0.0943829717137286
2025-09-08,GTLB,medium,default,early_watchlist,54.27,0.532,55.04,False,0.0459386258295713,-0.0158696665529187,-0.0943829717137286
2025-09-08,GTLB,long,default,filtered_out,42.13,0.4502,54.42,False,0.0459386258295713,-0.0158696665529187,-0.0943829717137286
2025-10-06,GTLB,short,default,filtered_out,39.0,0.2279,37.54,False,-0.0623806996557707,0.0829620148270553,-0.2036919599247162
2025-10-06,GTLB,medium,default,filtered_out,44.5,0.5623,45.68,False,-0.0623806996557707,0.0829620148270553,-0.2036919599247162
2025-10-06,GTLB,long,default,early_watchlist,55.21,0.7026,53.94,False,-0.0623806996557707,0.0829620148270553,-0.2036919599247162
2025-11-03,GTLB,short,default,early_watchlist,54.31,0.257,57.08,False,-0.0950235541109266,-0.150274330839779,-0.3146551936758539
2025-11-03,GTLB,medium,default,early_watchlist,54.02,0.4785,56.97,False,-0.0950235541109266,-0.150274330839779,-0.3146551936758539
2025-11-03,GTLB,long,default,early_watchlist,51.03,0.7773,58.33,False,-0.0950235541109266,-0.150274330839779,-0.3146551936758539
2025-12-02,GTLB,short,default,filtered_out,44.26,0.2063,43.93,False,-0.1002997136558161,-0.1346552985108431,-0.3961263274368392
2025-12-02,GTLB,medium,default,filtered_out,44.78,0.3107,43.1,False,-0.1002997136558161,-0.1346552985108431,-0.3961263274368392
2025-12-02,GTLB,long,default,filtered_out,43.34,0.2051,47.62,False,-0.1002997136558161,-0.1346552985108431,-0.3961263274368392
2025-12-31,GTLB,short,default,filtered_out,41.32,0.2023,34.5,False,-0.0527577832837174,-0.0679456253664264,-0.4457767142658502
2025-12-31,GTLB,medium,default,filtered_out,43.73,0.3102,39.5,False,-0.0527577832837174,-0.0679456253664264,-0.4457767142658502
2025-12-31,GTLB,long,default,filtered_out,42.37,0.05,45.12,False,-0.0527577832837174,-0.0679456253664264,-0.4457767142658502
2026-01-30,GTLB,short,default,filtered_out,41.25,0.2007,34.5,False,-0.0814750860896921,-0.2512864243341483,-0.3584905423751474
2026-01-30,GTLB,medium,default,filtered_out,43.63,0.3085,39.5,False,-0.0814750860896921,-0.2512864243341483,-0.3584905423751474
2026-01-30,GTLB,long,default,filtered_out,42.37,0.05,45.12,False,-0.0814750860896921,-0.2512864243341483,-0.3584905423751474
2026-03-02,GTLB,short,default,filtered_out,44.06,0.2058,43.49,False,-0.0614738670302014,-0.2058037872121416,0.0126002259250403
2026-03-02,GTLB,medium,default,filtered_out,43.53,0.3068,39.5,False,-0.0614738670302014,-0.2058037872121416,0.0126002259250403
2026-03-02,GTLB,long,default,filtered_out,42.31,0.05,45.12,False,-0.0614738670302014,-0.2058037872121416,0.0126002259250403
2026-03-30,GTLB,short,default,filtered_out,41.3,0.2008,34.66,False,0.1129807917147707,0.0788462190938443,0.3216346528579512
2026-03-30,GTLB,medium,default,filtered_out,43.63,0.3085,39.5,False,0.1129807917147707,0.0788462190938443,0.3216346528579512
2026-03-30,GTLB,long,default,filtered_out,42.31,0.05,45.12,False,0.1129807917147707,0.0788462190938443,0.3216346528579512
2025-03-17,PATH,short,default,filtered_out,41.37,0.3788,34.5,False,0.0398887120433411,-0.0064934783449132,0.2031540434420777
2025-03-17,PATH,medium,default,filtered_out,42.35,0.2219,39.8,False,0.0398887120433411,-0.0064934783449132,0.2031540434420777
2025-03-17,PATH,long,default,filtered_out,41.39,0.4531,45.8,False,0.0398887120433411,-0.0064934783449132,0.2031540434420777
2025-04-14,PATH,short,default,filtered_out,44.52,0.3844,44.36,False,-0.0224089421347647,0.2380952550562325,0.1531279493446673
2025-04-14,PATH,medium,default,filtered_out,42.32,0.2219,39.71,False,-0.0224089421347647,0.2380952550562325,0.1531279493446673
2025-04-14,PATH,long,default,filtered_out,41.24,0.4533,45.12,False,-0.0224089421347647,0.2380952550562325,0.1531279493446673
2025-05-13,PATH,short,default,early_watchlist,59.49,0.4225,65.7,False,-0.0618401685025975,-0.0218702833218187,-0.1960784567564804
2025-05-13,PATH,medium,default,early_watchlist,50.95,0.2481,57.5,False,-0.0618401685025975,-0.0218702833218187,-0.1960784567564804
2025-05-13,PATH,long,default,early_watchlist,45.5,0.4716,49.5,False,-0.0618401685025975,-0.0218702833218187,-0.1960784567564804
2025-06-11,PATH,short,default,filtered_out,43.05,0.3766,39.98,False,-0.0462606298470937,-0.0478026116263999,-0.0902081767313618
2025-06-11,PATH,medium,default,early_watchlist,46.69,0.2311,53.16,False,-0.0462606298470937,-0.0478026116263999,-0.0902081767313618
2025-06-11,PATH,long,default,filtered_out,44.33,0.4609,54.58,False,-0.0462606298470937,-0.0478026116263999,-0.0902081767313618
2025-07-11,PATH,short,default,filtered_out,41.35,0.3343,34.5,False,0.0194331792473678,-0.136842144279877,0.175708502774613
2025-07-11,PATH,medium,default,filtered_out,44.12,0.2278,44.9,False,0.0194331792473678,-0.136842144279877,0.175708502774613
2025-07-11,PATH,long,default,filtered_out,43.83,0.4598,53.01,False,0.0194331792473678,-0.136842144279877,0.175708502774613
2025-08-08,PATH,short,default,filtered_out,42.35,0.336,34.5,False,0.0281426074136101,0.1069418723865656,0.4887429749271326
2025-08-08,PATH,medium,default,filtered_out,43.39,0.2265,39.5,False,0.0281426074136101,0.1069418723865656,0.4887429749271326
2025-08-08,PATH,long,default,filtered_out,42.3,0.4563,45.12,False,0.0281426074136101,0.1069418723865656,0.4887429749271326
2025-09-08,PATH,short,default,early_watchlist,48.86,0.352,49.59,False,-0.0177966131146218,0.2305084934798984,0.2118644033550909
2025-09-08,PATH,medium,default,early_watchlist,48.04,0.2397,48.78,False,-0.0177966131146218,0.2305084934798984,0.2118644033550909
2025-09-08,PATH,long,default,filtered_out,44.33,0.4657,46.19,False,-0.0177966131146218,0.2305084934798984,0.2118644033550909
2025-10-06,PATH,short,default,early_watchlist,61.11,0.3786,70.5,False,0.1804406920995573,0.0929751642723661,0.1287878011660046
2025-10-06,PATH,medium,default,early_watchlist,53.27,0.2536,61.1,False,0.1804406920995573,0.0929751642723661,0.1287878011660046
2025-10-06,PATH,long,default,early_watchlist,56.54,0.05,61.06,False,0.1804406920995573,0.0929751642723661,0.1287878011660046
2025-11-03,PATH,short,default,early_watchlist,46.18,0.3536,41.7,False,-0.1052299992650638,-0.0989287779549917,-0.2066792537255044
2025-11-03,PATH,medium,default,early_watchlist,55.69,0.2539,60.87,False,-0.1052299992650638,-0.0989287779549917,-0.2066792537255044
2025-11-03,PATH,long,default,early_watchlist,54.88,0.1584,61.38,False,-0.1052299992650638,-0.0989287779549917,-0.2066792537255044
2025-12-02,PATH,short,default,filtered_out,43.36,0.3371,47.3,False,0.3272726775579828,0.1461537881844021,-0.2517482750666121
2025-12-02,PATH,medium,default,filtered_out,41.99,0.217,45.47,False,0.3272726775579828,0.1461537881844021,-0.2517482750666121
2025-12-02,PATH,long,default,early_watchlist,51.21,0.05,58.66,False,0.3272726775579828,0.1461537881844021,-0.2517482750666121
2025-12-31,PATH,short,default,early_watchlist,45.3,0.3502,49.19,False,0.0298962653670162,-0.2318486503093186,-0.3367907083374064
2025-12-31,PATH,medium,default,early_watchlist,55.86,0.1835,62.14,False,0.0298962653670162,-0.2318486503093186,-0.3367907083374064
2025-12-31,PATH,long,default,early_watchlist,52.24,0.05,63.88,False,0.0298962653670162,-0.2318486503093186,-0.3367907083374064
2026-01-30,PATH,short,default,filtered_out,42.87,0.2531,34.99,False,0.023828450127,-0.1501191676264008,-0.1612390554700606
2026-01-30,PATH,medium,default,filtered_out,44.23,0.2759,40.03,False,0.023828450127,-0.1501191676264008,-0.1612390554700606
2026-01-30,PATH,long,default,filtered_out,43.67,0.05,48.89,False,0.023828450127,-0.1501191676264008,-0.1612390554700606
2026-03-02,PATH,short,default,filtered_out,44.38,0.2555,39.71,False,0.1186916336824583,0.015887857880777,0.0429906585370831
2026-03-02,PATH,medium,default,filtered_out,44.06,0.2756,39.5,False,0.1186916336824583,0.015887857880777,0.0429906585370831
2026-03-02,PATH,long,default,filtered_out,42.46,0.05,45.13,False,0.1186916336824583,0.015887857880777,0.0429906585370831
2026-03-30,PATH,short,default,filtered_out,44.59,0.2558,40.37,False,0.0073596986704973,-0.0285188104145447,-0.0864765032456073
2026-03-30,PATH,medium,default,filtered_out,44.44,0.2762,40.69,False,0.0073596986704973,-0.0285188104145447,-0.0864765032456073
2026-03-30,PATH,long,default,filtered_out,42.46,0.05,45.12,False,0.0073596986704973,-0.0285188104145447,-0.0864765032456073
2025-03-17,U,short,default,filtered_out,43.51,0.2924,39.6,False,0.0591798933804512,-0.1537744351279238,0.1290773800530076
2025-03-17,U,medium,default,filtered_out,40.91,0.05,39.5,False,0.0591798933804512,-0.1537744351279238,0.1290773800530076
2025-03-17,U,long,default,early_watchlist,48.2,0.484,46.63,False,0.0591798933804512,-0.1537744351279238,0.1290773800530076
2025-04-14,U,short,default,filtered_out,43.33,0.2895,39.78,False,0.1106828329168885,0.2087004926967242,0.593061704199213
2025-04-14,U,medium,default,filtered_out,40.79,0.05,39.85,False,0.1106828329168885,0.2087004926967242,0.593061704199213
2025-04-14,U,long,default,filtered_out,43.64,0.1864,45.18,False,0.1106828329168885,0.2087004926967242,0.593061704199213
2025-05-13,U,short,default,early_watchlist,52.81,0.3114,50.49,False,0.0127562081806222,0.1038723781343298,0.5148063254803867
2025-05-13,U,medium,default,early_watchlist,47.02,0.0561,53.87,False,0.0127562081806222,0.1038723781343298,0.5148063254803867
2025-05-13,U,long,default,early_watchlist,45.85,0.1966,46.65,False,0.0127562081806222,0.1038723781343298,0.5148063254803867
2025-06-11,U,short,default,early_watchlist,46.39,0.7317,44.94,False,-0.0132067561233921,0.1939744470381308,0.8778374271401468
2025-06-11,U,medium,default,early_watchlist,48.16,0.05,59.7,False,-0.0132067561233921,0.1939744470381308,0.8778374271401468
2025-06-11,U,long,default,early_watchlist,52.27,0.2001,58.1,False,-0.0132067561233921,0.1939744470381308,0.8778374271401468
2025-07-11,U,short,default,near_watchlist,63.36,0.8254,61.8,False,0.2703076257287549,0.1493259470879211,0.2972692147736511
2025-07-11,U,medium,default,early_watchlist,57.58,0.2083,62.9,False,0.2703076257287549,0.1493259470879211,0.2972692147736511
2025-07-11,U,long,default,early_watchlist,58.02,0.2285,60.1,False,0.2703076257287549,0.1493259470879211,0.2972692147736511
2025-08-08,U,short,default,early_watchlist,54.61,0.7739,46.16,False,0.1431578442566377,0.368421052631579,0.1293232853251291
2025-08-08,U,medium,default,early_watchlist,58.37,0.2687,62.9,False,0.1431578442566377,0.368421052631579,0.1293232853251291
2025-08-08,U,long,default,early_watchlist,56.06,0.1194,61.38,False,0.1431578442566377,0.368421052631579,0.1293232853251291
2025-09-08,U,short,default,near_watchlist,73.78,0.556,68.21,False,0.0226373358087226,-0.1751648619934752,-0.0237363039792238
2025-09-08,U,medium,default,early_watchlist,70.32,0.2939,64.54,False,0.0226373358087226,-0.1751648619934752,-0.0237363039792238
2025-09-08,U,long,default,early_watchlist,68.79,0.1489,62.17,False,0.0226373358087226,-0.1751648619934752,-0.0237363039792238
2025-10-06,U,short,default,early_watchlist,46.81,0.7688,35.57,False,-0.0103916707256483,0.0005329192223344,0.1769251160570604
2025-10-06,U,medium,default,filtered_out,43.59,0.1524,45.79,False,-0.0103916707256483,0.0005329192223344,0.1769251160570604
2025-10-06,U,long,default,early_watchlist,54.66,0.05,61.91,False,-0.0103916707256483,0.0005329192223344,0.1769251160570604
2025-11-03,U,short,default,early_watchlist,46.66,0.7654,38.6,False,0.1486019159634874,0.1829560338606961,-0.2250332630433442
2025-11-03,U,medium,default,filtered_out,41.24,0.1454,41.96,False,0.1486019159634874,0.1829560338606961,-0.2250332630433442
2025-11-03,U,long,default,early_watchlist,54.4,0.2704,58.96,False,0.1486019159634874,0.1829560338606961,-0.2250332630433442
2025-12-02,U,short,default,near_watchlist,64.83,0.8129,60.64,False,0.1136876015291767,-0.0056280956844968,-0.5751913188410327
2025-12-02,U,medium,default,early_watchlist,53.13,0.1294,57.5,False,0.1136876015291767,-0.0056280956844968,-0.5751913188410327
2025-12-02,U,long,default,early_watchlist,53.22,0.3927,55.12,False,0.1136876015291767,-0.0056280956844968,-0.5751913188410327
2025-12-31,U,short,default,early_watchlist,50.61,0.7777,41.4,False,0.0251301937144288,-0.3411817616526613,-0.5349784521845771
2025-12-31,U,medium,default,early_watchlist,46.55,0.1098,49.96,False,0.0251301937144288,-0.3411817616526613,-0.5349784521845771
2025-12-31,U,long,default,early_watchlist,58.74,0.3961,60.03,False,0.0251301937144288,-0.3411817616526613,-0.5349784521845771
2026-01-30,U,short,default,early_watchlist,52.03,0.7817,39.3,False,-0.1371133923990912,-0.3515463714134718,-0.087972489085345
2026-01-30,U,medium,default,early_watchlist,47.94,0.1142,47.63,False,-0.1371133923990912,-0.3515463714134718,-0.087972489085345
2026-01-30,U,long,default,early_watchlist,48.22,0.1044,48.93,False,-0.1371133923990912,-0.3515463714134718,-0.087972489085345
2026-03-02,U,short,default,early_watchlist,54.97,0.7884,45.84,False,0.1261260760422569,0.0885002650779844,0.4711181237027224
2026-03-02,U,medium,default,early_watchlist,46.17,0.1139,39.5,False,0.1261260760422569,0.0885002650779844,0.4711181237027224
2026-03-02,U,long,default,early_watchlist,47.84,0.1061,45.12,False,0.1261260760422569,0.0885002650779844,0.4711181237027224
2026-03-30,U,short,default,near_watchlist,62.43,0.8016,56.45,False,0.0715676362138444,0.292112937320478,0.3003893813987643
2026-03-30,U,medium,default,early_watchlist,49.52,0.1207,49.74,False,0.0715676362138444,0.292112937320478,0.3003893813987643
2026-03-30,U,long,default,early_watchlist,48.62,0.1074,47.53,False,0.0715676362138444,0.292112937320478,0.3003893813987643
2025-03-17,RBLX,short,default,filtered_out,43.81,0.3932,40.45,False,0.0738985254390818,-0.0010532099702538,0.6880813780638775
2025-03-17,RBLX,medium,default,filtered_out,42.03,0.1596,40.33,False,0.0738985254390818,-0.0010532099702538,0.6880813780638775
2025-03-17,RBLX,long,default,filtered_out,42.46,0.05,48.88,False,0.0738985254390818,-0.0010532099702538,0.6880813780638775
2025-04-14,RBLX,short,default,filtered_out,44.58,0.3946,42.84,False,0.0920752362065782,0.3533649068630029,0.8571429050216792
2025-04-14,RBLX,medium,default,filtered_out,41.76,0.1591,39.5,False,0.0920752362065782,0.3533649068630029,0.8571429050216792
2025-04-14,RBLX,long,default,filtered_out,42.52,0.05,47.65,False,0.0920752362065782,0.3533649068630029,0.8571429050216792
2025-05-13,RBLX,short,default,early_watchlist,68.61,0.4905,63.24,False,0.0608933088265521,0.2486367483840037,0.6711245432838393
2025-05-13,RBLX,medium,default,early_watchlist,66.44,0.213,60.59,False,0.0608933088265521,0.2486367483840037,0.6711245432838393
2025-05-13,RBLX,long,default,early_watchlist,66.15,0.05,62.05,False,0.0608933088265521,0.2486367483840037,0.6711245432838393
2025-06-11,RBLX,short,default,near_watchlist,62.37,0.7645,59.3,False,0.0673807162349107,0.0989914157608364,0.3358636130471295
2025-06-11,RBLX,medium,default,near_watchlist,62.52,0.6787,62.9,False,0.0673807162349107,0.0989914157608364,0.3358636130471295
2025-06-11,RBLX,long,default,near_watchlist,62.88,0.7089,61.38,False,0.0673807162349107,0.0989914157608364,0.3358636130471295
2025-07-11,RBLX,short,default,near_watchlist,55.3,0.6861,46.73,False,0.1779732909839024,0.2178068288457373,0.1947203493828051
2025-07-11,RBLX,medium,default,near_watchlist,59.36,0.6874,61.32,False,0.1779732909839024,0.2178068288457373,0.1947203493828051
2025-07-11,RBLX,long,default,near_watchlist,60.87,0.7345,61.38,False,0.1779732909839024,0.2178068288457373,0.1947203493828051
2025-08-08,RBLX,short,default,near_watchlist,60.68,0.7538,49.83,False,-0.0883382004730449,-0.001864699562153,-0.1635459712045053
2025-08-08,RBLX,medium,default,near_watchlist,64.96,0.7254,62.9,False,-0.0883382004730449,-0.001864699562153,-0.1635459712045053
2025-08-08,RBLX,long,default,near_watchlist,66.22,0.8178,61.38,False,-0.0883382004730449,-0.001864699562153,-0.1635459712045053
2025-09-08,RBLX,short,default,early_watchlist,53.0,0.7396,41.42,False,0.0683427936161797,-0.0171246560032116,-0.2706468743059192
2025-09-08,RBLX,medium,default,early_watchlist,55.49,0.7291,51.16,False,0.0683427936161797,-0.0171246560032116,-0.2706468743059192
2025-09-08,RBLX,long,default,near_watchlist,65.57,0.7758,61.38,False,0.0683427936161797,-0.0171246560032116,-0.2706468743059192
2025-10-06,RBLX,short,default,early_watchlist,47.25,0.6228,37.66,False,0.015601559376503,-0.1473825411872212,-0.3582798690622575
2025-10-06,RBLX,medium,default,early_watchlist,50.01,0.7145,44.9,False,0.015601559376503,-0.1473825411872212,-0.3582798690622575
2025-10-06,RBLX,long,default,near_watchlist,64.24,0.809,61.38,False,0.015601559376503,-0.1473825411872212,-0.3582798690622575
2025-11-03,RBLX,short,default,early_watchlist,49.17,0.6156,36.74,False,-0.0213635795422817,-0.1296675296211268,-0.3891881859616311
2025-11-03,RBLX,medium,default,early_watchlist,51.7,0.7187,43.61,False,-0.0213635795422817,-0.1296675296211268,-0.3891881859616311
2025-11-03,RBLX,long,default,early_watchlist,54.89,0.7985,51.19,False,-0.0213635795422817,-0.1296675296211268,-0.3891881859616311
2025-12-02,RBLX,short,default,early_watchlist,49.55,0.6292,37.95,False,0.056563534945315,-0.1352187682134498,-0.280256087108961
2025-12-02,RBLX,medium,default,early_watchlist,50.49,0.719,39.5,False,0.056563534945315,-0.1352187682134498,-0.280256087108961
2025-12-02,RBLX,long,default,early_watchlist,53.01,0.7963,45.12,False,0.056563534945315,-0.1352187682134498,-0.280256087108961
2025-12-31,RBLX,short,default,early_watchlist,48.56,0.6305,34.55,False,-0.0881155065680774,-0.1884486841059645,-0.359373063934007
2025-12-31,RBLX,medium,default,early_watchlist,50.59,0.7207,39.5,False,-0.0881155065680774,-0.1884486841059645,-0.359373063934007
2025-12-31,RBLX,long,default,early_watchlist,53.08,0.797,45.12,False,-0.0881155065680774,-0.1884486841059645,-0.359373063934007
2026-01-30,RBLX,short,default,early_watchlist,50.15,0.6182,39.3,False,0.0100364356945665,0.0255474490663099,-0.1467457605291384
2026-01-30,RBLX,medium,default,early_watchlist,51.69,0.7203,43.1,False,0.0100364356945665,0.0255474490663099,-0.1467457605291384
2026-01-30,RBLX,long,default,early_watchlist,53.89,0.7983,47.62,False,0.0100364356945665,0.0255474490663099,-0.1467457605291384
2026-03-02,RBLX,short,default,early_watchlist,51.81,0.6315,45.03,False,-0.0710261082758564,-0.2302787964381679,-0.3233985851682042
2026-03-02,RBLX,medium,default,early_watchlist,51.1,0.7196,41.42,False,-0.0710261082758564,-0.2302787964381679,-0.3233985851682042
2026-03-02,RBLX,long,default,early_watchlist,52.94,0.7956,45.12,False,-0.0710261082758564,-0.2302787964381679,-0.3233985851682042
2026-03-30,RBLX,short,default,early_watchlist,48.44,0.6281,34.5,False,0.1076863835295613,0.0809092809725531,-0.1063379016372481
2026-03-30,RBLX,medium,default,early_watchlist,50.49,0.719,39.5,False,0.1076863835295613,0.0809092809725531,-0.1063379016372481
2026-03-30,RBLX,long,default,early_watchlist,53.01,0.7963,45.12,False,0.1076863835295613,0.0809092809725531,-0.1063379016372481
2025-03-17,MNDY,short,default,early_watchlist,46.52,0.244,46.5,False,0.0406050411366554,-0.07500096756326,0.1331050075446964
2025-03-17,MNDY,medium,default,filtered_out,43.7,0.0881,42.98,False,0.0406050411366554,-0.07500096756326,0.1331050075446964
2025-03-17,MNDY,long,default,filtered_out,43.09,0.4638,45.12,False,0.0406050411366554,-0.07500096756326,0.1331050075446964
2025-04-14,MNDY,short,default,filtered_out,44.36,0.2326,45.72,False,-0.033075690731788,0.1818144289168575,0.1578925216352926
2025-04-14,MNDY,medium,default,filtered_out,41.28,0.0762,41.42,False,-0.033075690731788,0.1818144289168575,0.1578925216352926
2025-04-14,MNDY,long,default,filtered_out,41.54,0.4534,46.25,False,-0.033075690731788,0.1818144289168575,0.1578925216352926
2025-05-13,MNDY,short,default,early_watchlist,56.47,0.2635,60.06,False,0.0398637387832216,0.0365245489546135,-0.1461323913914982
2025-05-13,MNDY,medium,default,early_watchlist,50.23,0.1035,60.41,False,0.0398637387832216,0.0365245489546135,-0.1461323913914982
2025-05-13,MNDY,long,default,early_watchlist,46.42,0.4731,52.56,False,0.0398637387832216,0.0365245489546135,-0.1461323913914982
2025-06-11,MNDY,short,default,filtered_out,41.08,0.2376,41.9,False,-0.0454002429446472,-0.0547659263290881,-0.3667220564245784
2025-06-11,MNDY,medium,default,early_watchlist,50.27,0.159,56.54,False,-0.0454002429446472,-0.0547659263290881,-0.3667220564245784
2025-06-11,MNDY,long,default,early_watchlist,52.73,0.476,61.38,False,-0.0454002429446472,-0.0547659263290881,-0.3667220564245784
2025-07-11,MNDY,short,default,filtered_out,38.2,0.1311,36.75,False,0.0252626499823076,-0.1284915988462487,-0.337127952734798
2025-07-11,MNDY,medium,default,filtered_out,39.48,0.05,46.28,False,0.0252626499823076,-0.1284915988462487,-0.337127952734798
2025-07-11,MNDY,long,default,early_watchlist,49.32,0.2477,55.21,False,0.0252626499823076,-0.1284915988462487,-0.337127952734798
2025-08-08,MNDY,short,default,filtered_out,42.38,0.0989,36.23,False,-0.2914852029912985,-0.2312530324260349,-0.173036604300476
2025-08-08,MNDY,medium,default,filtered_out,42.74,0.05,42.95,False,-0.2914852029912985,-0.2312530324260349,-0.173036604300476
2025-08-08,MNDY,long,default,filtered_out,42.69,0.05,47.62,False,-0.2914852029912985,-0.2312530324260349,-0.173036604300476
2025-09-08,MNDY,short,default,filtered_out,44.38,0.106,41.54,False,0.0147367994824751,-0.0105936075690254,-0.2206838063174013
2025-09-08,MNDY,medium,default,filtered_out,41.94,0.05,39.5,False,0.0147367994824751,-0.0105936075690254,-0.2206838063174013
2025-09-08,MNDY,long,default,filtered_out,42.13,0.05,45.12,False,0.0147367994824751,-0.0105936075690254,-0.2206838063174013
2025-10-06,MNDY,short,default,filtered_out,43.81,0.0755,39.35,False,-0.0159546788253854,0.0872468521974483,-0.2178522490497024
2025-10-06,MNDY,medium,default,filtered_out,41.87,0.05,39.5,False,-0.0159546788253854,0.0872468521974483,-0.2178522490497024
2025-10-06,MNDY,long,default,filtered_out,42.13,0.05,45.12,False,-0.0159546788253854,0.0872468521974483,-0.2178522490497024
2025-11-03,MNDY,short,default,early_watchlist,53.28,0.0922,48.8,False,-0.1896937857330318,-0.2755459748396607,-0.4405713595379038
2025-11-03,MNDY,medium,default,early_watchlist,47.57,0.054,52.58,False,-0.1896937857330318,-0.2755459748396607,-0.4405713595379038
2025-11-03,MNDY,long,default,filtered_out,43.64,0.05,45.12,False,-0.1896937857330318,-0.2755459748396607,-0.4405713595379038
2025-12-02,MNDY,short,default,filtered_out,43.0,0.0744,36.82,False,0.0936069167697781,-0.0069987113203575,-0.5223418543637979
2025-12-02,MNDY,medium,default,filtered_out,41.87,0.05,39.5,False,0.0936069167697781,-0.0069987113203575,-0.5223418543637979
2025-12-02,MNDY,long,default,filtered_out,42.06,0.05,45.12,False,0.0936069167697781,-0.0069987113203575,-0.5223418543637979
2025-12-31,MNDY,short,default,filtered_out,42.63,0.0726,36.2,False,0.0007454636227401,-0.2223502175483935,-0.5399837464319293
2025-12-31,MNDY,medium,default,filtered_out,41.71,0.05,39.5,False,0.0007454636227401,-0.2223502175483935,-0.5399837464319293
2025-12-31,MNDY,long,default,filtered_out,41.96,0.05,45.12,False,0.0007454636227401,-0.2223502175483935,-0.5399837464319293
2026-01-30,MNDY,short,default,filtered_out,42.22,0.0707,35.13,False,-0.1459694989106753,-0.3814378792424088,-0.4139433551198257
2026-01-30,MNDY,medium,default,filtered_out,41.82,0.05,40.07,False,-0.1459694989106753,-0.3814378792424088,-0.4139433551198257
2026-01-30,MNDY,long,default,filtered_out,42.15,0.05,45.92,False,-0.1459694989106753,-0.3814378792424088,-0.4139433551198257
2026-03-02,MNDY,short,default,filtered_out,42.58,0.0724,35.72,False,0.1420117459134426,-0.0436743583671979,0.0766412306950155
2026-03-02,MNDY,medium,default,filtered_out,41.8,0.05,39.5,False,0.1420117459134426,-0.0436743583671979,0.0766412306950155
2026-03-02,MNDY,long,default,filtered_out,42.06,0.05,45.12,False,0.1420117459134426,-0.0436743583671979,0.0766412306950155
2026-03-30,MNDY,short,default,filtered_out,42.06,0.0555,34.5,False,-0.0172362730743392,-0.0092810441795686,-0.0116381989907573
2026-03-30,MNDY,medium,default,filtered_out,41.64,0.05,39.5,False,-0.0172362730743392,-0.0092810441795686,-0.0116381989907573
2026-03-30,MNDY,long,default,filtered_out,41.83,0.05,45.12,False,-0.0172362730743392,-0.0092810441795686,-0.0116381989907573
2025-03-17,ASAN,short,default,filtered_out,41.02,0.3355,34.5,False,0.0725461930048194,0.1059743760063689,0.0056898948306174
2025-03-17,ASAN,medium,default,filtered_out,40.2,0.145,39.5,False,0.0725461930048194,0.1059743760063689,0.0056898948306174
2025-03-17,ASAN,long,default,filtered_out,41.44,0.05,48.89,False,0.0725461930048194,0.1059743760063689,0.0056898948306174
2025-04-14,ASAN,short,default,early_watchlist,48.13,0.3488,52.57,False,-0.0688103302491321,0.1723472230629479,-0.1073955019813427
2025-04-14,ASAN,medium,default,filtered_out,44.28,0.1539,48.1,False,-0.0688103302491321,0.1723472230629479,-0.1073955019813427
2025-04-14,ASAN,long,default,filtered_out,42.06,0.05,46.64,False,-0.0688103302491321,0.1723472230629479,-0.1073955019813427
2025-05-13,ASAN,short,default,early_watchlist,59.53,0.4423,66.7,False,-0.0224903926334281,-0.224355419726568,-0.2572682226084117
2025-05-13,ASAN,medium,default,early_watchlist,48.96,0.1693,58.8,False,-0.0224903926334281,-0.224355419726568,-0.2572682226084117
2025-05-13,ASAN,long,default,filtered_out,42.84,0.05,45.21,False,-0.0224903926334281,-0.224355419726568,-0.2572682226084117
2025-06-11,ASAN,short,default,filtered_out,41.0,0.2645,34.5,False,-0.060113179691054,-0.0183875687813978,-0.0261668936757702
2025-06-11,ASAN,medium,default,filtered_out,41.51,0.0904,44.5,False,-0.060113179691054,-0.0183875687813978,-0.0261668936757702
2025-06-11,ASAN,long,default,filtered_out,40.47,0.05,45.66,False,-0.060113179691054,-0.0183875687813978,-0.0261668936757702
2025-07-11,ASAN,short,default,filtered_out,41.85,0.2687,36.72,False,0.0814121113201757,-0.0244956880248257,0.0518732176579532
2025-07-11,ASAN,medium,default,filtered_out,40.04,0.0888,39.5,False,0.0814121113201757,-0.0244956880248257,0.0518732176579532
2025-07-11,ASAN,long,default,filtered_out,40.36,0.05,45.12,False,0.0814121113201757,-0.0244956880248257,0.0518732176579532
2025-08-08,ASAN,short,default,filtered_out,43.08,0.2412,37.78,False,0.0228951566093116,0.0169867427295891,0.0361890526217627
2025-08-08,ASAN,medium,default,filtered_out,41.17,0.0903,40.12,False,0.0228951566093116,0.0169867427295891,0.0361890526217627
2025-08-08,ASAN,long,default,filtered_out,41.46,0.05,45.64,False,0.0228951566093116,0.0169867427295891,0.0361890526217627
2025-09-08,ASAN,short,default,filtered_out,42.03,0.2394,34.5,False,-0.0268700673154145,0.0602759546923683,-0.0275962310681456
2025-09-08,ASAN,medium,default,filtered_out,41.38,0.0908,40.77,False,-0.0268700673154145,0.0602759546923683,-0.0275962310681456
2025-09-08,ASAN,long,default,filtered_out,41.3,0.05,45.12,False,-0.0268700673154145,0.0602759546923683,-0.0275962310681456
2025-10-06,ASAN,short,default,early_watchlist,49.57,0.2581,52.75,False,-0.02328768107564,-0.0390411392880495,-0.0609589260321075
2025-10-06,ASAN,medium,default,early_watchlist,47.26,0.2496,50.65,False,-0.02328768107564,-0.0390411392880495,-0.0609589260321075
2025-10-06,ASAN,long,default,filtered_out,44.33,0.05,49.14,False,-0.02328768107564,-0.0390411392880495,-0.0609589260321075
2025-11-03,ASAN,short,default,filtered_out,42.53,0.2393,36.76,False,-0.0356379194238312,-0.0456164933591842,-0.2694226518114612
2025-11-03,ASAN,medium,default,filtered_out,41.08,0.0922,40.09,False,-0.0356379194238312,-0.0456164933591842,-0.2694226518114612
2025-11-03,ASAN,long,default,filtered_out,41.56,0.05,47.01,False,-0.0356379194238312,-0.0456164933591842,-0.2694226518114612
2025-12-02,ASAN,short,default,early_watchlist,50.38,0.2599,55.21,False,0.1277072437865698,0.0238984082613407,-0.4548170273666061
2025-12-02,ASAN,medium,default,filtered_out,43.91,0.05,43.1,False,0.1277072437865698,0.0238984082613407,-0.4548170273666061
2025-12-02,ASAN,long,default,filtered_out,43.78,0.05,47.62,False,0.1277072437865698,0.0238984082613407,-0.4548170273666061
2025-12-31,ASAN,short,default,filtered_out,41.83,0.2069,43.18,False,-0.0320933318132047,-0.2523705345382787,-0.5470459503378449
2025-12-31,ASAN,medium,default,early_watchlist,50.01,0.1117,42.33,False,-0.0320933318132047,-0.2523705345382787,-0.5470459503378449
2025-12-31,ASAN,long,default,filtered_out,38.26,0.05,45.12,False,-0.0320933318132047,-0.2523705345382787,-0.5470459503378449
2026-01-30,ASAN,short,default,filtered_out,41.7,0.2075,34.6,False,-0.1453658313286013,-0.2878048594405011,-0.3824390318335556
2026-01-30,ASAN,medium,default,filtered_out,40.98,0.05,39.61,False,-0.1453658313286013,-0.2878048594405011,-0.3824390318335556
2026-01-30,ASAN,long,default,filtered_out,41.04,0.05,45.4,False,-0.1453658313286013,-0.2878048594405011,-0.3824390318335556
2026-03-02,ASAN,short,default,early_watchlist,48.66,0.2289,47.57,False,0.0821917656103743,-0.1493150854942874,-0.1219178520642149
2026-03-02,ASAN,medium,default,filtered_out,44.26,0.05,41.09,False,0.0821917656103743,-0.1493150854942874,-0.1219178520642149
2026-03-02,ASAN,long,default,filtered_out,44.31,0.05,46.84,False,0.0821917656103743,-0.1493150854942874,-0.1219178520642149
2026-03-30,ASAN,short,default,filtered_out,41.6,0.206,34.5,False,-0.0016103428052184,0.0193236529503935,0.0289854794255901
2026-03-30,ASAN,medium,default,filtered_out,40.88,0.05,39.5,False,-0.0016103428052184,0.0193236529503935,0.0289854794255901
2026-03-30,ASAN,long,default,filtered_out,40.89,0.05,45.12,False,-0.0016103428052184,0.0193236529503935,0.0289854794255901
2025-12-01,CRWV,short,default,early_watchlist,45.24,0.5142,42.05,False,0.1191279599794383,-0.0410069573427133,0.0324422538178654
2025-12-01,CRWV,medium,default,filtered_out,38.82,0.05,39.5,False,0.1191279599794383,-0.0410069573427133,0.0324422538178654
2025-12-01,CRWV,long,default,filtered_out,40.61,0.05,45.12,False,0.1191279599794383,-0.0410069573427133,0.0324422538178654
2025-12-30,CRWV,short,default,filtered_out,43.45,0.5136,36.2,False,0.044384285677562,0.3468199827363014,0.0123138838149574
2025-12-30,CRWV,medium,default,filtered_out,38.82,0.05,39.5,False,0.044384285677562,0.3468199827363014,0.0123138838149574
2025-12-30,CRWV,long,default,filtered_out,40.61,0.05,45.12,False,0.044384285677562,0.3468199827363014,0.0123138838149574
2026-01-29,CRWV,short,default,early_watchlist,59.17,0.3908,62.13,False,-0.2499748574154833,-0.2006430369298574,0.1258916802267984
2026-01-29,CRWV,medium,default,early_watchlist,48.26,0.05,57.65,False,-0.2499748574154833,-0.2006430369298574,0.1258916802267984
2026-01-29,CRWV,long,default,filtered_out,44.3,0.05,45.25,False,-0.2499748574154833,-0.2006430369298574,0.1258916802267984
2026-02-27,CRWV,short,default,filtered_out,44.93,0.4883,39.3,False,-0.0825791842186218,-0.0597033703589766,0.3309452317625245
2026-02-27,CRWV,medium,default,filtered_out,41.7,0.05,48.5,False,-0.0825791842186218,-0.0597033703589766,0.3309452317625245
2026-02-27,CRWV,long,default,filtered_out,41.95,0.05,49.31,False,-0.0825791842186218,-0.0597033703589766,0.3309452317625245
2026-03-27,CRWV,short,default,filtered_out,43.48,0.4861,34.77,False,0.0819409849333476,0.4979281007304474,0.3484828304452931
2026-03-27,CRWV,medium,default,filtered_out,39.07,0.05,40.3,False,0.0819409849333476,0.4979281007304474,0.3484828304452931
2026-03-27,CRWV,long,default,filtered_out,40.82,0.05,45.77,False,0.0819409849333476,0.4979281007304474,0.3484828304452931
2025-03-17,IOT,short,default,early_watchlist,48.15,0.4204,46.5,False,0.0800822079029641,-0.0438911479634548,0.0867556762716228
2025-03-17,IOT,medium,default,filtered_out,42.56,0.05,39.5,False,0.0800822079029641,-0.0438911479634548,0.0867556762716228
2025-03-17,IOT,long,default,filtered_out,43.0,0.05,45.42,False,0.0800822079029641,-0.0438911479634548,0.0867556762716228
2025-04-14,IOT,short,default,early_watchlist,47.48,0.4161,45.23,False,-0.0477852021287751,0.2518121092111471,0.003758372876468
2025-04-14,IOT,medium,default,filtered_out,42.33,0.05,39.5,False,-0.0477852021287751,0.2518121092111471,0.003758372876468
2025-04-14,IOT,long,default,filtered_out,42.67,0.05,45.12,False,-0.0477852021287751,0.2518121092111471,0.003758372876468
2025-05-13,IOT,short,default,early_watchlist,60.47,0.3811,65.7,False,0.0145828927643056,-0.092000875343337,-0.2764314624573832
2025-05-13,IOT,medium,default,early_watchlist,49.35,0.05,57.5,False,0.0145828927643056,-0.092000875343337,-0.2764314624573832
2025-05-13,IOT,long,default,early_watchlist,45.07,0.05,48.71,False,0.0145828927643056,-0.092000875343337,-0.2764314624573832
2025-06-11,IOT,short,default,filtered_out,43.52,0.3079,39.27,False,-0.0862069322797537,-0.1169107403188542,-0.0191308779020282
2025-06-11,IOT,medium,default,filtered_out,43.47,0.05,48.11,False,-0.0862069322797537,-0.1169107403188542,-0.0191308779020282
2025-06-11,IOT,long,default,early_watchlist,45.26,0.201,52.41,False,-0.0862069322797537,-0.1169107403188542,-0.0191308779020282
2025-07-11,IOT,short,default,filtered_out,42.32,0.3118,34.5,False,0.0494785322015955,-0.0976196247864116,0.0719444366225634
2025-07-11,IOT,medium,default,filtered_out,41.62,0.05,41.36,False,0.0494785322015955,-0.0976196247864116,0.0719444366225634
2025-07-11,IOT,long,default,filtered_out,41.92,0.0885,45.32,False,0.0494785322015955,-0.0976196247864116,0.0719444366225634
2025-08-08,IOT,short,default,filtered_out,43.08,0.3072,34.75,False,-0.0062241520071988,0.2308831272466038,0.200059266870396
2025-08-08,IOT,medium,default,filtered_out,41.92,0.05,40.13,False,-0.0062241520071988,0.2308831272466038,0.200059266870396
2025-08-08,IOT,long,default,filtered_out,42.54,0.05,45.12,False,-0.0062241520071988,0.2308831272466038,0.200059266870396
2025-09-08,IOT,short,default,early_watchlist,53.41,0.3307,59.15,False,-0.0500842301347315,-0.0349144471674057,-0.0854803597738186
2025-09-08,IOT,medium,default,early_watchlist,50.5,0.05,59.09,False,-0.0500842301347315,-0.0349144471674057,-0.0854803597738186
2025-09-08,IOT,long,default,early_watchlist,46.58,0.05,49.7,False,-0.0500842301347315,-0.0349144471674057,-0.0854803597738186
2025-10-06,IOT,short,default,early_watchlist,53.66,0.3387,49.48,False,-0.0628742600458448,0.0102295366437441,-0.1155189834479455
2025-10-06,IOT,medium,default,filtered_out,43.82,0.05,47.62,False,-0.0628742600458448,0.0102295366437441,-0.1155189834479455
2025-10-06,IOT,long,default,filtered_out,44.78,0.1551,50.17,False,-0.0628742600458448,0.0102295366437441,-0.1155189834479455
2025-11-03,IOT,short,default,early_watchlist,47.16,0.05,44.69,False,-0.0163003166226862,-0.0619906651563644,-0.3072364022158594
2025-11-03,IOT,medium,default,early_watchlist,49.95,0.1044,49.65,False,-0.0163003166226862,-0.0619906651563644,-0.3072364022158594
2025-11-03,IOT,long,default,filtered_out,43.85,0.144,55.84,False,-0.0163003166226862,-0.0619906651563644,-0.3072364022158594
2025-12-02,IOT,short,default,filtered_out,44.93,0.2901,40.45,False,0.1529752881336898,-0.0666139760345005,-0.233543945202546
2025-12-02,IOT,medium,default,filtered_out,42.1,0.05,39.92,False,0.1529752881336898,-0.0666139760345005,-0.233543945202546
2025-12-02,IOT,long,default,filtered_out,43.08,0.0605,46.43,False,0.1529752881336898,-0.0666139760345005,-0.233543945202546
2025-12-31,IOT,short,default,filtered_out,43.39,0.2906,34.86,False,-0.0465444708143383,-0.2087447494109817,-0.13568409787792
2025-12-31,IOT,medium,default,filtered_out,42.74,0.05,41.2,False,-0.0465444708143383,-0.2087447494109817,-0.13568409787792
2025-12-31,IOT,long,default,filtered_out,43.12,0.0624,45.92,False,-0.0465444708143383,-0.2087447494109817,-0.13568409787792
2026-01-30,IOT,short,default,filtered_out,42.96,0.2851,34.5,False,-0.0937611134510036,0.0377897113056069,0.0456328242944952
2026-01-30,IOT,medium,default,filtered_out,41.89,0.05,39.5,False,-0.0937611134510036,0.0377897113056069,0.0456328242944952
2026-01-30,IOT,long,default,filtered_out,42.63,0.05,45.12,False,-0.0937611134510036,0.0377897113056069,0.0456328242944952
2026-03-02,IOT,short,default,early_watchlist,52.98,0.3111,57.19,False,0.173479873966913,0.0525592149507823,0.012366839417891
2026-03-02,IOT,medium,default,early_watchlist,45.56,0.05,42.33,False,0.173479873966913,0.0525592149507823,0.012366839417891
2026-03-02,IOT,long,default,early_watchlist,45.32,0.05,45.12,False,0.173479873966913,0.0525592149507823,0.012366839417891
2026-03-30,IOT,short,default,early_watchlist,47.13,0.2663,41.7,False,-0.0055483054725966,-0.0427545526121961,-0.054177541791105
2026-03-30,IOT,medium,default,early_watchlist,45.9,0.05,46.04,False,-0.0055483054725966,-0.0427545526121961,-0.054177541791105
2026-03-30,IOT,long,default,filtered_out,44.55,0.05,45.12,False,-0.0055483054725966,-0.0427545526121961,-0.054177541791105
2025-03-17,NVTS,short,default,filtered_out,42.75,0.0552,46.5,False,-0.14716984561093,-0.3433962464459889,2.003773491201815
2025-03-17,NVTS,medium,default,filtered_out,38.82,0.05,39.5,False,-0.14716984561093,-0.3433962464459889,2.003773491201815
2025-03-17,NVTS,long,default,filtered_out,40.98,0.2226,46.26,False,-0.14716984561093,-0.3433962464459889,2.003773491201815
2025-04-14,NVTS,short,default,filtered_out,38.41,0.05,34.5,False,0.0344827255463724,0.2298851110201587,2.356321908379029
2025-04-14,NVTS,medium,default,filtered_out,38.31,0.05,39.5,False,0.0344827255463724,0.2298851110201587,2.356321908379029
2025-04-14,NVTS,long,default,filtered_out,40.11,0.05,45.12,False,0.0344827255463724,0.2298851110201587,2.356321908379029
2025-05-13,NVTS,short,default,early_watchlist,53.65,0.0761,65.82,False,-0.0654206065613458,2.719626003711531,2.1121493088479695
2025-05-13,NVTS,medium,default,filtered_out,43.48,0.05,52.15,False,-0.0654206065613458,2.719626003711531,2.1121493088479695
2025-05-13,NVTS,long,default,filtered_out,41.23,0.05,45.12,False,-0.0654206065613458,2.719626003711531,2.1121493088479695
2025-06-11,NVTS,short,default,early_watchlist,54.42,0.1708,66.61,False,-0.1206030192897402,-0.2663316426381076,-0.2952261172576113
2025-06-11,NVTS,medium,default,early_watchlist,51.16,0.05,63.67,False,-0.1206030192897402,-0.2663316426381076,-0.2952261172576113
2025-06-11,NVTS,long,default,early_watchlist,51.06,0.05,63.35,False,-0.1206030192897402,-0.2663316426381076,-0.2952261172576113
2025-07-11,NVTS,short,default,filtered_out,39.57,0.0871,34.5,False,0.1626711959663496,0.1404109029793177,0.3921232708937954
2025-07-11,NVTS,medium,default,filtered_out,43.84,0.05,53.9,False,0.1626711959663496,0.1404109029793177,0.3921232708937954
2025-07-11,NVTS,long,default,early_watchlist,50.33,0.143,61.38,False,0.1626711959663496,0.1404109029793177,0.3921232708937954
2025-08-08,NVTS,short,default,filtered_out,43.11,0.0957,41.7,False,0.039039074300109,-0.1576576183114637,0.839339381480618
2025-08-08,NVTS,medium,default,early_watchlist,45.07,0.05,53.9,False,0.039039074300109,-0.1576576183114637,0.839339381480618
2025-08-08,NVTS,long,default,early_watchlist,51.56,0.05,61.38,False,0.039039074300109,-0.1576576183114637,0.839339381480618
2025-09-08,NVTS,short,default,filtered_out,39.6,0.0844,34.79,False,0.0891265575936399,0.4491978468720374,0.483065863959637
2025-09-08,NVTS,medium,default,filtered_out,39.44,0.05,39.51,False,0.0891265575936399,0.4491978468720374,0.483065863959637
2025-09-08,NVTS,long,default,filtered_out,42.69,0.05,50.69,False,0.0891265575936399,0.4491978468720374,0.483065863959637
2025-10-06,NVTS,short,default,early_watchlist,56.65,0.1147,66.31,False,0.2263222788053334,0.5067650464408886,-0.1217712464968892
2025-10-06,NVTS,medium,default,early_watchlist,48.28,0.05,58.58,False,0.2263222788053334,0.5067650464408886,-0.1217712464968892
2025-10-06,NVTS,long,default,early_watchlist,53.48,0.05,62.84,False,0.2263222788053334,0.5067650464408886,-0.1217712464968892
2025-11-03,NVTS,short,default,early_watchlist,45.66,0.2067,41.7,False,-0.216326499471859,-0.3208163514429208,-0.2995918429627711
2025-11-03,NVTS,medium,default,early_watchlist,55.71,0.1737,62.9,False,-0.216326499471859,-0.3208163514429208,-0.2995918429627711
2025-11-03,NVTS,long,default,early_watchlist,55.21,0.1603,61.38,False,-0.216326499471859,-0.3208163514429208,-0.2995918429627711
2025-12-02,NVTS,short,default,filtered_out,38.79,0.1811,34.86,False,0.1021635111355234,-0.141826907646726,0.1478366034887974
2025-12-02,NVTS,medium,default,filtered_out,41.13,0.0856,44.9,False,0.1021635111355234,-0.141826907646726,0.1478366034887974
2025-12-02,NVTS,long,default,early_watchlist,53.3,0.1872,54.79,False,0.1021635111355234,-0.141826907646726,0.1478366034887974
2025-12-31,NVTS,short,default,filtered_out,42.0,0.1941,34.5,False,0.4089636705509305,0.2016806840543046,0.096638665283349
2025-12-31,NVTS,medium,default,filtered_out,42.72,0.0957,39.5,False,0.4089636705509305,0.2016806840543046,0.096638665283349
2025-12-31,NVTS,long,default,early_watchlist,45.08,0.1819,46.54,False,0.4089636705509305,0.2016806840543046,0.096638665283349
2026-01-30,NVTS,short,default,filtered_out,44.41,0.163,41.7,False,0.0326340018019777,0.1130536451811325,0.7622377645695984
2026-01-30,NVTS,medium,default,early_watchlist,45.83,0.1034,48.5,False,0.0326340018019777,0.1130536451811325,0.7622377645695984
2026-01-30,NVTS,long,default,early_watchlist,47.38,0.3378,48.88,False,0.0326340018019777,0.1130536451811325,0.7622377645695984
2026-03-02,NVTS,short,default,early_watchlist,46.23,0.157,58.5,False,-0.1225130945472698,-0.1801047364059221,2.0240836213579505
2026-03-02,NVTS,medium,default,early_watchlist,50.5,0.1167,55.35,False,-0.1225130945472698,-0.1801047364059221,2.0240836213579505
2026-03-02,NVTS,long,default,early_watchlist,55.75,0.5036,54.46,False,-0.1225130945472698,-0.1801047364059221,2.0240836213579505
2026-03-30,NVTS,short,default,filtered_out,43.24,0.1418,38.54,False,0.094508273094326,0.931034486958534,1.260536517931635
2026-03-30,NVTS,medium,default,filtered_out,44.49,0.086,42.74,False,0.094508273094326,0.931034486958534,1.260536517931635
2026-03-30,NVTS,long,default,early_watchlist,46.68,0.1775,50.72,False,0.094508273094326,0.931034486958534,1.260536517931635
2025-03-17,CSCO,short,default,filtered_out,34.9,0.435,34.5,False,0.0013139212249535,-0.050857345094231,0.0612344668432247
2025-03-17,CSCO,medium,default,filtered_out,37.51,0.441,42.66,False,0.0013139212249535,-0.050857345094231,0.0612344668432247
2025-03-17,CSCO,long,default,early_watchlist,48.45,0.4659,51.66,False,0.0013139212249535,-0.050857345094231,0.0612344668432247
2025-04-14,CSCO,short,default,filtered_out,39.99,0.4538,40.02,False,-0.0412819160811143,0.076119140451226,0.190709382101067
2025-04-14,CSCO,medium,default,filtered_out,39.82,0.4534,39.5,False,-0.0412819160811143,0.076119140451226,0.190709382101067
2025-04-14,CSCO,long,default,filtered_out,41.85,0.458,45.85,False,-0.0412819160811143,0.076119140451226,0.190709382101067
2025-05-13,CSCO,short,default,early_watchlist,48.64,0.4741,50.41,False,0.0265458076021301,0.0390094541109871,0.1690145283352278
2025-05-13,CSCO,medium,default,filtered_out,43.08,0.4614,49.48,False,0.0265458076021301,0.0390094541109871,0.1690145283352278
2025-05-13,CSCO,long,default,filtered_out,42.35,0.4597,47.2,False,0.0265458076021301,0.0390094541109871,0.1690145283352278
2025-06-11,CSCO,short,default,filtered_out,37.37,0.2462,41.54,False,0.025704637196491,0.0649419138358715,0.0481722811468836
2025-06-11,CSCO,medium,default,early_watchlist,47.41,0.4641,50.59,False,0.025704637196491,0.0649419138358715,0.0481722811468836
2025-06-11,CSCO,long,default,early_watchlist,49.21,0.4682,53.21,False,0.025704637196491,0.0649419138358715,0.0481722811468836
2025-07-11,CSCO,short,default,filtered_out,37.07,0.2438,40.63,False,0.0014716355175639,0.0565121332858717,0.0202517492647553
2025-07-11,CSCO,medium,default,early_watchlist,48.91,0.4675,55.01,False,0.0014716355175639,0.0565121332858717,0.0202517492647553
2025-07-11,CSCO,long,default,early_watchlist,51.2,0.4727,59.18,False,0.0014716355175639,0.0565121332858717,0.0202517492647553
2025-08-08,CSCO,short,default,filtered_out,42.27,0.2586,50.25,False,-0.0778662277361886,-0.0683940333918661,0.043314445785187
2025-08-08,CSCO,medium,default,early_watchlist,51.94,0.4776,57.79,False,-0.0778662277361886,-0.0683940333918661,0.043314445785187
2025-08-08,CSCO,long,default,early_watchlist,53.96,0.4822,60.82,False,-0.0778662277361886,-0.0683940333918661,0.043314445785187
2025-09-08,CSCO,short,default,filtered_out,36.11,0.2417,34.5,False,0.0020932055760285,0.0365746833789324,0.1563123998415045
2025-09-08,CSCO,medium,default,filtered_out,38.2,0.4431,41.48,False,0.0020932055760285,0.0365746833789324,0.1563123998415045
2025-09-08,CSCO,long,default,early_watchlist,49.95,0.4698,51.75,False,0.0020932055760285,0.0365746833789324,0.1563123998415045
2025-10-06,CSCO,short,default,filtered_out,44.56,0.2605,40.79,False,-0.02104224759772,0.080394492436626,0.1178346095469344
2025-10-06,CSCO,medium,default,filtered_out,39.13,0.4452,44.4,False,-0.02104224759772,0.080394492436626,0.1178346095469344
2025-10-06,CSCO,long,default,early_watchlist,49.83,0.4696,51.2,False,-0.02104224759772,0.080394492436626,0.1178346095469344
2025-11-03,CSCO,short,default,early_watchlist,46.78,0.2655,50.91,False,-0.0316991606847022,0.0325051429194065,0.0576103666449783
2025-11-03,CSCO,medium,default,early_watchlist,56.38,0.7592,55.42,False,-0.0316991606847022,0.0325051429194065,0.0576103666449783
2025-11-03,CSCO,long,default,early_watchlist,51.11,0.4725,55.41,False,-0.0316991606847022,0.0325051429194065,0.0576103666449783
2025-12-02,CSCO,short,default,early_watchlist,53.11,0.2907,42.77,False,0.0343437506765624,0.0020813204285894,0.0387013422497775
2025-12-02,CSCO,medium,default,early_watchlist,61.94,0.5938,53.17,False,0.0343437506765624,0.0020813204285894,0.0387013422497775
2025-12-02,CSCO,long,default,early_watchlist,60.33,0.3173,59.43,False,0.0343437506765624,0.0020813204285894,0.0387013422497775
2025-12-31,CSCO,short,default,filtered_out,39.34,0.4629,35.44,False,-0.0347167790932396,0.022187366099027,0.0054815490991002
2025-12-31,CSCO,medium,default,early_watchlist,56.1,0.5755,46.7,False,-0.0347167790932396,0.022187366099027,0.0054815490991002
2025-12-31,CSCO,long,default,early_watchlist,52.48,0.2977,58.0,False,-0.0347167790932396,0.022187366099027,0.0054815490991002
2026-01-30,CSCO,short,default,filtered_out,42.55,0.4699,45.46,False,0.0829929359284771,0.0140449750245252,0.1150493910891659
2026-01-30,CSCO,medium,default,early_watchlist,55.29,0.7824,46.52,False,0.0829929359284771,0.0140449750245252,0.1150493910891659
2026-01-30,CSCO,long,default,early_watchlist,56.87,0.7187,55.12,False,0.0829929359284771,0.0140449750245252,0.1150493910891659
2026-03-02,CSCO,short,default,filtered_out,37.93,0.2421,38.68,False,-0.0404180417209926,-0.0299672895334359,0.514964110197462
2026-03-02,CSCO,medium,default,early_watchlist,51.32,0.5863,44.25,False,-0.0404180417209926,-0.0299672895334359,0.514964110197462
2026-03-02,CSCO,long,default,early_watchlist,52.01,0.138,52.95,False,-0.0404180417209926,-0.0299672895334359,0.514964110197462
2026-03-30,CSCO,short,default,filtered_out,40.25,0.2185,35.32,False,0.0529229008429299,0.1335756495671118,0.552630624250632
2026-03-30,CSCO,medium,default,filtered_out,44.19,0.3983,41.13,False,0.0529229008429299,0.1335756495671118,0.552630624250632
2026-03-30,CSCO,long,default,early_watchlist,45.18,0.1306,47.19,False,0.0529229008429299,0.1335756495671118,0.552630624250632
2025-03-17,IBM,short,default,filtered_out,35.21,0.1919,34.5,False,-0.0178677381605357,-0.0549867333635232,0.1202647000360186
2025-03-17,IBM,medium,default,filtered_out,39.36,0.2282,48.49,False,-0.0178677381605357,-0.0549867333635232,0.1202647000360186
2025-03-17,IBM,long,default,early_watchlist,50.76,0.4711,58.9,False,-0.0178677381605357,-0.0549867333635232,0.1202647000360186
2025-04-14,IBM,short,default,filtered_out,37.09,0.196,40.38,False,0.0076967009554254,0.0888931399396639,0.1941652944287943
2025-04-14,IBM,medium,default,filtered_out,37.12,0.05,42.48,False,0.0076967009554254,0.0888931399396639,0.1941652944287943
2025-04-14,IBM,long,default,early_watchlist,52.03,0.474,51.81,False,0.0076967009554254,0.0888931399396639,0.1941652944287943
2025-05-13,IBM,short,default,early_watchlist,49.06,0.2293,51.4,False,0.0323293260671122,0.0886730803259874,-0.056777115615557
2025-05-13,IBM,medium,default,filtered_out,43.48,0.05,51.98,False,0.0323293260671122,0.0886730803259874,-0.056777115615557
2025-05-13,IBM,long,default,filtered_out,43.61,0.4621,51.34,False,0.0323293260671122,0.0886730803259874,-0.056777115615557
2025-06-11,IBM,short,default,early_watchlist,48.47,0.2234,54.27,False,0.0060031424861661,0.00735303518515,-0.0841806294733539
2025-06-11,IBM,medium,default,early_watchlist,49.58,0.05,59.28,False,0.0060031424861661,0.00735303518515,-0.0841806294733539
2025-06-11,IBM,long,default,early_watchlist,52.75,0.4781,61.18,False,0.0060031424861661,0.00735303518515,-0.0841806294733539
2025-07-11,IBM,short,default,filtered_out,38.47,0.2029,40.96,False,0.0080396842354337,-0.1399273341538527,0.0274580043015462
2025-07-11,IBM,medium,default,early_watchlist,47.93,0.05,49.82,False,0.0080396842354337,-0.1399273341538527,0.0274580043015462
2025-07-11,IBM,long,default,early_watchlist,52.68,0.4792,60.43,False,0.0080396842354337,-0.1399273341538527,0.0274580043015462
2025-08-08,IBM,short,default,filtered_out,39.88,0.21,35.37,False,-0.0105254594266062,0.0570437927660347,0.2578116173031723
2025-08-08,IBM,medium,default,filtered_out,41.25,0.05,41.67,False,-0.0105254594266062,0.0570437927660347,0.2578116173031723
2025-08-08,IBM,long,default,filtered_out,42.91,0.24,46.7,False,-0.0105254594266062,0.0570437927660347,0.2578116173031723
2025-09-08,IBM,short,default,filtered_out,44.58,0.2202,50.05,False,0.0005857287108554,0.1301496479193824,0.1849112156668895
2025-09-08,IBM,medium,default,filtered_out,42.57,0.05,45.8,False,0.0005857287108554,0.1301496479193824,0.1849112156668895
2025-09-08,IBM,long,default,filtered_out,43.15,0.2539,46.4,False,0.0005857287108554,0.1301496479193824,0.1849112156668895
2025-10-06,IBM,short,default,early_watchlist,49.05,0.3913,53.28,False,-0.0421533487086565,0.0528988886135495,0.0291035512012549
2025-10-06,IBM,medium,default,filtered_out,42.99,0.05,57.5,False,-0.0421533487086565,0.0528988886135495,0.0291035512012549
2025-10-06,IBM,long,default,early_watchlist,58.35,0.7909,53.97,False,-0.0421533487086565,0.0528988886135495,0.0291035512012549
2025-11-03,IBM,short,default,filtered_out,41.22,0.3326,44.77,False,0.0200321417739308,-0.0042204824081785,0.0120139393240106
2025-11-03,IBM,medium,default,early_watchlist,48.76,0.05,57.87,False,0.0200321417739308,-0.0042204824081785,0.0120139393240106
2025-11-03,IBM,long,default,early_watchlist,60.06,0.8027,59.24,False,0.0200321417739308,-0.0042204824081785,0.0120139393240106
2025-12-02,IBM,short,default,filtered_out,37.96,0.3007,34.82,False,0.0288289096815259,-0.0184572475262597,-0.2022839355722624
2025-12-02,IBM,medium,default,filtered_out,39.78,0.05,47.45,False,0.0288289096815259,-0.0184572475262597,-0.2022839355722624
2025-12-02,IBM,long,default,early_watchlist,60.16,0.8035,58.67,False,0.0288289096815259,-0.0184572475262597,-0.2022839355722624
2025-12-31,IBM,short,default,filtered_out,38.2,0.3076,35.23,False,0.0219776927895118,0.0354141240032401,-0.1944813039673951
2025-12-31,IBM,medium,default,filtered_out,38.47,0.05,43.15,False,0.0219776927895118,0.0354141240032401,-0.1944813039673951
2025-12-31,IBM,long,default,early_watchlist,58.36,0.7995,52.15,False,0.0219776927895118,0.0354141240032401,-0.1944813039673951
2026-01-30,IBM,short,default,filtered_out,40.48,0.3097,42.58,False,-0.0253342755414336,-0.2150806555671595,-0.2358373924894858
2026-01-30,IBM,medium,default,filtered_out,38.85,0.05,44.55,False,-0.0253342755414336,-0.2150806555671595,-0.2358373924894858
2026-01-30,IBM,long,default,early_watchlist,58.15,0.799,52.53,False,-0.0253342755414336,-0.2150806555671595,-0.2358373924894858
2026-03-02,IBM,short,default,filtered_out,43.43,0.3204,41.67,False,0.0583197417383982,-0.0088565677311573,0.0739786461429354
2026-03-02,IBM,medium,default,filtered_out,40.48,0.05,39.5,False,0.0583197417383982,-0.0088565677311573,0.0739786461429354
2026-03-02,IBM,long,default,early_watchlist,50.72,0.7891,45.12,False,0.0583197417383982,-0.0088565677311573,0.0739786461429354
2026-03-30,IBM,short,default,filtered_out,41.22,0.3184,34.53,False,0.0329610667208473,-0.0177450123150155,0.0966105459242274
2026-03-30,IBM,medium,default,filtered_out,40.55,0.05,39.5,False,0.0329610667208473,-0.0177450123150155,0.0966105459242274
2026-03-30,IBM,long,default,early_watchlist,50.78,0.7898,45.12,False,0.0329610667208473,-0.0177450123150155,0.0966105459242274
2025-03-17,ACN,short,default,filtered_out,38.3,0.4505,34.54,False,-0.0568910094667843,-0.1058701905381219,-0.0150656881969474
2025-03-17,ACN,medium,default,filtered_out,39.99,0.4544,39.83,False,-0.0568910094667843,-0.1058701905381219,-0.0150656881969474
2025-03-17,ACN,long,default,filtered_out,41.75,0.4578,45.53,False,-0.0568910094667843,-0.1058701905381219,-0.0150656881969474
2025-04-14,ACN,short,default,filtered_out,38.95,0.4515,36.78,False,-0.0201180365295817,0.1129783149625418,-0.0252745465127181
2025-04-14,ACN,medium,default,filtered_out,39.82,0.4534,39.5,False,-0.0201180365295817,0.1129783149625418,-0.0252745465127181
2025-04-14,ACN,long,default,filtered_out,41.62,0.4575,45.12,False,-0.0201180365295817,0.1129783149625418,-0.0252745465127181
2025-05-13,ACN,short,default,early_watchlist,49.54,0.4748,54.25,False,-0.0072861864580486,-0.0102625802814976,-0.2546543761180402
2025-05-13,ACN,medium,default,filtered_out,44.0,0.4622,52.83,False,-0.0072861864580486,-0.0102625802814976,-0.2546543761180402
2025-05-13,ACN,long,default,filtered_out,41.54,0.4566,45.12,False,-0.0072861864580486,-0.0102625802814976,-0.2546543761180402
2025-06-11,ACN,short,default,early_watchlist,45.46,0.4543,38.09,False,-0.0402229809547969,-0.1151378588803825,-0.1953881451864929
2025-06-11,ACN,medium,default,filtered_out,36.37,0.4337,43.73,False,-0.0402229809547969,-0.1151378588803825,-0.1953881451864929
2025-06-11,ACN,long,default,filtered_out,36.82,0.4347,45.12,False,-0.0402229809547969,-0.1151378588803825,-0.1953881451864929
2025-07-11,ACN,short,default,filtered_out,39.02,0.4522,36.8,False,0.0049100021332417,-0.1489362326951154,-0.1170213296467961
2025-07-11,ACN,medium,default,filtered_out,40.66,0.4559,41.94,False,0.0049100021332417,-0.1489362326951154,-0.1170213296467961
2025-07-11,ACN,long,default,filtered_out,42.03,0.459,46.22,False,0.0049100021332417,-0.1489362326951154,-0.1170213296467961
2025-08-08,ACN,short,default,filtered_out,39.28,0.4528,34.5,False,0.0326504402657317,0.0684364884446644,0.0386287467444841
2025-08-08,ACN,medium,default,filtered_out,40.88,0.4564,39.5,False,0.0326504402657317,0.0684364884446644,0.0386287467444841
2025-08-08,ACN,long,default,filtered_out,42.68,0.4605,45.12,False,0.0326504402657317,0.0684364884446644,0.0386287467444841
2025-09-08,ACN,short,default,filtered_out,40.16,0.4535,37.71,False,-0.0692569831023531,-0.0289549027427865,0.0213248357109756
2025-09-08,ACN,medium,default,filtered_out,42.62,0.4591,45.38,False,-0.0692569831023531,-0.0289549027427865,0.0213248357109756
2025-09-08,ACN,long,default,filtered_out,42.59,0.459,45.28,False,-0.0692569831023531,-0.0289549027427865,0.0213248357109756
2025-10-06,ACN,short,default,filtered_out,40.46,0.4554,38.18,False,-0.0185759763148003,0.0010879353200268,0.081113776686168
2025-10-06,ACN,medium,default,filtered_out,40.88,0.4564,39.5,False,-0.0185759763148003,0.0010879353200268,0.081113776686168
2025-10-06,ACN,long,default,filtered_out,42.68,0.4605,45.12,False,-0.0185759763148003,0.0010879353200268,0.081113776686168
2025-11-03,ACN,short,default,filtered_out,40.4,0.4553,37.99,False,-0.015657655440563,0.0506359702143048,0.0611819311783274
2025-11-03,ACN,medium,default,filtered_out,41.14,0.457,40.3,False,-0.015657655440563,0.0506359702143048,0.0611819311783274
2025-11-03,ACN,long,default,filtered_out,43.33,0.462,47.14,False,-0.015657655440563,0.0506359702143048,0.0611819311783274
2025-12-02,ACN,short,default,filtered_out,44.17,0.4626,50.23,False,0.0326029316935729,0.0278906335392579,-0.2110566282421436
2025-12-02,ACN,medium,default,filtered_out,44.18,0.4626,50.25,False,0.0326029316935729,0.0278906335392579,-0.2110566282421436
2025-12-02,ACN,long,default,filtered_out,43.92,0.462,49.46,False,0.0326029316935729,0.0278906335392579,-0.2110566282421436
2025-12-31,ACN,short,default,filtered_out,37.9,0.05,40.75,False,0.050391292370562,-0.0173685218048867,-0.2636973805996113
2025-12-31,ACN,medium,default,early_watchlist,48.36,0.247,50.49,False,0.050391292370562,-0.0173685218048867,-0.2636973805996113
2025-12-31,ACN,long,default,early_watchlist,50.34,0.4707,53.52,False,0.050391292370562,-0.0173685218048867,-0.2636973805996113
2026-01-30,ACN,short,default,filtered_out,36.91,0.05,36.69,False,-0.0873161682181602,-0.2188970990953782,-0.3200676658792241
2026-01-30,ACN,medium,default,filtered_out,39.15,0.2249,45.14,False,-0.0873161682181602,-0.2188970990953782,-0.3200676658792241
2026-01-30,ACN,long,default,early_watchlist,49.64,0.4686,52.23,False,-0.0873161682181602,-0.2188970990953782,-0.3200676658792241
2026-03-02,ACN,short,default,filtered_out,40.28,0.05,36.86,False,0.0166561536906595,-0.0406934223355504,-0.1363298428135522
2026-03-02,ACN,medium,default,filtered_out,40.47,0.05,39.5,False,0.0166561536906595,-0.0406934223355504,-0.1363298428135522
2026-03-02,ACN,long,default,filtered_out,42.69,0.46,45.36,False,0.0166561536906595,-0.0406934223355504,-0.1363298428135522
2026-03-30,ACN,short,default,filtered_out,39.53,0.05,34.5,False,-0.0012654867019443,-0.0925973954923037,-0.3576967968594676
2026-03-30,ACN,medium,default,filtered_out,40.47,0.05,39.5,False,-0.0012654867019443,-0.0925973954923037,-0.3576967968594676
2026-03-30,ACN,long,default,filtered_out,42.62,0.4598,45.12,False,-0.0012654867019443,-0.0925973954923037,-0.3576967968594676
2025-03-17,GLW,short,default,filtered_out,39.53,0.05,39.02,False,0.064660609244106,-0.1120358893555539,0.0826789433902801
2025-03-17,GLW,medium,default,filtered_out,40.33,0.05,40.66,False,0.064660609244106,-0.1120358893555539,0.0826789433902801
2025-03-17,GLW,long,default,filtered_out,42.14,0.458,47.0,False,0.064660609244106,-0.1120358893555539,0.0826789433902801
2025-04-14,GLW,short,default,filtered_out,39.56,0.05,39.55,False,0.0033645895312615,0.1444364228653403,0.2470757895694368
2025-04-14,GLW,medium,default,filtered_out,39.82,0.05,39.5,False,0.0033645895312615,0.1444364228653403,0.2470757895694368
2025-04-14,GLW,long,default,filtered_out,41.17,0.05,45.12,False,0.0033645895312615,0.1444364228653403,0.2470757895694368
2025-05-13,GLW,short,default,early_watchlist,50.39,0.05,57.85,False,0.0075598331377029,0.065399788437384,0.3889265725919646
2025-05-13,GLW,medium,default,filtered_out,44.53,0.05,54.52,False,0.0075598331377029,0.065399788437384,0.3889265725919646
2025-05-13,GLW,long,default,filtered_out,41.17,0.05,45.62,False,0.0075598331377029,0.065399788437384,0.3889265725919646
2025-06-11,GLW,short,default,filtered_out,41.39,0.462,44.62,False,0.0007929119951004,0.0227949394893411,0.4359618650072869
2025-06-11,GLW,medium,default,early_watchlist,48.49,0.05,56.0,False,0.0007929119951004,0.0227949394893411,0.4359618650072869
2025-06-11,GLW,long,default,early_watchlist,49.54,0.05,54.12,False,0.0007929119951004,0.0227949394893411,0.4359618650072869
2025-07-11,GLW,short,default,filtered_out,38.79,0.4531,37.35,False,0.0467053028822457,0.2746123143875372,0.6606215151828818
2025-07-11,GLW,medium,default,early_watchlist,47.81,0.05,50.67,False,0.0467053028822457,0.2746123143875372,0.6606215151828818
2025-07-11,GLW,long,default,early_watchlist,50.29,0.05,56.89,False,0.0467053028822457,0.2746123143875372,0.6606215151828818
2025-08-08,GLW,short,default,early_watchlist,58.91,0.671,59.7,False,-0.0050174795591007,0.1014790107499494,0.3358201437743722
2025-08-08,GLW,medium,default,early_watchlist,58.7,0.5117,62.9,False,-0.0050174795591007,0.1014790107499494,0.3358201437743722
2025-08-08,GLW,long,default,early_watchlist,58.71,0.481,60.94,False,-0.0050174795591007,0.1014790107499494,0.3358201437743722
2025-09-08,GLW,short,default,early_watchlist,68.19,0.6212,62.02,False,0.0808040039434712,0.1828136411739278,0.1641797814056387
2025-09-08,GLW,medium,default,early_watchlist,70.15,0.6313,65.11,False,0.0808040039434712,0.1828136411739278,0.1641797814056387
2025-09-08,GLW,long,default,early_watchlist,71.22,0.6645,63.88,False,0.0808040039434712,0.1828136411739278,0.1641797814056387
2025-10-06,GLW,short,default,early_watchlist,59.58,0.7025,57.59,False,0.0018748209361034,0.0253105776930961,0.0295136005752008
2025-10-06,GLW,medium,default,early_watchlist,58.3,0.743,62.9,False,0.0018748209361034,0.0253105776930961,0.0295136005752008
2025-10-06,GLW,long,default,early_watchlist,59.65,0.8059,61.38,False,0.0018748209361034,0.0253105776930961,0.0295136005752008
2025-11-03,GLW,short,default,early_watchlist,48.8,0.6861,40.94,False,0.0121142390812161,-0.0400507134631392,0.1840253117840327
2025-11-03,GLW,medium,default,early_watchlist,60.23,0.777,55.06,False,0.0121142390812161,-0.0400507134631392,0.1840253117840327
2025-11-03,GLW,long,default,early_watchlist,64.11,0.8403,61.38,False,0.0121142390812161,-0.0400507134631392,0.1840253117840327
2025-12-02,GLW,short,default,early_watchlist,43.59,0.6594,35.89,False,0.0884003951407419,0.0459919936628232,0.8893157813586265
2025-12-02,GLW,medium,default,early_watchlist,46.88,0.6765,44.9,False,0.0884003951407419,0.0459919936628232,0.8893157813586265
2025-12-02,GLW,long,default,early_watchlist,59.9,0.6273,61.38,False,0.0884003951407419,0.0459919936628232,0.8893157813586265
2025-12-31,GLW,short,default,early_watchlist,44.73,0.5935,39.84,False,-0.0254681142353747,0.1791914897969906,0.4708764912129157
2025-12-31,GLW,medium,default,early_watchlist,57.57,0.5829,46.89,False,-0.0254681142353747,0.1791914897969906,0.4708764912129157
2025-12-31,GLW,long,default,early_watchlist,58.23,0.5909,55.6,False,-0.0254681142353747,0.1791914897969906,0.4708764912129157
2026-01-30,GLW,short,default,early_watchlist,60.38,0.4165,65.97,False,0.1831477624767179,0.5317639904381166,0.4850911980091494
2026-01-30,GLW,medium,default,early_watchlist,62.08,0.5688,63.68,False,0.1831477624767179,0.5317639904381166,0.4850911980091494
2026-01-30,GLW,long,default,near_watchlist,64.28,0.6538,63.83,False,0.1831477624767179,0.5317639904381166,0.4850911980091494
2026-03-02,GLW,short,default,early_watchlist,60.71,0.5224,63.06,False,-0.1825034093502016,-0.1856707869294318,0.2092360838635771
2026-03-02,GLW,medium,default,near_watchlist,63.57,0.6911,63.56,False,-0.1825034093502016,-0.1856707869294318,0.2092360838635771
2026-03-02,GLW,long,default,early_watchlist,63.83,0.7998,62.08,False,-0.1825034093502016,-0.1856707869294318,0.2092360838635771
2026-03-30,GLW,short,default,early_watchlist,46.69,0.4358,34.74,False,0.1553480894190884,0.1905873217272815,0.7764250553481014
2026-03-30,GLW,medium,default,early_watchlist,51.27,0.4832,46.55,False,0.1553480894190884,0.1905873217272815,0.7764250553481014
2026-03-30,GLW,long,default,early_watchlist,60.91,0.5475,61.49,False,0.1553480894190884,0.1905873217272815,0.7764250553481014
